F2EFEE
E6E3E2
ECE9E8
F5F2F1
F4F1F0
F1EEED
F0EDEC
F3F0EF
F4F1F0
F4F1F0
F4F1F0
F4F1F0
F5F2F1
EAE7E6
F2EFEE
F4F1F0
F5F2F1
F5F2F1
F4F1F0
F4F1F0
F4F1F0
F4F1F0
F4F1F0
F4F1F0
F4F1F0
F4F1F0
F4F1F0
F4F1F0
F2EFEE
F0EDEC
F2EFEE
F3F0EF
F3F0EF
F4F1F0
F4F1F0
F4F1F0
F4F1F0
F4F1F0
F1EEED
EBE8E7
EAE7E6
F2EFEE
F4F1F0
F4F1F0
F4F1F0
F5F2F1
F4F1F0
F4F1F0
F5F2F1
F5F2F1
F4F1F0
F4F1F0
F4F1F0
F4F1F0
F4F1F0
F4F1F0
F4F1F0
F4F1F0
F4F1F0
F4F1F0
F4F1F0
F4F1F0
F4F1F0
F4F1F0
F4F1F0
F4F1F0
F3F0EF
ECE9E8
F0EDEC
F5F2F1
F4F1F0
F4F1F0
F4F1F0
F4F1F0
F4F1F0
F4F1F0
F4F1F0
F4F1F0
F4F1F0
F4F1F0
F4F1F0
F4F1F0
F4F1F0
F4F1F0
F4F1F0
F4F1F0
F4F1F0
F4F1F0
F4F1F0
F4F1F0
F4F1F0
F4F1F0
F4F1F0
F4F1F0
F4F1F0
F2EFEE
EFECEB
EDEAE9
F0EDEC
F3F0EF
F4F1F0
F5F2F1
F4F1F0
F4F1F0
F4F1F0
F4F1F0
F4F1F0
F3F0EF
ECE9E8
EBE8E7
EEEBEA
F0EDEC
F2EFEE
F3F0EF
F3F0EF
F4F1F0
F4F1F0
F4F1F0
F4F1F0
F4F1F0
F4F1F0
F4F1F0
F4F1F0
F4F1F0
F0EDEC
EDEAE9
EFEAEA
E6E1E1
E2DDDD
E7E2E2
E5E0E0
EFEAEA
F6F1F1
F5F0F0
F6F0F2
F5EFF1
F4EEF0
F4EEF0
F4F0F1
F2EEEF
EFEBEC
F5F1F2
FEFCFD
FFFEFF
FEFEFE
FEFEFE
FDFFFE
FEFFFF
FFFFFF
FFFFFF
FFFFFF
FFFFFF
FFFFFF
FFFFFF
FFFFFF
FFFFFF
FFFFFF
FFFFFF
FFFFFF
FFFFFF
FFFFFF
FFFFFF
FFFFFF
FFFFFF
FFFFFF
FFFFFF
FFFFFF
FFFFFF
FFFFFF
FFFFFF
FFFFFF
FFFFFF
FFFFFF
FFFFFF
FFFFFF
FFFFFF
FFFFFF
FFFFFF
FFFFFF
FFFFFF
FFFFFF
FFFFFF
FFFFFF
FFFFFF
FFFFFF
FFFFFF
FFFFFF
FFFFFF
FFFFFF
FFFFFF
FFFFFF
FFFFFF
FFFFFF
FFFFFF
FFFFFF
FFFFFF
FFFFFF
FFFFFF
FFFFFF
FFFFFF
FFFFFF
FFFFFF
FFFFFF
FFFFFF
FFFFFF
FFFFFF
FFFFFF
FFFFFF
FFFFFF
FFFFFF
FFFFFF
FFFFFF
FFFFFF
FFFFFF
FFFFFF
FFFFFF
FFFFFF
FFFFFF
FFFFFF
FFFFFF
FFFFFF
FFFFFF
FFFFFF
FFFFFF
FFFFFF
FFFFFF
FFFFFF
FFFFFF
FFFFFF
FFFFFF
FFFFFF
FFFFFF
FFFFFF
FFFFFF
FFFFFF
FFFFFF
FFFFFF
FFFFFF
FFFFFF
FFFFFF
FFFFFF
FFFFFF
FFFFFF
FFFFFF
FFFFFF
FFFFFF
FFFFFF
FFFFFF
FFFFFF
FFFFFF
FFFFFF
FFFFFF
FFFFFF
FFFFFF
FFFFFF
FFFFFF
EFECEB
E6E3E2
F1EEED
F4F1F0
F4F1F0
F1EEED
F0EDEC
F3F0EF
F4F1F0
F4F1F0
F4F1F0
F4F1F0
F5F2F1
EBE8E7
F1EEED
F4F1F0
F5F2F1
F5F2F1
F4F1F0
F4F1F0
F4F1F0
F4F1F0
F4F1F0
F4F1F0
F4F1F0
F4F1F0
F4F1F0
F4F1F0
F3F0EF
F3F0EF
F1EEED
F2EFEE
F3F0EF
F3F0EF
F4F1F0
F4F1F0
F4F1F0
F4F1F0
F4F1F0
F4F1F0
EEEBEA
E8E5E4
EFECEB
F4F1F0
F3F0EF
F4F1F0
F4F1F0
F5F2F1
F5F2F1
F4F1F0
F4F1F0
F4F1F0
F4F1F0
F4F1F0
F4F1F0
F4F1F0
F4F1F0
F4F1F0
F4F1F0
F4F1F0
F4F1F0
F4F1F0
F4F1F0
F4F1F0
F4F1F0
F4F1F0
F4F1F0
F5F2F1
EDEAE9
F0EDEC
F4F1F0
F4F1F0
F4F1F0
F4F1F0
F4F1F0
F4F1F0
F4F1F0
F4F1F0
F4F1F0
F4F1F0
F4F1F0
F4F1F0
F4F1F0
F4F1F0
F4F1F0
F4F1F0
F4F1F0
F4F1F0
F4F1F0
F4F1F0
F4F1F0
F4F1F0
F4F1F0
F4F1F0
F4F1F0
F3F0EF
F4F1F0
F2EFEE
ECE9E8
EEEBEA
F4F1F0
F5F2F1
F4F1F0
F4F1F0
F4F1F0
F3F0EF
F3F0EF
F3F0EF
F4F1F0
ECE9E8
EBE8E7
EEEBEA
F0EDEC
F3F0EF
F3F0EF
F4F1F0
F4F1F0
F4F1F0
F4F1F0
F4F1F0
F4F1F0
F4F1F0
F4F1F0
F4F1F0
F4F1F0
F1EEED
EEE9E9
EFEAEA
ECE7E7
E5E0E0
E2DDDD
E5E0E0
F5F0F0
F5F0F0
F4F0F1
F4F0F1
F3EFF0
F4F0F1
F4F0F1
F3EFF0
F5F1F2
F1EDEE
EFEDEE
F9F7F8
FFFFFF
FEFEFE
FEFEFE
FEFEFE
FFFFFF
FFFFFF
FFFFFF
FFFFFF
FFFFFF
FFFFFF
FFFFFF
FFFFFF
FFFFFF
FFFFFF
FFFFFF
FFFFFF
FFFFFF
FFFFFF
FFFFFF
FFFFFF
FFFFFF
FFFFFF
FFFFFF
FFFFFF
FFFFFF
FFFFFF
FFFFFF
FFFFFF
FFFFFF
FFFFFF
FFFFFF
FFFFFF
FFFFFF
FFFFFF
FFFFFF
FFFFFF
FFFFFF
FFFFFF
FFFFFF
FFFFFF
FFFFFF
FFFFFF
FFFFFF
FFFFFF
FFFFFF
FFFFFF
FFFFFF
FFFFFF
FFFFFF
FFFFFF
FFFFFF
FFFFFF
FFFFFF
FFFFFF
FFFFFF
FFFFFF
FFFFFF
FFFFFF
FFFFFF
FFFFFF
FFFFFF
FFFFFF
FFFFFF
FFFFFF
FFFFFF
FFFFFF
FFFFFF
FFFFFF
FFFFFF
FFFFFF
FFFFFF
FFFFFF
FFFFFF
FFFFFF
FFFFFF
FFFFFF
FFFFFF
FFFFFF
FFFFFF
FFFFFF
FFFFFF
FFFFFF
FFFFFF
FFFFFF
FFFFFF
FFFFFF
FFFFFF
FFFFFF
FFFFFF
FFFFFF
FFFFFF
FFFFFF
FFFFFF
FFFFFF
FFFFFF
FFFFFF
FFFFFF
FFFFFF
FFFFFF
FFFFFF
FFFFFF
FFFFFF
FFFFFF
FFFFFF
FFFFFF
FFFFFF
FFFFFF
FFFFFF
FFFFFF
FFFFFF
FFFFFF
FFFFFF
E9E6E5
ECE9E8
F3F0EF
F4F1F0
F4F1F0
F1EEED
F0EDEC
F3F0EF
F4F1F0
F4F1F0
F4F1F0
F4F1F0
F5F2F1
EDEAE9
EFECEB
F4F1F0
F4F1F0
F4F1F0
F4F1F0
F4F1F0
F4F1F0
F4F1F0
F4F1F0
F4F1F0
F4F1F0
F4F1F0
F4F1F0
F4F1F0
F4F1F0
F4F1F0
F4F1F0
F2EFEE
F2EFEE
F2EFEE
F3F0EF
F3F0EF
F4F1F0
F4F1F0
F4F1F0
F4F1F0
F5F2F1
F1EEED
E8E5E4
ECE9E8
F4F1F0
F3F0EF
F4F1F0
F4F1F0
F4F1F0
F4F1F0
F4F1F0
F4F1F0
F4F1F0
F4F1F0
F4F1F0
F4F1F0
F4F1F0
F4F1F0
F4F1F0
F4F1F0
F4F1F0
F4F1F0
F4F1F0
F4F1F0
F4F1F0
F4F1F0
F4F1F0
F4F1F0
F3F0EF
ECE9E8
F0EDEC
F4F1F0
F4F1F0
F4F1F0
F4F1F0
F4F1F0
F4F1F0
F4F1F0
F4F1F0
F4F1F0
F4F1F0
F4F1F0
F4F1F0
F4F1F0
F4F1F0
F4F1F0
F4F1F0
F4F1F0
F4F1F0
F4F1F0
F4F1F0
F4F1F0
F4F1F0
F4F1F0
F4F1F0
F3F0EF
F4F1F0
F5F2F1
F4F1F0
EEEBEA
ECE9E8
F2EFEE
F4F1F0
F4F1F0
F3F0EF
F3F0EF
F4F1F0
F3F0EF
F4F1F0
F5F2F1
ECE9E8
ECE9E8
EFECEB
F0EDEC
F4F1F0
F4F1F0
F4F1F0
F4F1F0
F4F1F0
F4F1F0
F4F1F0
F4F1F0
F4F1F0
F4F1F0
F4F1F0
F5F2F1
F1ECEC
EEE9E9
EFEAEA
EEE9E9
E7E2E2
E0DBDB
EDE8E8
F5F0F0
F3F1F2
F3F1F2
F5F1F2
F4F0F1
F4F0F1
F4F0F1
F3EFF0
F4F0F1
F1EFF0
EDEBEC
F5F3F4
FFFDFE
FFFFFF
FFFFFF
FFFFFF
FFFFFF
FFFFFF
FFFFFF
FFFFFF
FFFFFF
FFFFFF
FFFFFF
FFFFFF
FFFFFF
FFFFFF
FFFFFF
FFFFFF
FFFFFF
FFFFFF
FFFFFF
FFFFFF
FFFFFF
FFFFFF
FFFFFF
FFFFFF
FFFFFF
FFFFFF
FFFFFF
FFFFFF
FFFFFF
FFFFFF
FFFFFF
FFFFFF
FFFFFF
FFFFFF
FFFFFF
FFFFFF
FFFFFF
FFFFFF
FFFFFF
FFFFFF
FFFFFF
FFFFFF
FFFFFF
FFFFFF
FFFFFF
FFFFFF
FFFFFF
FFFFFF
FFFFFF
FFFFFF
FFFFFF
FFFFFF
FFFFFF
FFFFFF
FFFFFF
FFFFFF
FFFFFF
FFFFFF
FFFFFF
FFFFFF
FFFFFF
FFFFFF
FFFFFF
FFFFFF
FFFFFF
FFFFFF
FFFFFF
FFFFFF
FFFFFF
FFFFFF
FFFFFF
FFFFFF
FFFFFF
FFFFFF
FFFFFF
FFFFFF
FFFFFF
FFFFFF
FFFFFF
FFFFFF
FFFFFF
FFFFFF
FFFFFF
FFFFFF
FFFFFF
FFFFFF
FFFFFF
FFFFFF
FFFFFF
FFFFFF
FFFFFF
FFFFFF
FFFFFF
FFFFFF
FFFFFF
FFFFFF
FFFFFF
FFFFFF
FFFFFF
FFFFFF
FFFFFF
FFFFFF
FFFFFF
FFFFFF
FFFFFF
FFFFFF
FFFFFF
FFFFFF
FFFFFF
FFFFFF
FFFFFF
E8E5E4
F1EEED
F3F0EF
F3F0EF
F3F0EF
F1EEED
F0EDEC
F3F0EF
F4F1F0
F4F1F0
F4F1F0
F4F1F0
F5F2F1
EFECEB
EDEAE9
F4F1F0
F5F2F1
F4F1F0
F4F1F0
F4F1F0
F4F1F0
F4F1F0
F4F1F0
F4F1F0
F4F1F0
F4F1F0
F4F1F0
F4F1F0
F4F1F0
F4F1F0
F4F1F0
F4F1F0
F2EFEE
F1EEED
F2EFEE
F3F0EF
F3F0EF
F4F1F0
F4F1F0
F4F1F0
F4F1F0
F6F3F2
F5F2F1
ECE9E8
EAE7E6
F2EFEE
F4F1F0
F4F1F0
F4F1F0
F4F1F0
F4F1F0
F4F1F0
F4F1F0
F4F1F0
F4F1F0
F4F1F0
F4F1F0
F4F1F0
F4F1F0
F4F1F0
F4F1F0
F4F1F0
F4F1F0
F4F1F0
F4F1F0
F4F1F0
F4F1F0
F4F1F0
F4F1F0
F3F0EF
EBE8E7
F0EDEC
F4F1F0
F4F1F0
F4F1F0
F4F1F0
F4F1F0
F4F1F0
F4F1F0
F4F1F0
F4F1F0
F4F1F0
F4F1F0
F4F1F0
F4F1F0
F4F1F0
F4F1F0
F4F1F0
F4F1F0
F4F1F0
F4F1F0
F4F1F0
F4F1F0
F4F1F0
F4F1F0
F4F1F0
F4F1F0
F4F1F0
F5F2F1
F5F2F1
F0EDEC
ECE9E8
F0EDEC
F4F1F0
F4F1F0
F4F1F0
F4F1F0
F3F0EF
F5F2F1
F5F2F1
F4F1F0
ECE9E8
EAE7E6
EFECEB
F2EFEE
F4F1F0
F4F1F0
F4F1F0
F4F1F0
F4F1F0
F4F1F0
F4F1F0
F4F1F0
F4F1F0
F4F1F0
F4F1F0
F5F0F0
F3EEEE
EDE8E8
EEE9E9
EFEAEA
ECE7E7
E2DFDE
DFDCDB
E3E1E2
EAE8E9
F0EEEF
F3F1F2
F6F2F3
F5F1F2
F2F0F1
F2F0F1
F2F0F1
F2F0F1
EDEBEC
EFEDEE
FBF9FA
FFFFFF
FFFFFF
FFFFFF
FFFFFF
FFFFFF
FFFFFF
FFFFFF
FFFFFF
FFFFFF
FFFFFF
FFFFFF
FFFFFF
FFFFFF
FFFFFF
FFFFFF
FFFFFF
FFFFFF
FFFFFF
FFFFFF
FFFFFF
FFFFFF
FFFFFF
FFFFFF
FFFFFF
FFFFFF
FFFFFF
FFFFFF
FFFFFF
FFFFFF
FFFFFF
FFFFFF
FFFFFF
FFFFFF
FFFFFF
FFFFFF
FFFFFF
FFFFFF
FFFFFF
FFFFFF
FFFFFF
FFFFFF
FFFFFF
FFFFFF
FFFFFF
FFFFFF
FFFFFF
FFFFFF
FFFFFF
FFFFFF
FFFFFF
FFFFFF
FFFFFF
FFFFFF
FFFFFF
FFFFFF
FFFFFF
FFFFFF
FFFFFF
FFFFFF
FFFFFF
FFFFFF
FFFFFF
FFFFFF
FFFFFF
FFFFFF
FFFFFF
FFFFFF
FFFFFF
FFFFFF
FFFFFF
FFFFFF
FFFFFF
FFFFFF
FFFFFF
FFFFFF
FFFFFF
FFFFFF
FFFFFF
FFFFFF
FFFFFF
FFFFFF
FFFFFF
FFFFFF
FFFFFF
FFFFFF
FFFFFF
FFFFFF
FFFFFF
FFFFFF
FFFFFF
FFFFFF
FFFFFF
FFFFFF
FFFFFF
FFFFFF
FFFFFF
FFFFFF
FFFFFF
FFFFFF
FFFFFF
FFFFFF
FFFFFF
FFFFFF
FFFFFF
FFFFFF
FFFFFF
FFFFFF
FFFFFF
FFFFFF
EBE8E7
F3F0EF
F3F0EF
F3F0EF
F3F0EF
F0EDEC
F0EDEC
F3F0EF
F4F1F0
F4F1F0
F4F1F0
F4F1F0
F4F1F0
F2EFEE
EBE8E7
F4F1F0
F5F2F1
F4F1F0
F4F1F0
F4F1F0
F4F1F0
F4F1F0
F4F1F0
F4F1F0
F4F1F0
F4F1F0
F4F1F0
F4F1F0
F4F1F0
F4F1F0
F4F1F0
F3F0EF
F4F1F0
F4F1F0
F2EFEE
F2EFEE
F3F0EF
F3F0EF
F3F0EF
F4F1F0
F4F1F0
F4F1F0
F5F2F1
F6F3F2
F0EDEC
EBE8E7
F1EEED
F4F1F0
F3F0EF
F3F0EF
F4F1F0
F4F1F0
F4F1F0
F4F1F0
F4F1F0
F4F1F0
F4F1F0
F4F1F0
F4F1F0
F4F1F0
F4F1F0
F4F1F0
F4F1F0
F4F1F0
F4F1F0
F4F1F0
F4F1F0
F4F1F0
F4F1F0
F4F1F0
F3F0EF
EBE8E7
F1EEED
F4F1F0
F4F1F0
F4F1F0
F4F1F0
F4F1F0
F4F1F0
F4F1F0
F4F1F0
F4F1F0
F4F1F0
F4F1F0
F4F1F0
F4F1F0
F4F1F0
F4F1F0
F4F1F0
F4F1F0
F4F1F0
F4F1F0
F4F1F0
F4F1F0
F4F1F0
F4F1F0
F4F1F0
F4F1F0
F4F1F0
F4F1F0
F5F2F1
F3F0EF
EDEAE9
EFECEB
F4F1F0
F4F1F0
F3F0EF
F4F1F0
F4F1F0
F4F1F0
F4F1F0
F4F1F0
EDEAE9
EBE8E7
F0EDEC
F4F1F0
F4F1F0
F4F1F0
F4F1F0
F4F1F0
F4F1F0
F4F1F0
F4F1F0
F4F1F0
F4F1F0
F4F1F0
F4F1F0
F4F1F0
F2EDED
ECE7E7
EEE9E9
EFEAEA
EFECEB
E5E2E1
D6D6D6
D7D7D7
D9D9DB
DDDDDF
E6E4E5
EDEBEC
F1EFF0
F3F1F2
F5F1F2
F4F0F1
F5F2F1
F2EFEE
EEECED
F6F4F5
FDFDFD
FFFFFF
FFFFFF
FFFFFF
FFFFFF
FFFFFF
FFFFFF
FFFFFF
FFFFFF
FFFFFF
FFFFFF
FFFFFF
FFFFFF
FFFFFF
FFFFFF
FFFFFF
FFFFFF
FFFFFF
FFFFFF
FFFFFF
FFFFFF
FFFFFF
FFFFFF
FFFFFF
FFFFFF
FFFFFF
FFFFFF
FFFFFF
FFFFFF
FFFFFF
FFFFFF
FFFFFF
FFFFFF
FFFFFF
FFFFFF
FFFFFF
FFFFFF
FFFFFF
FFFFFF
FFFFFF
FFFFFF
FFFFFF
FFFFFF
FFFFFF
FFFFFF
FFFFFF
FFFFFF
FFFFFF
FFFFFF
FFFFFF
FFFFFF
FFFFFF
FFFFFF
FFFFFF
FFFFFF
FFFFFF
FFFFFF
FFFFFF
FFFFFF
FFFFFF
FFFFFF
FFFFFF
FFFFFF
FFFFFF
FFFFFF
FFFFFF
FFFFFF
FFFFFF
FFFFFF
FFFFFF
FFFFFF
FFFFFF
FFFFFF
FFFFFF
FFFFFF
FFFFFF
FFFFFF
FFFFFF
FFFFFF
FFFFFF
FFFFFF
FFFFFF
FFFFFF
FFFFFF
FFFFFF
FFFFFF
FFFFFF
FFFFFF
FFFFFF
FFFFFF
FFFFFF
FFFFFF
FFFFFF
FFFFFF
FFFFFF
FFFFFF
FFFFFF
FFFFFF
FFFFFF
FFFFFF
FFFFFF
FFFFFF
FFFFFF
FFFFFF
FFFFFF
FFFFFF
FFFFFF
FFFFFF
F0EDEC
F4F1F0
F3F0EF
F3F0EF
F4F1F0
EFECEB
F1EEED
F4F1F0
F4F1F0
F3F0EF
F3F0EF
F4F1F0
F4F1F0
F4F1F0
EBE8E7
F2EFEE
F4F1F0
F4F1F0
F4F1F0
F4F1F0
F4F1F0
F4F1F0
F4F1F0
F4F1F0
F4F1F0
F4F1F0
F4F1F0
F4F1F0
F4F1F0
F4F1F0
F4F1F0
F4F1F0
F4F1F0
F4F1F0
F4F1F0
F3F0EF
F2EFEE
F3F0EF
F3F0EF
F4F1F0
F4F1F0
F4F1F0
F3F0EF
F4F1F0
F5F2F1
F2EFEE
EEEBEA
F1EEED
F3F0EF
F3F0EF
F3F0EF
F4F1F0
F4F1F0
F4F1F0
F4F1F0
F4F1F0
F4F1F0
F4F1F0
F4F1F0
F4F1F0
F4F1F0
F4F1F0
F4F1F0
F4F1F0
F4F1F0
F4F1F0
F4F1F0
F4F1F0
F4F1F0
F4F1F0
F4F1F0
F2EFEE
EBE8E7
F3F0EF
F4F1F0
F4F1F0
F4F1F0
F4F1F0
F4F1F0
F4F1F0
F4F1F0
F4F1F0
F4F1F0
F4F1F0
F4F1F0
F4F1F0
F4F1F0
F4F1F0
F4F1F0
F4F1F0
F4F1F0
F4F1F0
F4F1F0
F4F1F0
F4F1F0
F4F1F0
F4F1F0
F4F1F0
F3F0EF
F4F1F0
F4F1F0
F4F1F0
F4F1F0
F1EEED
EEEBEA
F1EEED
F4F1F0
F4F1F0
F4F1F0
F3F0EF
F3F0EF
F4F1F0
F5F2F1
EDEAE9
EAE5E5
F0EBEB
F3F0EF
F3F0EF
F3F0EF
F4F1F0
F4F1F0
F4F1F0
F4F1F0
F4F1F0
F4F1F0
F4F1F0
F4F1F0
F4F1F0
F4F1F0
F1EEED
ECE7E7
EFEAEA
EFEAEA
F0EBEB
E6E4E5
D8D6D7
D8D8DA
D9D9DB
D7D7D9
D9D9DB
DCDADD
E3E1E4
EDE9EA
F2EEEF
F4F1F0
F5F2F1
F4F1F0
F2EFEE
EEEDEC
F7F6F5
FFFFFF
FEFEFE
FEFEFE
FFFFFF
FFFFFF
FFFFFF
FFFFFF
FFFFFF
FFFFFF
FFFFFF
FFFFFF
FFFFFF
FFFFFF
FFFFFF
FFFFFF
FFFFFF
FFFFFF
FFFFFF
FFFFFF
FFFFFF
FFFFFF
FFFFFF
FFFFFF
FFFFFF
FFFFFF
FFFFFF
FFFFFF
FFFFFF
FFFFFF
FFFFFF
FFFFFF
FFFFFF
FFFFFF
FFFFFF
FFFFFF
FFFFFF
FFFFFF
FFFFFF
FFFFFF
FFFFFF
FFFFFF
FFFFFF
FFFFFF
FFFFFF
FFFFFF
FFFFFF
FFFFFF
FFFFFF
FFFFFF
FFFFFF
FFFFFF
FFFFFF
FFFFFF
FFFFFF
FFFFFF
FFFFFF
FFFFFF
FFFFFF
FFFFFF
FFFFFF
FFFFFF
FFFFFF
FFFFFF
FFFFFF
FFFFFF
FFFFFF
FFFFFF
FFFFFF
FFFFFF
FFFFFF
FFFFFF
FFFFFF
FFFFFF
FFFFFF
FFFFFF
FFFFFF
FFFFFF
FFFFFF
FFFFFF
FFFFFF
FFFFFF
FFFFFF
FFFFFF
FFFFFF
FFFFFF
FFFFFF
FFFFFF
FFFFFF
FFFFFF
FFFFFF
FFFFFF
FFFFFF
FFFFFF
FFFFFF
FFFFFF
FFFFFF
FFFFFF
FFFFFF
FFFFFF
FFFFFF
FFFFFF
FFFFFF
FFFFFF
FFFFFF
FFFFFF
FFFFFF
F3F0EF
F4F1F0
F3F0EF
F3F0EF
F4F1F0
EFECEB
F1EEED
F4F1F0
F4F1F0
F3F0EF
F3F0EF
F4F1F0
F3F0EF
F4F1F0
ECE9E8
F0EDEC
F3F0EF
F4F1F0
F4F1F0
F4F1F0
F4F1F0
F4F1F0
F4F1F0
F4F1F0
F4F1F0
F4F1F0
F4F1F0
F4F1F0
F4F1F0
F4F1F0
F4F1F0
F4F1F0
F4F1F0
F4F1F0
F4F1F0
F4F1F0
F3F0EF
F2EFEE
F2EFEE
F3F0EF
F4F1F0
F4F1F0
F3F0EF
F3F0EF
F4F1F0
F4F1F0
F3F0EF
F0EDEC
F2EFEE
F3F0EF
F3F0EF
F4F1F0
F4F1F0
F5F2F1
F4F1F0
F4F1F0
F4F1F0
F4F1F0
F4F1F0
F4F1F0
F4F1F0
F4F1F0
F4F1F0
F4F1F0
F4F1F0
F4F1F0
F4F1F0
F4F1F0
F4F1F0
F4F1F0
F4F1F0
F5F2F1
F1EEED
ECE9E8
F3F0EF
F4F1F0
F4F1F0
F4F1F0
F4F1F0
F4F1F0
F4F1F0
F4F1F0
F4F1F0
F4F1F0
F4F1F0
F4F1F0
F4F1F0
F4F1F0
F4F1F0
F4F1F0
F4F1F0
F4F1F0
F4F1F0
F4F1F0
F4F1F0
F4F1F0
F4F1F0
F4F1F0
F3F0EF
F3F0EF
F4F1F0
F3F0EF
F3F0EF
F3F0EF
F2EFEE
EEEBEA
F2EFEE
F5F2F1
F4F1F0
F3F0EF
F4F1F0
F3F0EF
F3F0EF
F3F0EF
EEE9E9
EBE6E6
F0EDEC
F4F1F0
F4F1F0
F4F1F0
F4F1F0
F4F1F0
F4F1F0
F4F1F0
F4F1F0
F4F1F0
F4F1F0
F4F1F0
F4F1F0
F4F1F0
F1ECEC
ECE7E7
EFEAEA
EEE9E9
F0ECED
E6E2E3
D5D5D7
D8D8DA
D7D9DA
D8DADB
D8DADB
D8DADB
D7D9DA
D9DBDC
E0E0E2
E7E7E9
EFEDEE
F3F1F2
F4F1F0
EEEBEA
F2EFEE
FEFBFA
FEFEFE
FEFEFE
FFFFFF
FFFFFF
FFFFFF
FFFFFF
FFFFFF
FFFFFF
FFFFFF
FFFFFF
FFFFFF
FFFFFF
FFFFFF
FFFFFF
FFFFFF
FFFFFF
FFFFFF
FFFFFF
FFFFFF
FFFFFF
FFFFFF
FFFFFF
FFFFFF
FFFFFF
FFFFFF
FFFFFF
FFFFFF
FFFFFF
FFFFFF
FFFFFF
FFFFFF
FFFFFF
FFFFFF
FFFFFF
FFFFFF
FFFFFF
FFFFFF
FFFFFF
FFFFFF
FFFFFF
FFFFFF
FFFFFF
FFFFFF
FFFFFF
FFFFFF
FFFFFF
FFFFFF
FFFFFF
FFFFFF
FFFFFF
FFFFFF
FFFFFF
FFFFFF
FFFFFF
FFFFFF
FFFFFF
FFFFFF
FFFFFF
FFFFFF
FFFFFF
FFFFFF
FFFFFF
FFFFFF
FFFFFF
FFFFFF
FFFFFF
FFFFFF
FFFFFF
FFFFFF
FFFFFF
FFFFFF
FFFFFF
FFFFFF
FFFFFF
FFFFFF
FFFFFF
FFFFFF
FFFFFF
FFFFFF
FFFFFF
FFFFFF
FFFFFF
FFFFFF
FFFFFF
FFFFFF
FFFFFF
FFFFFF
FFFFFF
FFFFFF
FFFFFF
FFFFFF
FFFFFF
FFFFFF
FFFFFF
FFFFFF
FFFFFF
FFFFFF
FFFFFF
FFFFFF
FFFFFF
FFFFFF
FFFFFF
FFFFFF
FFFFFF
F3F0EF
F4F1F0
F3F0EF
F4F1F0
F4F1F0
EEEBEA
F1EEED
F4F1F0
F4F1F0
F4F1F0
F4F1F0
F4F1F0
F3F0EF
F4F1F0
EEEBEA
EEEBEA
F2EFEE
F4F1F0
F4F1F0
F4F1F0
F4F1F0
F4F1F0
F4F1F0
F4F1F0
F4F1F0
F4F1F0
F4F1F0
F4F1F0
F4F1F0
F4F1F0
F4F1F0
F4F1F0
F4F1F0
F4F1F0
F4F1F0
F4F1F0
F4F1F0
F3F0EF
F1EEED
F2EFEE
F4F1F0
F4F1F0
F3F0EF
F3F0EF
F4F1F0
F4F1F0
F3F0EF
F3F0EF
F2EFEE
F2EFEE
F3F0EF
F4F1F0
F4F1F0
F5F2F1
F4F1F0
F4F1F0
F4F1F0
F4F1F0
F4F1F0
F4F1F0
F4F1F0
F4F1F0
F4F1F0
F4F1F0
F4F1F0
F4F1F0
F4F1F0
F4F1F0
F4F1F0
F4F1F0
F4F1F0
F4F1F0
F4F1F0
F0EDEC
EDEAE9
F4F1F0
F4F1F0
F4F1F0
F4F1F0
F4F1F0
F4F1F0
F4F1F0
F4F1F0
F4F1F0
F4F1F0
F4F1F0
F4F1F0
F4F1F0
F4F1F0
F4F1F0
F4F1F0
F4F1F0
F4F1F0
F4F1F0
F4F1F0
F3F0EF
F4F1F0
F4F1F0
F4F1F0
F3F0EF
F2EFEE
F3F0EF
F4F1F0
F4F1F0
F5F2F1
F3F0EF
EEEBEA
F2EFEE
F4F1F0
F3F0EF
F3F0EF
F3F0EF
F3F0EF
F4F1F0
F4F1F0
EDEAE9
EBE6E6
F1ECEC
F5F0F0
F5F0F0
F4F1F0
F4F1F0
F4F1F0
F4F1F0
F4F1F0
F4F1F0
F4F1F0
F4F1F0
F4F1F0
F4F1F0
F4F1F0
F0EDEC
ECE7E7
EFEAEA
F0E8E9
F1E9EA
E3E1E2
DAD8D9
D8DADB
D8DADB
D8DADB
D8DADB
D6DBDD
D5DADC
D7D9DC
D6D8DB
D9D9DB
DCDCDE
E7E3E4
F0ECED
F1EEED
EFECEB
F4F2F3
FFFDFE
FFFFFF
FEFEFE
FFFFFF
FFFFFF
FFFFFF
FFFFFF
FFFFFF
FFFFFF
FFFFFF
FFFFFF
FFFFFF
FFFFFF
FFFFFF
FFFFFF
FFFFFF
FFFFFF
FFFFFF
FFFFFF
FFFFFF
FFFFFF
FFFFFF
FFFFFF
FFFFFF
FFFFFF
FFFFFF
FFFFFF
FFFFFF
FFFFFF
FFFFFF
FFFFFF
FFFFFF
FFFFFF
FFFFFF
FFFFFF
FFFFFF
FFFFFF
FFFFFF
FFFFFF
FFFFFF
FFFFFF
FFFFFF
FFFFFF
FFFFFF
FFFFFF
FFFFFF
FFFFFF
FFFFFF
FFFFFF
FFFFFF
FFFFFF
FFFFFF
FFFFFF
FFFFFF
FFFFFF
FFFFFF
FFFFFF
FFFFFF
FFFFFF
FFFFFF
FFFFFF
FFFFFF
FFFFFF
FFFFFF
FFFFFF
FFFFFF
FFFFFF
FFFFFF
FFFFFF
FFFFFF
FFFFFF
FFFFFF
FFFFFF
FFFFFF
FFFFFF
FFFFFF
FFFFFF
FFFFFF
FFFFFF
FFFFFF
FFFFFF
FFFFFF
FFFFFF
FFFFFF
FFFFFF
FFFFFF
FFFFFF
FFFFFF
FFFFFF
FFFFFF
FFFFFF
FFFFFF
FFFFFF
FFFFFF
FFFFFF
FFFFFF
FFFFFF
FFFFFF
FFFFFF
FFFFFF
FFFFFF
FFFFFF
FFFFFF
F4F1F0
F4F1F0
F4F1F0
F4F1F0
F3F0EF
EEEBEA
F1EEED
F4F1F0
F4F1F0
F4F1F0
F4F1F0
F4F1F0
F4F1F0
F4F1F0
EFECEB
ECE9E8
F1EEED
F3F0EF
F4F1F0
F4F1F0
F4F1F0
F4F1F0
F4F1F0
F4F1F0
F4F1F0
F4F1F0
F4F1F0
F4F1F0
F4F1F0
F4F1F0
F4F1F0
F4F1F0
F4F1F0
F4F1F0
F4F1F0
F4F1F0
F4F1F0
F4F1F0
F3F0EF
F1EEED
F2EFEE
F4F1F0
F4F1F0
F4F1F0
F4F1F0
F4F1F0
F4F1F0
F3F0EF
F2EFEE
F2EFEE
F3F0EF
F4F1F0
F4F1F0
F5F2F1
F4F1F0
F4F1F0
F4F1F0
F4F1F0
F4F1F0
F4F1F0
F4F1F0
F4F1F0
F4F1F0
F4F1F0
F4F1F0
F4F1F0
F4F1F0
F4F1F0
F4F1F0
F4F1F0
F4F1F0
F4F1F0
F3F0EF
F4F1F0
EFECEB
EFECEB
F4F1F0
F4F1F0
F4F1F0
F4F1F0
F4F1F0
F4F1F0
F4F1F0
F4F1F0
F4F1F0
F4F1F0
F4F1F0
F4F1F0
F4F1F0
F4F1F0
F4F1F0
F4F1F0
F4F1F0
F4F1F0
F4F1F0
F3F0EF
F3F0EF
F4F1F0
F4F1F0
F3F0EF
F3F0EF
F3F0EF
F4F1F0
F4F1F0
F5F2F1
F4F1F0
F4F1F0
EFECEB
F1EEED
F3F0EF
F3F0EF
F4F1F0
F3F0EF
F4F1F0
F4F1F0
F5F2F1
EEE9E9
EBE6E6
F1ECEC
F5F0F0
F4F1F0
F4F1F0
F4F1F0
F4F1F0
F4F1F0
F4F1F0
F4F1F0
F4F1F0
F4F1F0
F4F1F0
F4F1F0
F4F1F0
F0EBEB
EBE6E6
F0E8E9
F2EAEB
EEEAEB
E4E0E1
DBDDDE
D7D9DA
D6DBDB
D6DBDB
D6DBDD
D6DBDD
D8DADD
D8DADD
D8DADD
D7D9DC
D8D8DA
D7D7D9
DADADA
E2E2E2
E8E6E7
EFEDEE
F9F9F9
FFFFFF
FFFFFF
FFFFFF
FFFFFF
FFFFFF
FFFFFF
FFFFFF
FFFFFF
FFFFFF
FFFFFF
FFFFFF
FFFFFF
FFFFFF
FFFFFF
FFFFFF
FFFFFF
FFFFFF
FFFFFF
FFFFFF
FFFFFF
FFFFFF
FFFFFF
FFFFFF
FFFFFF
FFFFFF
FFFFFF
FFFFFF
FFFFFF
FFFFFF
FFFFFF
FFFFFF
FFFFFF
FFFFFF
FFFFFF
FFFFFF
FFFFFF
FFFFFF
FFFFFF
FFFFFF
FFFFFF
FFFFFF
FFFFFF
FFFFFF
FFFFFF
FFFFFF
FFFFFF
FFFFFF
FFFFFF
FFFFFF
FFFFFF
FFFFFF
FFFFFF
FFFFFF
FFFFFF
FFFFFF
FFFFFF
FFFFFF
FFFFFF
FFFFFF
FFFFFF
FFFFFF
FFFFFF
FFFFFF
FFFFFF
FFFFFF
FFFFFF
FFFFFF
FFFFFF
FFFFFF
FFFFFF
FFFFFF
FFFFFF
FFFFFF
FFFFFF
FFFFFF
FFFFFF
FFFFFF
FFFFFF
FFFFFF
FFFFFF
FFFFFF
FFFFFF
FFFFFF
FFFFFF
FFFFFF
FFFFFF
FFFFFF
FFFFFF
FFFFFF
FFFFFF
FFFFFF
FFFFFF
FFFFFF
FFFFFF
FFFFFF
FFFFFF
FFFFFF
FFFFFF
FFFFFF
FFFFFF
FFFFFF
F4F1F0
F4F1F0
F4F1F0
F4F1F0
F3F0EF
EEEBEA
F2EFEE
F4F1F0
F4F1F0
F4F1F0
F4F1F0
F4F1F0
F4F1F0
F4F1F0
F1EEED
ECE9E8
F0EBEB
F3EEEE
F5F2F1
F4F1F0
F4F1F0
F4F1F0
F4F1F0
F4F1F0
F4F1F0
F4F1F0
F4F1F0
F4F1F0
F4F1F0
F4F1F0
F4F1F0
F4F1F0
F4F1F0
F4F1F0
F4F1F0
F4F1F0
F4F1F0
F4F1F0
F4F1F0
F4F1F0
F2EFEE
F2EFEE
F4F1F0
F4F1F0
F4F1F0
F5F2F1
F5F2F1
F4F1F0
F3F0EF
F3F0EF
F1EEED
F2EFEE
F4F1F0
F5F2F1
F4F1F0
F4F1F0
F4F1F0
F4F1F0
F4F1F0
F4F1F0
F4F1F0
F4F1F0
F4F1F0
F4F1F0
F4F1F0
F4F1F0
F4F1F0
F4F1F0
F4F1F0
F4F1F0
F4F1F0
F4F1F0
F4F1F0
F3F0EF
F3F0EF
EEEBEA
F1EEED
F5F2F1
F4F1F0
F4F1F0
F4F1F0
F4F1F0
F4F1F0
F4F1F0
F4F1F0
F4F1F0
F4F1F0
F4F1F0
F4F1F0
F4F1F0
F4F1F0
F4F1F0
F4F1F0
F4F1F0
F4F1F0
F4F1F0
F4F1F0
F4F1F0
F4F1F0
F4F1F0
F4F1F0
F4F1F0
F4F1F0
F4F1F0
F4F1F0
F5F2F1
F5F2F1
F3F0EF
F0EDEC
F1EEED
F3F0EF
F3F0EF
F3F0EF
F4F1F0
F4F1F0
F4F1F0
F4F1F0
EEEBEA
EBE8E7
F1EEED
F4F1F0
F3F0EF
F3F0EF
F3F0EF
F4F1F0
F4F1F0
F4F1F0
F4F1F0
F4F1F0
F4F1F0
F4F1F0
F4F1F0
F4F1F0
EFECEB
ECE4E5
F2EAEB
EFEAEA
ECE7E7
E2E0E1
E0DEDF
D6D8D9
D8DADB
D6DBDB
D6DBDB
D8DADD
D8DADD
D8DADD
D8DADD
D8DADD
D8DADD
D7D9DC
D5D7DA
D8D8DA
DEDEE0
E2E2E4
F0F0F2
FEFEFF
FFFFFF
FEFEFE
FFFFFF
FFFFFF
FFFFFF
FFFFFF
FFFFFF
FFFFFF
FFFFFF
FFFFFF
FFFFFF
FFFFFF
FFFFFF
FFFFFF
FFFFFF
FFFFFF
FFFFFF
FFFFFF
FFFFFF
FFFFFF
FFFFFF
FFFFFF
FFFFFF
FFFFFF
FFFFFF
FFFFFF
FFFFFF
FFFFFF
FFFFFF
FFFFFF
FFFFFF
FFFFFF
FFFFFF
FFFFFF
FFFFFF
FFFFFF
FFFFFF
FFFFFF
FFFFFF
FFFFFF
FFFFFF
FFFFFF
FFFFFF
FFFFFF
FFFFFF
FFFFFF
FFFFFF
FFFFFF
FFFFFF
FFFFFF
FFFFFF
FFFFFF
FFFFFF
FFFFFF
FFFFFF
FFFFFF
FFFFFF
FFFFFF
FFFFFF
FFFFFF
FFFFFF
FFFFFF
FFFFFF
FFFFFF
FFFFFF
FFFFFF
FFFFFF
FFFFFF
FFFFFF
FFFFFF
FFFFFF
FFFFFF
FFFFFF
FFFFFF
FFFFFF
FFFFFF
FFFFFF
FFFFFF
FFFFFF
FFFFFF
FFFFFF
FFFFFF
FFFFFF
FFFFFF
FFFFFF
FFFFFF
FFFFFF
FFFFFF
FFFFFF
FFFFFF
FFFFFF
FFFFFF
FFFFFF
FFFFFF
FFFFFF
FFFFFF
FFFFFF
FFFFFF
FFFFFF
F4F1F0
F4F1F0
F3F0EF
F4F1F0
F4EFEF
EEE9E9
F2EFEE
F4F1F0
F4F1F0
F4F1F0
F4F1F0
F4F1F0
F4F1F0
F4F1F0
F4EFEF
EDE8E8
EFEAEA
F2EDED
F4F1F0
F4F1F0
F4F1F0
F4F1F0
F4F1F0
F4F1F0
F4F1F0
F4F1F0
F4F1F0
F4F1F0
F4F1F0
F4F1F0
F4F1F0
F4F1F0
F4F1F0
F4F1F0
F4F1F0
F4F1F0
F4F1F0
F4F1F0
F4F1F0
F4F1F0
F4F1F0
F3F0EF
F3F0EF
F4F1F0
F4F1F0
F4F1F0
F5F2F1
F5F2F1
F4F1F0
F3F0EF
F2EFEE
F0EDEC
F3F0EF
F4F1F0
F4F1F0
F4F1F0
F4F1F0
F4F1F0
F4F1F0
F4F1F0
F4F1F0
F4F1F0
F4F1F0
F4F1F0
F4F1F0
F4F1F0
F4F1F0
F4F1F0
F4F1F0
F4F1F0
F4F1F0
F4F1F0
F4F1F0
F3F0EF
F3F0EF
F3F0EF
EDEAE9
F2EFEE
F4F1F0
F4F1F0
F4F1F0
F4F1F0
F4F1F0
F4F1F0
F4F1F0
F4F1F0
F4F1F0
F4F1F0
F4F1F0
F4F1F0
F4F1F0
F4F1F0
F4F1F0
F4F1F0
F4F1F0
F4F1F0
F4F1F0
F4F1F0
F4F1F0
F4F1F0
F4F1F0
F4F1F0
F4F1F0
F4F1F0
F4F1F0
F4F1F0
F4F1F0
F5F2F1
F4F1F0
F2EFEE
F1EEED
F2EFEE
F3F0EF
F4F1F0
F4F1F0
F3F0EF
F3F0EF
F4F1F0
EEEBEA
ECE9E8
F2EFEE
F3F0EF
F3F0EF
F3F0EF
F4F1F0
F4F1F0
F4F1F0
F4F1F0
F4F1F0
F4F1F0
F4F1F0
F4F1F0
F4F1F0
F4F1F0
EFEAEA
EBE6E6
EFEAEA
EFEAEA
E9E5E6
E7E3E4
DFE1E2
D6D8D9
D8DADB
D8DADB
D8DADD
D8DADD
D8DADD
D8DADD
D8DADD
D8DADD
D8DADD
D8DADD
D8DADB
D7D9DA
D9D9DB
D8D8DA
E2E2E4
F3F3F5
FEFEFF
FFFFFF
FFFFFF
FFFFFF
FFFFFF
FFFFFF
FFFFFF
FFFFFF
FFFFFF
FFFFFF
FFFFFF
FFFFFF
FFFFFF
FFFFFF
FFFFFF
FFFFFF
FFFFFF
FFFFFF
FFFFFF
FFFFFF
FFFFFF
FFFFFF
FFFFFF
FFFFFF
FFFFFF
FFFFFF
FFFFFF
FFFFFF
FFFFFF
FFFFFF
FFFFFF
FFFFFF
FFFFFF
FFFFFF
FFFFFF
FFFFFF
FFFFFF
FFFFFF
FFFFFF
FFFFFF
FFFFFF
FFFFFF
FFFFFF
FFFFFF
FFFFFF
FFFFFF
FFFFFF
FFFFFF
FFFFFF
FFFFFF
FFFFFF
FFFFFF
FFFFFF
FFFFFF
FFFFFF
FFFFFF
FFFFFF
FFFFFF
FFFFFF
FFFFFF
FFFFFF
FFFFFF
FFFFFF
FFFFFF
FFFFFF
FFFFFF
FFFFFF
FFFFFF
FFFFFF
FFFFFF
FFFFFF
FFFFFF
FFFFFF
FFFFFF
FFFFFF
FFFFFF
FFFFFF
FFFFFF
FFFFFF
FFFFFF
FFFFFF
FFFFFF
FFFFFF
FFFFFF
FFFFFF
FFFFFF
FFFFFF
FFFFFF
FFFFFF
FFFFFF
FFFFFF
FFFFFF
FFFFFF
FFFFFF
FFFFFF
FFFFFF
FFFFFF
FFFFFF
F4F1F0
F4F1F0
F3F0EF
F4F1F0
F4EFEF
EEE9E9
F2EFEE
F4F1F0
F4F1F0
F4F1F0
F4F1F0
F4F1F0
F4F1F0
F4F1F0
F5F0F0
EEE9E9
EEE9E9
F0EBEB
F2EFEE
F5F2F1
F4F1F0
F4F1F0
F4F1F0
F4F1F0
F4F1F0
F4F1F0
F4F1F0
F4F1F0
F4F1F0
F4F1F0
F4F1F0
F4F1F0
F4F1F0
F4F1F0
F4F1F0
F4F1F0
F4F1F0
F4F1F0
F4F1F0
F4F1F0
F4F1F0
F5F2F1
F3F0EF
F2EFEE
F4F1F0
F3F0EF
F3F0EF
F4F1F0
F3F0EF
F3F0EF
F4F1F0
F3F0EF
F0EDEC
F4F1F0
F5F2F1
F4F1F0
F4F1F0
F4F1F0
F4F1F0
F4F1F0
F4F1F0
F4F1F0
F4F1F0
F4F1F0
F4F1F0
F4F1F0
F4F1F0
F4F1F0
F4F1F0
F4F1F0
F4F1F0
F4F1F0
F4F1F0
F4F1F0
F3F0EF
F3F0EF
F0EDEC
E9E6E5
F1EEED
F4F1F0
F4F1F0
F4F1F0
F4F1F0
F4F1F0
F4F1F0
F4F1F0
F4F1F0
F4F1F0
F4F1F0
F4F1F0
F4F1F0
F4F1F0
F4F1F0
F4F1F0
F4F1F0
F4F1F0
F4F1F0
F4F1F0
F4F1F0
F4F1F0
F4F1F0
F4F1F0
F4F1F0
F4F1F0
F4F1F0
F4F1F0
F4F1F0
F4F1F0
F5F2F1
F4F1F0
F2EFEE
F1EEED
F4F1F0
F3F0EF
F3F0EF
F3F0EF
F3F0EF
F4F1F0
F5F2F1
EEEBEA
EDEAE9
F3F0EF
F4F1F0
F4F1F0
F4F1F0
F4F1F0
F4F1F0
F4F1F0
F4F1F0
F4F1F0
F4F1F0
F4F1F0
F4F1F0
F3F0EF
F5F0F0
EDE8E8
ECE7E7
F0EBEB
F0EAEC
E8E2E4
ECEAED
E3E1E4
D5D7D8
D8DADB
D8DADD
D8DADD
D8DADD
D8DADD
D8DADD
D8DADD
D8DADD
D8DADD
D8DADB
D8DADB
D8DADB
D7D9DA
D7D7D9
D7D7D9
E3E3E5
F4F4F6
FFFFFF
FFFFFF
FFFFFF
FFFFFF
FFFFFF
FFFFFF
FFFFFF
FFFFFF
FFFFFF
FFFFFF
FFFFFF
FFFFFF
FFFFFF
FFFFFF
FFFFFF
FFFFFF
FFFFFF
FFFFFF
FFFFFF
FFFFFF
FFFFFF
FFFFFF
FFFFFF
FFFFFF
FFFFFF
FFFFFF
FFFFFF
FFFFFF
FFFFFF
FFFFFF
FFFFFF
FFFFFF
FFFFFF
FFFFFF
FFFFFF
FFFFFF
FFFFFF
FFFFFF
FFFFFF
FFFFFF
FFFFFF
FFFFFF
FFFFFF
FFFFFF
FFFFFF
FFFFFF
FFFFFF
FFFFFF
FFFFFF
FFFFFF
FFFFFF
FFFFFF
FFFFFF
FFFFFF
FFFFFF
FFFFFF
FFFFFF
FFFFFF
FFFFFF
FFFFFF
FFFFFF
FFFFFF
FFFFFF
FFFFFF
FFFFFF
FFFFFF
FFFFFF
FFFFFF
FFFFFF
FFFFFF
FFFFFF
FFFFFF
FFFFFF
FFFFFF
FFFFFF
FFFFFF
FFFFFF
FFFFFF
FFFFFF
FFFFFF
FFFFFF
FFFFFF
FFFFFF
FFFFFF
FFFFFF
FFFFFF
FFFFFF
FFFFFF
FFFFFF
FFFFFF
FFFFFF
FFFFFF
FFFFFF
FFFFFF
FFFFFF
FFFFFF
F4F1F0
F4F1F0
F3F0EF
F4F1F0
F4EFEF
EEE9E9
F2EFEE
F4F1F0
F4F1F0
F4F1F0
F4F1F0
F4F1F0
F4F1F0
F4F1F0
F6F1F1
F0EBEB
F0EBEB
EFEAEA
EFECEB
F5F2F1
F4F1F0
F4F1F0
F4F1F0
F4F1F0
F4F1F0
F4F1F0
F4F1F0
F4F1F0
F4F1F0
F4F1F0
F4F1F0
F4F1F0
F4F1F0
F4F1F0
F4F1F0
F4F1F0
F4F1F0
F4F1F0
F4F1F0
F4F1F0
F4F1F0
F4F1F0
F5F2F1
F3F0EF
F2EFEE
F3F0EF
F3F0EF
F4F1F0
F3F0EF
F4F1F0
F4F1F0
F4F1F0
F0EDEC
F1EEED
F6F3F2
F5F2F1
F4F1F0
F4F1F0
F4F1F0
F4F1F0
F4F1F0
F4F1F0
F4F1F0
F4F1F0
F4F1F0
F4F1F0
F4F1F0
F4F1F0
F4F1F0
F4F1F0
F4F1F0
F4F1F0
F4F1F0
F4F1F0
F4F1F0
F4F1F0
F4F1F0
EFECEB
E8E5E4
F1EEED
F4F1F0
F4F1F0
F4F1F0
F4F1F0
F4F1F0
F4F1F0
F4F1F0
F4F1F0
F4F1F0
F4F1F0
F4F1F0
F4F1F0
F4F1F0
F4F1F0
F4F1F0
F4F1F0
F4F1F0
F4F1F0
F4F1F0
F4F1F0
F4F1F0
F4F1F0
F4F1F0
F4F1F0
F4F1F0
F4F1F0
F4F1F0
F4F1F0
F4F1F0
F4F1F0
F4F1F0
F2EFEE
F1EEED
F3F0EF
F3F0EF
F3F0EF
F4F1F0
F4F1F0
F4F1F0
F4F1F0
EEEBEA
EFECEB
F3F0EF
F5F2F1
F4F1F0
F4F1F0
F4F1F0
F4F1F0
F4F1F0
F4F1F0
F4F1F0
F4F1F0
F4F1F0
F3F0EF
F4EFEF
F5F0F0
EFE7E8
EFE7E8
F1E9EA
F0E8E9
E8E4E5
F3EFF0
E3E3E5
D7D7D9
D8D8DC
D8D8DC
D9DBDE
D8DADD
D7D9DC
D7D9DC
D7D9DC
D7D9DC
D7D9DC
D7D9DC
D8DADD
D8DADD
D8DADD
D7D9DC
D5D7D8
D6D8D9
E3E3E5
F6F6F8
FFFFFF
FFFFFF
FFFFFF
FFFFFF
FFFFFF
FFFFFF
FFFFFF
FFFFFF
FFFFFF
FFFFFF
FFFFFF
FFFFFF
FFFFFF
FFFFFF
FFFFFF
FFFFFF
FFFFFF
FFFFFF
FFFFFF
FFFFFF
FFFFFF
FFFFFF
FFFFFF
FFFFFF
FFFFFF
FFFFFF
FFFFFF
FFFFFF
FFFFFF
FFFFFF
FFFFFF
FFFFFF
FFFFFF
FFFFFF
FFFFFF
FFFFFF
FFFFFF
FFFFFF
FFFFFF
FFFFFF
FFFFFF
FFFFFF
FFFFFF
FFFFFF
FFFFFF
FFFFFF
FFFFFF
FFFFFF
FFFFFF
FFFFFF
FFFFFF
FFFFFF
FFFFFF
FFFFFF
FFFFFF
FFFFFF
FFFFFF
FFFFFF
FFFFFF
FFFFFF
FFFFFF
FFFFFF
FFFFFF
FFFFFF
FFFFFF
FFFFFF
FFFFFF
FFFFFF
FFFFFF
FFFFFF
FFFFFF
FFFFFF
FFFFFF
FFFFFF
FFFFFF
FFFFFF
FFFFFF
FFFFFF
FFFFFF
FFFFFF
FFFFFF
FFFFFF
FFFFFF
FFFFFF
FFFFFF
FFFFFF
FFFFFF
FFFFFF
FFFFFF
FFFFFF
FFFFFF
FFFFFF
FFFFFF
FFFFFF
F4F1F0
F4F1F0
F3F0EF
F4F1F0
F4EFEF
EEE9E9
F2EFEE
F4F1F0
F4F1F0
F4F1F0
F4F1F0
F4F1F0
F4F1F0
F4F1F0
F5F0F0
F2EDED
F1ECEC
F1ECEC
EDEAE9
F1EEED
F6F3F2
F4F1F0
F4F1F0
F4F1F0
F4F1F0
F4F1F0
F4F1F0
F4F1F0
F4F1F0
F4F1F0
F4F1F0
F4F1F0
F4F1F0
F4F1F0
F4F1F0
F4F1F0
F4F1F0
F4F1F0
F4F1F0
F4F1F0
F4F1F0
F4F1F0
F5F2F1
F5F2F1
F2EFEE
F2EFEE
F3F0EF
F4F1F0
F5F2F1
F4F1F0
F4F1F0
F4F1F0
F5F2F1
EEEBEA
F1EEED
F5F2F1
F4F1F0
F4F1F0
F4F1F0
F4F1F0
F4F1F0
F4F1F0
F4F1F0
F4F1F0
F4F1F0
F4F1F0
F4F1F0
F4F1F0
F4F1F0
F4F1F0
F4F1F0
F4F1F0
F4F1F0
F4F1F0
F4F1F0
F4F1F0
F4F1F0
F4F1F0
EDEAE9
E7E4E3
F1EEED
F5F2F1
F4F1F0
F4F1F0
F4F1F0
F4F1F0
F4F1F0
F4F1F0
F4F1F0
F4F1F0
F4F1F0
F4F1F0
F4F1F0
F4F1F0
F4F1F0
F4F1F0
F4F1F0
F4F1F0
F4F1F0
F4F1F0
F4F1F0
F4F1F0
F4F1F0
F4F1F0
F4F1F0
F4F1F0
F4F1F0
F4F1F0
F4F1F0
F4F1F0
F4F1F0
F4F1F0
F2EFEE
F2EFEE
F4F1F0
F3F0EF
F3F0EF
F4F1F0
F4F1F0
F4F1F0
F4F1F0
EEEBEA
EFECEB
F4F1F0
F4F1F0
F4F1F0
F4F1F0
F4F1F0
F4F1F0
F4F1F0
F4F1F0
F4F1F0
F4F1F0
F3F0EF
F4EFEF
F5F0F0
F6EEEF
EDE5E6
EFE6E7
F2E9EA
ECE6E8
EBE5E7
F2F0F3
E4E2E5
D7D7DB
DADADE
DBDDE0
DBDDE0
DBDDE0
DBDDE0
DBDDE0
DBDDE0
DADCDF
DADCDF
D9DBDE
D8DADD
D8DADD
D8DADD
D8DADD
D8DADD
D7D7D9
D8D8DA
E6E6E8
FAFAFC
FFFFFF
FFFFFF
FFFFFF
FFFFFF
FFFFFF
FFFFFF
FFFFFF
FFFFFF
FFFFFF
FFFFFF
FFFFFF
FFFFFF
FFFFFF
FFFFFF
FFFFFF
FFFFFF
FFFFFF
FFFFFF
FFFFFF
FFFFFF
FFFFFF
FFFFFF
FFFFFF
FFFFFF
FFFFFF
FFFFFF
FFFFFF
FFFFFF
FFFFFF
FFFFFF
FFFFFF
FFFFFF
FFFFFF
FFFFFF
FFFFFF
FFFFFF
FFFFFF
FFFFFF
FFFFFF
FFFFFF
FFFFFF
FFFFFF
FFFFFF
FFFFFF
FFFFFF
FFFFFF
FFFFFF
FFFFFF
FFFFFF
FFFFFF
FFFFFF
FFFFFF
FFFFFF
FFFFFF
FFFFFF
FFFFFF
FFFFFF
FFFFFF
FFFFFF
FFFFFF
FFFFFF
FFFFFF
FFFFFF
FFFFFF
FFFFFF
FFFFFF
FFFFFF
FFFFFF
FFFFFF
FFFFFF
FFFFFF
FFFFFF
FFFFFF
FFFFFF
FFFFFF
FFFFFF
FFFFFF
FFFFFF
FFFFFF
FFFFFF
FFFFFF
FFFFFF
FFFFFF
FFFFFF
FFFFFF
FFFFFF
FFFFFF
FFFFFF
FFFFFF
FFFFFF
FFFFFF
FFFFFF
F4F1F0
F4F1F0
F3F0EF
F4F1F0
F4EFEF
EEE9E9
F2EFEE
F4F1F0
F4F1F0
F4F1F0
F4F1F0
F4F1F0
F4F1F0
F4F1F0
F4F1F0
F3F0EF
EFECEB
F3F0EF
EEEBEA
EEEBEA
F5F2F1
F4F1F0
F4F1F0
F4F1F0
F4F1F0
F4F1F0
F4F1F0
F4F1F0
F4F1F0
F4F1F0
F4F1F0
F4F1F0
F4F1F0
F4F1F0
F4F1F0
F4F1F0
F4F1F0
F4F1F0
F4F1F0
F4F1F0
F4F1F0
F4F1F0
F4F1F0
F4F1F0
F4F1F0
F3F0EF
F2EFEE
F4F1F0
F4F1F0
F5F2F1
F4F1F0
F4F1F0
F4F1F0
F3F0EF
ECE9E8
F1EEED
F4F1F0
F4F1F0
F4F1F0
F4F1F0
F4F1F0
F4F1F0
F4F1F0
F4F1F0
F4F1F0
F4F1F0
F4F1F0
F4F1F0
F4F1F0
F4F1F0
F4F1F0
F4F1F0
F4F1F0
F4F1F0
F4F1F0
F4F1F0
F4F1F0
F4F1F0
F4F1F0
E9E6E5
E7E4E3
F2EFEE
F4F1F0
F2EFEE
F4F1F0
F4F1F0
F4F1F0
F4F1F0
F4F1F0
F4F1F0
F4F1F0
F4F1F0
F4F1F0
F4F1F0
F4F1F0
F4F1F0
F3F2F1
F2F1F0
F4F1F0
F4F1F0
F4F1F0
F3F0EF
F3F0EF
F4F1F0
F4F1F0
F4F1F0
F4F1F0
F4F1F0
F4F1F0
F4F1F0
F4F1F0
F4F1F0
F4F1F0
F3F0EF
F1EEED
F4F1F0
F4F1F0
F3F0EF
F4F1F0
F4F1F0
F3F0EF
F4F1F0
EEEBEA
F0EDEC
F4F1F0
F4F1F0
F4F1F0
F4F1F0
F4F1F0
F4F1F0
F4F1F0
F4F1F0
F4F1F0
F4F1F0
F5F0F0
F6F1F1
F6F1F1
F3EEEE
EBE6E6
EFEAEA
F2EAEB
EAE2E3
EDE9EA
F5F1F2
E3E3E5
D9D9DB
DDDFE2
DEE0E3
DCE0E5
DDE1E6
DEE2E7
DDE1E6
DCE0E6
DCE0E6
DBDFE5
DADEE4
DADEE4
D9DDE3
DADBE1
D9DAE0
D8DADD
D8DADD
D7D7D9
DCDCDE
EDEDF1
FDFDFF
FEFFFF
FEFFFF
FFFFFF
FFFFFF
FFFFFF
FFFFFF
FFFFFF
FFFFFF
FFFFFF
FFFFFF
FFFFFF
FFFFFF
FFFFFF
FFFFFF
FFFFFF
FFFFFF
FFFFFF
FFFFFF
FFFFFF
FFFFFF
FFFFFF
FFFFFF
FFFFFF
FFFFFF
FFFFFF
FFFFFF
FFFFFF
FFFFFF
FFFFFF
FFFFFF
FFFFFF
FFFFFF
FFFFFF
FFFFFF
FFFFFF
FFFFFF
FFFFFF
FFFFFF
FFFFFF
FFFFFF
FFFFFF
FFFFFF
FFFFFF
FFFFFF
FFFFFF
FFFFFF
FFFFFF
FFFFFF
FFFFFF
FFFFFF
FFFFFF
FFFFFF
FFFFFF
FFFFFF
FFFFFF
FFFFFF
FFFFFF
FFFFFF
FFFFFF
FFFFFF
FFFFFF
FFFFFF
FFFFFF
FFFFFF
FFFFFF
FFFFFF
FFFFFF
FFFFFF
FFFFFF
FFFFFF
FFFFFF
FFFFFF
FFFFFF
FFFFFF
FFFFFF
FFFFFF
FFFFFF
FFFFFF
FFFFFF
FFFFFF
FFFFFF
FFFFFF
FFFFFF
FFFFFF
FFFFFF
FFFFFF
FFFFFF
FFFFFF
FFFFFF
FFFFFF
F4F1F0
F4F1F0
F3F0EF
F4F1F0
F4EFEF
EEE9E9
F2EFEE
F4F1F0
F4F1F0
F4F1F0
F4F1F0
F4F1F0
F4F1F0
F4F1F0
F3F0EF
F3F0EF
EEEBEA
F3F0EF
F1EEED
EEEBEA
F1EEED
F5F2F1
F4F1F0
F4F1F0
F4F1F0
F4F1F0
F4F1F0
F4F1F0
F4F1F0
F4F1F0
F4F1F0
F4F1F0
F4F1F0
F4F1F0
F4F1F0
F4F1F0
F4F1F0
F4F1F0
F4F1F0
F4F1F0
F4F1F0
F4F1F0
F3F0EF
F3F0EF
F5F2F1
F5F2F1
F3F0EF
F2EFEE
F4F1F0
F4F1F0
F5F2F1
F4F1F0
F4F1F0
F4F1F0
F1EEED
ECE9E8
F2EFEE
F4F1F0
F4F1F0
F4F1F0
F4F1F0
F4F1F0
F4F1F0
F4F1F0
F4F1F0
F4F1F0
F4F1F0
F4F1F0
F4F1F0
F5F2F1
F4F1F0
F4F1F0
F4F1F0
F4F1F0
F4F1F0
F4F1F0
F4F1F0
F4F1F0
F4F1F0
F3F0EF
E7E4E3
E9E6E5
F2EFEE
F3F0EF
F4F1F0
F4F1F0
F4F1F0
F4F1F0
F4F1F0
F4F1F0
F4F1F0
F4F1F0
F4F1F0
F4F1F0
F4F1F0
F4F1F0
F5F4F3
F5F4F3
F6F3F2
F4F1F0
F3F0EF
F3F0EF
F6F3F2
F6F3F2
F3F0EF
F4F1F0
F4F1F0
F4F1F0
F4F1F0
F4F1F0
F4F1F0
F4F1F0
F4F1F0
F4F1F0
F2EFEE
F2EFEE
F5F2F1
F3F0EF
F3F0EF
F4F1F0
F4F1F0
F4F1F0
F4F1F0
F0EDEC
F1EEED
F4F1F0
F4F1F0
F4F1F0
F4F1F0
F4F1F0
F4F1F0
F4F1F0
F4F1F0
F4F1F0
F4EFEF
F5F0F0
F4F1F0
F5F2F1
F2EDED
EBE6E6
F1E9EA
F1E9EA
E7E3E4
F1EDEE
F1EFF2
E4E2E5
DCDEE1
DFE1E4
DEE2E8
DFE3E9
DFE3E9
DFE3E9
DEE2E8
DFE3E9
DFE3EB
DFE3EB
DEE1EC
DDE0EB
DEDFE6
DDDEE5
DCDDE3
DCDDE3
DBDBDF
D9D9DD
D7D7DB
E3E3E7
F8FAFB
FFFFFF
FFFFFF
FFFFFF
FFFFFF
FFFFFF
FFFFFF
FFFFFF
FFFFFF
FFFFFF
FFFFFF
FFFFFF
FFFFFF
FFFFFF
FFFFFF
FFFFFF
FFFFFF
FFFFFF
FFFFFF
FFFFFF
FFFFFF
FFFFFF
FFFFFF
FFFFFF
FFFFFF
FFFFFF
FFFFFF
FFFFFF
FFFFFF
FFFFFF
FFFFFF
FFFFFF
FFFFFF
FFFFFF
FFFFFF
FFFFFF
FFFFFF
FFFFFF
FFFFFF
FFFFFF
FFFFFF
FFFFFF
FFFFFF
FFFFFF
FFFFFF
FFFFFF
FFFFFF
FFFFFF
FFFFFF
FFFFFF
FFFFFF
FFFFFF
FFFFFF
FFFFFF
FFFFFF
FFFFFF
FFFFFF
FFFFFF
FFFFFF
FFFFFF
FFFFFF
FFFFFF
FFFFFF
FFFFFF
FFFFFF
FFFFFF
FFFFFF
FFFFFF
FFFFFF
FFFFFF
FFFFFF
FFFFFF
FFFFFF
FFFFFF
FFFFFF
FFFFFF
FFFFFF
FFFFFF
FFFFFF
FFFFFF
FFFFFF
FFFFFF
FFFFFF
FFFFFF
FFFFFF
FFFFFF
FFFFFF
FFFFFF
FFFFFF
FFFFFF
F4F1F0
F4F1F0
F3F0EF
F4F1F0
F4EFEF
EEE9E9
F2EFEE
F4F1F0
F4F1F0
F4F1F0
F4F1F0
F4F1F0
F4F1F0
F4F1F0
F4F1F0
F3F0EF
EEEBEA
F1EEED
F4F1F0
EFECEB
EEEBEA
F4F1F0
F4F1F0
F4F1F0
F4F1F0
F4F1F0
F4F1F0
F4F1F0
F4F1F0
F4F1F0
F4F1F0
F4F1F0
F4F1F0
F4F1F0
F4F1F0
F4F1F0
F4F1F0
F4F1F0
F4F1F0
F4F1F0
F4F1F0
F4F1F0
F4F1F0
F4F1F0
F4F1F0
F5F2F1
F5F2F1
F2EFEE
F2EFEE
F4F1F0
F3F0EF
F4F1F0
F4F1F0
F5F2F1
F5F2F1
F0EDEC
EDEAE9
F2EFEE
F4F1F0
F4F1F0
F4F1F0
F4F1F0
F4F1F0
F4F1F0
F4F1F0
F4F1F0
F3F0EF
F3F0EF
F4F1F0
EBE8E7
F5F2F1
F3F0EF
F4F1F0
F4F1F0
F4F1F0
F4F1F0
F4F1F0
F4F1F0
F4F1F0
F4F1F0
F0EDEC
E5E2E1
E9E6E5
F1EEED
F2EFEE
F4F1F0
F4F1F0
F4F1F0
F4F1F0
F4F1F0
F4F1F0
F4F1F0
F4F1F0
F4F1F0
F4F1F0
F4F1F0
F8F7F6
FAF9F8
F9F7F8
F6F4F5
F4F1F0
F3F0EF
F7F4F3
F9F6F5
F5F2F1
F4F1F0
F4F1F0
F4F1F0
F4F1F0
F4F1F0
F4F1F0
F4F1F0
F4F1F0
F4F1F0
F4F1F0
F3F0EF
F1EEED
F4F1F0
F4F1F0
F4F1F0
F4F1F0
F4F1F0
F4F1F0
F2EFEE
EEEBEA
F2EFEE
F4F1F0
F4F1F0
F4F1F0
F4F1F0
F4F1F0
F4F1F0
F4F1F0
F3F0EF
F3EEEE
F5F0F0
F5F2F1
F3F0EF
F6F1F1
F0EBEB
EDE5E6
F2EAEB
ECE6E8
EAE4E6
F2F0F3
F0EEF1
E4E4E8
DFDFE3
DFE3E9
E0E4EA
E0E4EA
E0E4EA
E0E4EC
E1E5ED
E1E5ED
E1E5ED
E1E4EF
E1E4EF
E1E4EF
E0E3EE
DFE3EB
DFE3EB
E0E1E7
DDDEE4
DCDBE2
D8D7DE
DCDEE1
F1F3F6
FFFFFF
FFFFFF
FFFFFF
FFFFFF
FFFFFF
FFFFFF
FFFFFF
FFFFFF
FFFFFF
FFFFFF
FFFFFF
FFFFFF
FFFFFF
FFFFFF
FFFFFF
FFFFFF
FFFFFF
FFFFFF
FFFFFF
FFFFFF
FFFFFF
FFFFFF
FFFFFF
FFFFFF
FFFFFF
FFFFFF
FFFFFF
FFFFFF
FFFFFF
FFFFFF
FFFFFF
FFFFFF
FFFFFF
FFFFFF
FFFFFF
FFFFFF
FFFFFF
FFFFFF
FFFFFF
FFFFFF
FFFFFF
FFFFFF
FFFFFF
FFFFFF
FFFFFF
FFFFFF
FFFFFF
FFFFFF
FFFFFF
FFFFFF
FFFFFF
FFFFFF
FFFFFF
FFFFFF
FFFFFF
FFFFFF
FFFFFF
FFFFFF
FFFFFF
FFFFFF
FFFFFF
FFFFFF
FFFFFF
FFFFFF
FFFFFF
FFFFFF
FFFFFF
FFFFFF
FFFFFF
FFFFFF
FFFFFF
FFFFFF
FFFFFF
FFFFFF
FFFFFF
FFFFFF
FFFFFF
FFFFFF
FFFFFF
FFFFFF
FFFFFF
FFFFFF
FFFFFF
FFFFFF
FFFFFF
FFFFFF
FFFFFF
FFFFFF
F4F1F0
F4F1F0
F3F0EF
F4F1F0
F4EFEF
EEE9E9
F2EFEE
F4F1F0
F5F2F1
F4F1F0
F4F1F0
F4F1F0
F4F1F0
F4F1F0
F4F1F0
F4F1F0
F1EEED
EFECEB
F4F1F0
F2EFEE
EDEAE9
F2EFEE
F5F2F1
F4F1F0
F4F1F0
F4F1F0
F4F1F0
F4F1F0
F4F1F0
F4F1F0
F4F1F0
F4F1F0
F4F1F0
F4F1F0
F4F1F0
F4F1F0
F4F1F0
F4F1F0
F4F1F0
F4F1F0
F4F1F0
F4F1F0
F4F1F0
F4F1F0
F4F1F0
F5F2F1
F5F2F1
F5F2F1
F1EEED
F2EFEE
F3F0EF
F4F1F0
F4F1F0
F4F1F0
F4F1F0
F3F0EF
EFECEB
EDEAE9
F3F0EF
F4F1F0
F4F1F0
F4F1F0
F4F1F0
F4F1F0
F4F1F0
F4F1F0
F4F1F0
F9F6F5
DAD7D6
DAD7D6
F5F2F1
F2EFEE
F4F1F0
F4F1F0
F4F1F0
F4F1F0
F4F1F0
F4F1F0
F4F1F0
F4F1F0
F4F1F0
EBE8E7
E4E1E0
EAE7E6
F1EEED
F3F0EF
F4F1F0
F4F1F0
F4F1F0
F4F1F0
F4F1F0
F4F1F0
F4F1F0
F4F1F0
F4F1F0
F5F2F1
F7F8F6
FAFBF9
FAFAFA
F8F8F8
F7F4F3
F4F1F0
F5F2F1
F7F4F3
F6F3F2
F4F1F0
F4F1F0
F4F1F0
F4F1F0
F4F1F0
F4F1F0
F4F1F0
F4F1F0
F4F1F0
F4F1F0
F4F1F0
F2EFEE
F1EEED
F4F1F0
F4F1F0
F5F2F1
F5F2F1
F4F1F0
F4F1F0
F1EEED
EEEBEA
F3F0EF
F4F1F0
F4F1F0
F4F1F0
F4F1F0
F4F1F0
F4F1F0
F4F1F0
F5F2F1
F5F2F1
F4F1F0
F3F0EF
F4F1F0
F4F1F0
F0E8E9
F0E8E9
F1E9EA
EAE2E3
F1EDEE
F5F1F2
EFEFF1
E6E6E8
DEE2E7
E0E4E9
E1E5EB
E2E6EC
E2E6EC
E3E7ED
E3E7EF
E3E7EF
E3E6F1
E3E6F1
E3E7EF
E3E7EF
E3E7EF
E3E7EF
E2E6EC
E1E5EB
DFE3E9
DEE2E8
DDDEE4
DADBE1
ECECEE
FDFDFF
FFFFFF
FFFFFF
FFFFFF
FFFFFF
FFFFFF
FFFFFF
FFFFFF
FFFFFF
FFFFFF
FFFFFF
FFFFFF
FFFFFF
FFFFFF
FFFFFF
FFFFFF
FFFFFF
FFFFFF
FFFFFF
FFFFFF
FFFFFF
FFFFFF
FFFFFF
FFFFFF
FFFFFF
FFFFFF
FFFFFF
FFFFFF
FFFFFF
FFFFFF
FFFFFF
FFFFFF
FFFFFF
FFFFFF
FFFFFF
FFFFFF
FFFFFF
FFFFFF
FFFFFF
FFFFFF
FFFFFF
FFFFFF
FFFFFF
FFFFFF
FFFFFF
FFFFFF
FFFFFF
FFFFFF
FFFFFF
FFFFFF
FFFFFF
FFFFFF
FFFFFF
FFFFFF
FFFFFF
FFFFFF
FFFFFF
FFFFFF
FFFFFF
FFFFFF
FFFFFF
FFFFFF
FFFFFF
FFFFFF
FFFFFF
FFFFFF
FFFFFF
FFFFFF
FFFFFF
FFFFFF
FFFFFF
FFFFFF
FFFFFF
FFFFFF
FFFFFF
FFFFFF
FFFFFF
FFFFFF
FFFFFF
FFFFFF
FFFFFF
FFFFFF
FFFFFF
FFFFFF
FFFFFF
FFFFFF
FFFFFF
F4F1F0
F4F1F0
F4F1F0
F4F1F0
F4EFEF
EEE9E9
F2EFEE
F4F1F0
F4F1F0
F4F1F0
F4F1F0
F4F1F0
F4F1F0
F4F1F0
F4F1F0
F4F1F0
F3F0EF
EDEAE9
F4F1F0
F4F1F0
F1EEED
EFECEB
F4F1F0
F4F1F0
F4F1F0
F4F1F0
F4F1F0
F4F1F0
F4F1F0
F4F1F0
F4F1F0
F4F1F0
F4F1F0
F4F1F0
F4F1F0
F4F1F0
F4F1F0
F4F1F0
F4F1F0
F4F1F0
F4F1F0
F4F1F0
F4F1F0
F4F1F0
F4F1F0
F4F1F0
F5F2F1
F5F2F1
F4F1F0
F2EFEE
F2EFEE
F4F1F0
F4F1F0
F4F1F0
F4F1F0
F4F1F0
F2EFEE
EEEBEA
ECE9E8
F4F1F0
F4F1F0
F4F1F0
F4F1F0
F4F1F0
F4F1F0
F4F1F0
F8F3F3
E6E1E1
B6B1B1
F6F1F1
F3F0EF
F4F1F0
F4F1F0
F4F1F0
F4F1F0
F4F1F0
F4F1F0
F4F1F0
F4F1F0
F4F1F0
F4F1F0
F3F0EF
E7E4E3
E6E3E2
EBE8E7
F1EEED
F4F1F0
F4F1F0
F4F1F0
F4F1F0
F4F1F0
F4F1F0
F4F1F0
F4F1F0
F4F1F0
F4F1F0
F5F4F3
FAF9F8
FBFBFB
FAFAFA
F8F7F6
F3F2F1
F3F0EF
F4F1F0
F5F2F1
F4F1F0
F4F1F0
F4F1F0
F4F1F0
F4F1F0
F4F1F0
F4F1F0
F4F1F0
F4F1F0
F4F1F0
F4F1F0
F4F1F0
F2EFEE
F3F0EF
F4F1F0
F5F2F1
F3F0EF
F4F1F0
F4F1F0
F4F1F0
F0EDEC
EFECEB
F3F0EF
F3F0EF
F4F1F0
F4F1F0
F4F1F0
F4F1F0
F6F3F2
FBF8F7
F7F4F3
F4F1F0
F4F1F0
F3F0EF
F3F0EF
F5F0F0
EEE9E9
EFEAEA
EDE8E8
E9E5E6
F4F0F1
F1EFF2
F1EFF2
E7E9EC
E1E3E6
DFE3E8
E1E5EA
DFE3E8
DEE2E7
DDE1E6
DCE0E5
DCE0E6
DCE0E6
DDE1E7
DEE2E8
DFE3E8
E0E4E9
E0E4E9
E2E6EB
E1E5EB
E1E5EB
E0E4E9
DDE1E6
DEE0E3
E3E5E8
F9F9FB
FFFFFF
FEFEFE
FEFEFE
FFFFFF
FFFFFF
FFFFFF
FFFFFF
FFFFFF
FFFFFF
FFFFFF
FFFFFF
FFFFFF
FFFFFF
FFFFFF
FFFFFF
FFFFFF
FFFFFF
FFFFFF
FFFFFF
FFFFFF
FFFFFF
FFFFFF
FFFFFF
FFFFFF
FFFFFF
FFFFFF
FFFFFF
FFFFFF
FFFFFF
FFFFFF
FFFFFF
FFFFFF
FFFFFF
FFFFFF
FFFFFF
FFFFFF
FFFFFF
FFFFFF
FFFFFF
FFFFFF
FFFFFF
FFFFFF
FFFFFF
FFFFFF
FFFFFF
FFFFFF
FFFFFF
FFFFFF
FFFFFF
FFFFFF
FFFFFF
FFFFFF
FFFFFF
FFFFFF
FFFFFF
FFFFFF
FFFFFF
FFFFFF
FFFFFF
FFFFFF
FFFFFF
FFFFFF
FFFFFF
FFFFFF
FFFFFF
FFFFFF
FFFFFF
FFFFFF
FFFFFF
FFFFFF
FFFFFF
FFFFFF
FFFFFF
FFFFFF
FFFFFF
FFFFFF
FFFFFF
FFFFFF
FFFFFF
FFFFFF
FFFFFF
FFFFFF
FFFFFF
FFFFFF
FFFFFF
F4F1F0
F4F1F0
F4F1F0
F4F1F0
F5F0F0
EEE9E9
F2EFEE
F4F1F0
F4F1F0
F4F1F0
F4F1F0
F4F1F0
F4F1F0
F4F1F0
F4F1F0
F4F1F0
F5F2F1
EFECEB
F3F0EF
F6F3F2
F3F0EF
EFECEB
F2EFEE
F4F1F0
F4F1F0
F4F1F0
F4F1F0
F3F0EF
F4F1F0
F4F1F0
F4F1F0
F4F1F0
F4F1F0
F4F1F0
F4F1F0
F4F1F0
F3F0EF
F4F1F0
F4F1F0
F4F1F0
F4F1F0
F4F1F0
F4F1F0
F4F1F0
F4F1F0
F4F1F0
F4F1F0
F5F2F1
F5F2F1
F5F2F1
F3F0EF
F2EFEE
F4F1F0
F4F1F0
F3F0EF
F4F1F0
F4F1F0
F2EFEE
EAE7E6
F0EDEC
F5F2F1
F3F0EF
F3F0EF
F4F1F0
F4F1F0
F5F2F1
F8EDEF
AFA4A6
D1C8C9
FCF3F4
F4F1F0
F4F1F0
F4F1F0
F4F1F0
F4F1F0
F4F1F0
F4F1F0
F4F1F0
F4F1F0
F4F1F0
F4F1F0
F5F2F1
EEEBEA
E5E2E1
E7E4E3
EEEBEA
F4F1F0
F4F1F0
F4F1F0
F4F1F0
F4F1F0
F4F1F0
F4F1F0
F4F1F0
F4F1F0
F4F1F0
F3F2F1
F7F6F5
FAFAFA
FAFAFA
F8F8F8
F4F4F4
F4F1F0
F3F0EF
F4F1F0
F4F1F0
F4F1F0
F4F1F0
F4F1F0
F4F1F0
F4F1F0
F4F1F0
F4F1F0
F4F1F0
F4F1F0
F4F1F0
F4F1F0
F4F1F0
F3F0EF
F3F0EF
F4F1F0
F4F1F0
F4F1F0
F4F1F0
F4F1F0
F3F0EF
F0EDEC
F0EDEC
F2EFEE
F4F1F0
F4F1F0
F4F1F0
F4F1F0
F7F4F3
FBF9FA
FAF8F9
F5F3F4
F3F1F2
F7F4F3
F5F2F1
F4F1F0
F2EFEE
EFEAEA
F1ECEC
E9E4E4
EFEAEA
F4F0F1
F4F0F1
F3F1F2
F0EEEF
E8E8EC
E3E3E7
E2E2E4
E4E4E6
E4E4E6
E5E5E7
E6E6E8
E7E7E9
E7E7E9
E7E7E9
E6E6E8
E5E5E7
E3E5E8
E1E3E6
DFE0E6
DFE0E6
DEDFE5
E0E1E7
E0E2E5
DCDEE1
E0E0E4
F5F5F9
FFFFFF
FFFFFF
FFFFFF
FFFFFF
FFFFFF
FFFFFF
FFFFFF
FFFFFF
FFFFFF
FFFFFF
FFFFFF
FFFFFF
FFFFFF
FFFFFF
FFFFFF
FFFFFF
FFFFFF
FFFFFF
FFFFFF
FFFFFF
FFFFFF
FFFFFF
FFFFFF
FFFFFF
FFFFFF
FFFFFF
FFFFFF
FFFFFF
FFFFFF
FFFFFF
FFFFFF
FFFFFF
FFFFFF
FFFFFF
FFFFFF
FFFFFF
FFFFFF
FFFFFF
FFFFFF
FFFFFF
FFFFFF
FFFFFF
FFFFFF
FFFFFF
FFFFFF
FFFFFF
FFFFFF
FFFFFF
FFFFFF
FFFFFF
FFFFFF
FFFFFF
FFFFFF
FFFFFF
FFFFFF
FFFFFF
FFFFFF
FFFFFF
FFFFFF
FFFFFF
FFFFFF
FFFFFF
FFFFFF
FFFFFF
FFFFFF
FFFFFF
FFFFFF
FFFFFF
FFFFFF
FFFFFF
FFFFFF
FFFFFF
FFFFFF
FFFFFF
FFFFFF
FFFFFF
FFFFFF
FFFFFF
FFFFFF
FFFFFF
FFFFFF
FFFFFF
FFFFFF
FFFFFF
F4F1F0
F4F1F0
F4F1F0
F4F1F0
F4EFEF
EEE9E9
F2EFEE
F4F1F0
F4F1F0
F4F1F0
F4F1F0
F4F1F0
F4F1F0
F4F1F0
F4F1F0
F4F1F0
F5F2F1
F2EFEE
F0EDEC
F5F2F1
F3F0EF
F2EFEE
EFECEB
F3F0EF
F4F1F0
F4F1F0
F4F1F0
F3F0EF
F4F1F0
F4F1F0
F4F1F0
F4F1F0
F4F1F0
F4F1F0
F4F1F0
F4F1F0
F3F0EF
F4F1F0
F4F1F0
F4F1F0
F4F1F0
F4F1F0
F4F1F0
F4F1F0
F4F1F0
F4F1F0
F4F1F0
F5F2F1
F6F3F2
F5F2F1
F4F1F0
F4F1F0
F2EFEE
F4F1F0
F4F1F0
F4F1F0
F4F1F0
F4F1F0
F1EEED
E8E5E4
F1EEED
F4F1F0
F4F1F0
F4F1F0
F4EFEF
FAF5F5
CFC1C4
AD9FA2
F0EBEB
F5F0F0
F4F1F0
F4F1F0
F4F1F0
F4F1F0
F4F1F0
F4F1F0
F4F1F0
F4F1F0
F4F1F0
F4F1F0
F4F1F0
F4F1F0
F4F1F0
E8E5E4
E6E3E2
E9E6E5
F2EFEE
F4F1F0
F4F1F0
F4F1F0
F4F1F0
F4F1F0
F4F1F0
F4F1F0
F4F1F0
F4F1F0
F4F1F0
F6F3F2
F8F6F7
FBF9FA
F9F7F8
F5F3F4
F4F1F0
F4F1F0
F4F1F0
F4F1F0
F4F1F0
F4F1F0
F4F1F0
F4F1F0
F4F1F0
F4F1F0
F4F1F0
F4F1F0
F3F0EF
F3F0EF
F4F1F0
F4F1F0
F4F1F0
F3F0EF
F4F1F0
F4F1F0
F3F0EF
F4F1F0
F4F1F0
F4F1F0
F4F1F0
EFECEB
F1EEED
F4F1F0
F4F1F0
F4F1F0
F4F1F0
F6F3F2
FAF8F9
FBF9FA
F8F6F7
F3F1F2
FBF8F7
FAF7F6
F4F1F0
F5F2F1
F2EDED
EEE9E9
EEE9E9
E8E3E3
F2EEEF
F4F0F1
F4F0F1
F5F1F2
F3F2F1
F2F1F0
F0EEEF
F1EFF0
F2F0F1
F2F0F1
F3F1F2
F3F1F2
F4F1F0
F5F2F1
F6F3F2
F6F3F2
F3F1F2
F1EFF0
F0EEF1
EDEBEE
E4E4E8
E4E4E8
E4E4E8
E0E0E4
DBDBDF
DBDBDF
F3F3F5
FFFFFF
FFFFFF
FFFFFF
FFFFFF
FFFFFF
FFFFFF
FFFFFF
FFFFFF
FFFFFF
FFFFFF
FFFFFF
FFFFFF
FFFFFF
FFFFFF
FFFFFF
FFFFFF
FFFFFF
FFFFFF
FFFFFF
FFFFFF
FFFFFF
FFFFFF
FFFFFF
FFFFFF
FFFFFF
FFFFFF
FFFFFF
FFFFFF
FFFFFF
FFFFFF
FFFFFF
FFFFFF
FFFFFF
FFFFFF
FFFFFF
FFFFFF
FFFFFF
FFFFFF
FFFFFF
FFFFFF
FFFFFF
FFFFFF
FFFFFF
FFFFFF
FFFFFF
FFFFFF
FFFFFF
FFFFFF
FFFFFF
FFFFFF
FFFFFF
FFFFFF
FFFFFF
FFFFFF
FFFFFF
FFFFFF
FFFFFF
FFFFFF
FFFFFF
FFFFFF
FFFFFF
FFFFFF
FFFFFF
FFFFFF
FFFFFF
FFFFFF
FFFFFF
FFFFFF
FFFFFF
FFFFFF
FFFFFF
FFFFFF
FFFFFF
FFFFFF
FFFFFF
FFFFFF
FFFFFF
FFFFFF
FFFFFF
FFFFFF
FFFFFF
FFFFFF
FFFFFF
F4F1F0
F4F1F0
F4F1F0
F4F1F0
F4EFEF
EEE9E9
F2EFEE
F4F1F0
F4F1F0
F4F1F0
F4F1F0
F4F1F0
F4F1F0
F4F1F0
F4F1F0
F4F1F0
F4F1F0
F3F0EF
EEEBEA
F5F2F1
F3F0EF
F4F1F0
F0EDEC
F1EEED
F4F1F0
F4F1F0
F4F1F0
F4F1F0
F4F1F0
F4F1F0
F3F0EF
F4F1F0
F4F1F0
F4F1F0
F4F1F0
F4F1F0
F4F1F0
F4F1F0
F4F1F0
F4F1F0
F4F1F0
F4F1F0
F4F1F0
F4F1F0
F4F1F0
F4F1F0
F4F1F0
F4F1F0
F6F3F2
F5F2F1
F4F1F0
F5F2F1
F3F0EF
F2EFEE
F4F1F0
F4F1F0
F3F0EF
F4F1F0
F4F1F0
EEEBEA
E9E6E5
F3F0EF
F4F1F0
F4F1F0
F9F1F2
E8E0E1
AE9EA2
C9B9BD
F8F5F4
F4F1F0
F4F1F0
F4F1F0
F4F1F0
F4F1F0
F4F1F0
F4F1F0
F4F1F0
F4F1F0
F4F1F0
F4F1F0
F4F1F0
F4F1F0
F5F2F1
F0EDEC
E6E3E2
E6E3E2
EDEAE9
F4F1F0
F2EFEE
F4F1F0
F4F1F0
F4F1F0
F4F1F0
F4F1F0
F4F1F0
F4F1F0
F4F1F0
F5F2F1
F6F2F3
FAF6F7
F8F6F7
F5F3F4
F5F2F1
F4F1F0
F4F1F0
F4F1F0
F4F1F0
F4F1F0
F4F1F0
F4F1F0
F4F1F0
F4F1F0
F4F1F0
F4F1F0
F3F0EF
F3F0EF
F4F1F0
F4F1F0
F4F1F0
F4F1F0
F2EFEE
F4F1F0
F4F1F0
F4F1F0
F4F1F0
F4F1F0
F4F1F0
F2EFEE
F0EDEC
F3F0EF
F4F1F0
F4F1F0
F4F1F0
F4F1F0
F8F6F7
FAF8F9
FAF8F9
F5F3F4
F8F5F4
FAF7F6
F5F2F1
F4F1F0
F5F0F0
EFEAEA
EEE9E9
EAE5E5
EDE7E9
F3EDEF
F2ECEE
F3EDEF
F2EFEE
F4F1F0
F4F1F0
F4F1F0
F4F1F0
F4F1F0
F4F1F0
F4F1F0
F4F1EE
F4F1EE
F4F1F0
F4F1F0
F2F1F0
F3F2F1
F3F2F1
F4F3F2
F4F2F3
F1EFF0
EEECEF
EDEBEE
EDEDEF
E7E7E9
DFDFE1
EFEFF1
FEFEFF
FEFEFF
FEFEFE
FFFFFF
FFFFFF
FFFFFF
FFFFFF
FFFFFF
FFFFFF
FFFFFF
FFFFFF
FFFFFF
FFFFFF
FFFFFF
FFFFFF
FFFFFF
FFFFFF
FFFFFF
FFFFFF
FFFFFF
FFFFFF
FFFFFF
FFFFFF
FFFFFF
FFFFFF
FFFFFF
FFFFFF
FFFFFF
FFFFFF
FFFFFF
FFFFFF
FFFFFF
FFFFFF
FFFFFF
FFFFFF
FFFFFF
FFFFFF
FFFFFF
FFFFFF
FFFFFF
FFFFFF
FFFFFF
FFFFFF
FFFFFF
FFFFFF
FFFFFF
FFFFFF
FFFFFF
FFFFFF
FFFFFF
FFFFFF
FFFFFF
FFFFFF
FFFFFF
FFFFFF
FFFFFF
FFFFFF
FFFFFF
FFFFFF
FFFFFF
FFFFFF
FFFFFF
FFFFFF
FFFFFF
FFFFFF
FFFFFF
FFFFFF
FFFFFF
FFFFFF
FFFFFF
FFFFFF
FFFFFF
FFFFFF
FFFFFF
FFFFFF
FFFFFF
FFFFFF
FFFFFF
FFFFFF
FFFFFF
FFFFFF
FFFFFF
F4F1F0
F4F1F0
F4F1F0
F4F1F0
F5F0F0
EEE9E9
F2EFEE
F4F1F0
F4F1F0
F4F1F0
F4F1F0
F4F1F0
F4F1F0
F4F1F0
F4F1F0
F4F1F0
F4F1F0
F3F0EF
F0EDEC
F2EFEE
F3F0EF
F4F1F0
F3F0EF
EFECEB
F2EFEE
F4F1F0
F4F1F0
F5F2F1
F4F1F0
F3F0EF
F3F0EF
F3F0EF
F4F1F0
F4F1F0
F4F1F0
F4F1F0
F4F1F0
F4F1F0
F4F1F0
F4F1F0
F4F1F0
F4F1F0
F4F1F0
F4F1F0
F4F1F0
F4F1F0
F4F1F0
F4F1F0
F4F1F0
F5F2F1
F5F2F1
F5F2F1
F5F2F1
F3F0EF
F2EFEE
F4F1F0
F4F1F0
F3F0EF
F3F0EF
F4F1F0
EBE8E7
ECE9E8
F2F1F0
F2F1F0
FBF2F3
C0B7B8
B1A1A5
DCCCD0
F8F3F3
F5F0F0
F4F1F0
F4F1F0
F4F1F0
F4F1F0
F4F1F0
F4F1F0
F4F1F0
F4F1F0
F4F1F0
F4F1F0
F4F1F0
F4F1F0
F4F1F0
F5F2F1
EAE7E6
E5E2E1
E9E6E5
F3F0EF
F3F0EF
F2EFEE
F4F1F0
F4F1F0
F4F1F0
F4F1F0
F4F1F0
F4F1F0
F4F1F0
F5F2F1
F4F0F1
F5F1F2
F6F2F3
F5F1F2
F4F1F0
F4F1F0
F4F1F0
F4F1F0
F4F1F0
F4F1F0
F4F1F0
F4F1F0
F4F1F0
F4F1F0
F4F1F0
F4F1F0
F3F0EF
F2EFEE
F3F0EF
F4F1F0
F4F1F0
F4F1F0
F4F1F0
F3F0EF
F4F1F0
F4F1F0
F4F1F0
F4F1F0
F4F1F0
F4F1F0
F0EDEC
EFECEB
F3F0EF
F4F1F0
F4F1F0
F3F0EF
F5F3F4
FAF8F9
FDFAF9
FAF7F6
F6F3F2
F6F3F2
F4F1F0
F4F1F0
F5F0F0
F5F0F0
EDE8E8
EFEAEA
E9E3E5
F3EDEF
F2EDED
EFEAEA
EFEAEA
F1ECEC
F1EEED
F2EFEE
F3F0EF
F3F0EF
F4F1F0
F3F0EF
F3F0EF
F4F1F0
F4F1F0
F3F0EF
F3F0EF
F3F0EF
F3F0EF
F4F1F0
F4F1F0
F4F1F0
F2F0F1
F0EEEF
EDEBEC
F0EEEF
F6F4F7
EFEDF0
F5F3F6
FFFDFF
FEFEFE
FFFFFF
FFFFFF
FFFFFF
FFFFFF
FFFFFF
FFFFFF
FFFFFF
FFFFFF
FFFFFF
FFFFFF
FFFFFF
FFFFFF
FFFFFF
FFFFFF
FFFFFF
FFFFFF
FFFFFF
FFFFFF
FFFFFF
FFFFFF
FFFFFF
FFFFFF
FFFFFF
FFFFFF
FFFFFF
FFFFFF
FFFFFF
FFFFFF
FFFFFF
FFFFFF
FFFFFF
FFFFFF
FFFFFF
FFFFFF
FFFFFF
FFFFFF
FFFFFF
FFFFFF
FFFFFF
FFFFFF
FFFFFF
FFFFFF
FFFFFF
FFFFFF
FFFFFF
FFFFFF
FFFFFF
FFFFFF
FFFFFF
FFFFFF
FFFFFF
FFFFFF
FFFFFF
FFFFFF
FFFFFF
FFFFFF
FFFFFF
FFFFFF
FFFFFF
FFFFFF
FFFFFF
FFFFFF
FFFFFF
FFFFFF
FFFFFF
FFFFFF
FFFFFF
FFFFFF
FFFFFF
FFFFFF
FFFFFF
FFFFFF
FFFFFF
FFFFFF
FFFFFF
FFFFFF
FFFFFF
FFFFFF
FFFFFF
F4F1F0
F4F1F0
F4F1F0
F4F1F0
F4F1F0
EDEAE9
F1EEED
F4F1F0
F4F1F0
F4F1F0
F4F1F0
F4F1F0
F4F1F0
F4F1F0
F4F1F0
F4F1F0
F4F1F0
F4F1F0
F3F0EF
F1EEED
F4F1F0
F5F2F1
F4F1F0
F0EDEC
F0EDEC
F4F1F0
F4F1F0
F4F1F0
F4F1F0
F3F0EF
F4F1F0
F4F1F0
F4F1F0
F4F1F0
F3F0EF
F4F1F0
F4F1F0
F4F1F0
F4F1F0
F4F1F0
F4F1F0
F4F1F0
F4F1F0
F4F1F0
F4F1F0
F4F1F0
F4F1F0
F4F1F0
F4F1F0
F4F1F0
F6F3F2
F6F3F2
F4F1F0
F4F1F0
F2EFEE
F1EEED
F4F1F0
F4F1F0
F3F0EF
F3F0EF
F0EDEC
EAE7E6
F0EDEC
F7F4F3
E7D9DA
B2A4A5
B9ABAC
EDDFE0
F6F3F2
F4F1F0
F4F1F0
F4F1F0
F4F1F0
F4F1F0
F4F1F0
F4F1F0
F4F1F0
F4F1F0
F4F1F0
F4F1F0
F4F1F0
F4F1F0
F4F1F0
F4F1F0
F1EEED
E4E1E0
E7E4E3
F1EEED
F4F1F0
F2EFEE
F3F0EF
F4F1F0
F4F1F0
F4F1F0
F4F1F0
F4F1F0
F4F1F0
F4F1F0
F4F1F0
F4F1F0
F4F1F0
F4F1F0
F4F1F0
F4F1F0
F4F1F0
F4F1F0
F4F1F0
F4F1F0
F4F1F0
F4F1F0
F4F1F0
F4F1F0
F4F1F0
F4F1F0
F3F0EF
F1EEED
F3F0EF
F4F1F0
F4F1F0
F4F1F0
F5F2F1
F3F0EF
F2EFEE
F4F1F0
F4F1F0
F4F1F0
F4F1F0
F3F0EF
F3F0EF
EFECEB
F0EDEC
F3F0EF
F4F1F0
F3F0EF
F5F2F1
FAF7F6
FBF9FA
FBF9FA
F5F2F1
F4F1F0
F4F1F0
F5F2F1
F3F0EF
F3F0EF
F1ECEC
EEE9E9
ECE6E8
EFE9EB
F4F0F1
F1EDEE
F1ECEC
F1ECEC
F0EBEB
F0EBEB
F0EBEB
F0EBEB
F2EDED
F4EFEF
F3F0EF
F4F1F0
F4F1F0
F4F1F0
F4F1F0
F4F1F0
F4F1F0
F4F1F0
F4F1F0
F3F0EF
F4F1F0
F4F1F0
F5F1F2
F2EEEF
EFEBEC
F2EEEF
F9F5F6
FFFDFE
FFFDFE
FFFDFE
FFFFFF
FFFFFF
FFFFFF
FFFFFF
FFFFFF
FFFFFF
FFFFFF
FFFFFF
FFFFFF
FFFFFF
FFFFFF
FFFFFF
FFFFFF
FFFFFF
FFFFFF
FFFFFF
FFFFFF
FFFFFF
FFFFFF
FFFFFF
FFFFFF
FFFFFF
FFFFFF
FFFFFF
FFFFFF
FFFFFF
FFFFFF
FFFFFF
FFFFFF
FFFFFF
FFFFFF
FFFFFF
FFFFFF
FFFFFF
FFFFFF
FFFFFF
FFFFFF
FFFFFF
FFFFFF
FFFFFF
FFFFFF
FFFFFF
FFFFFF
FFFFFF
FFFFFF
FFFFFF
FFFFFF
FFFFFF
FFFFFF
FFFFFF
FFFFFF
FFFFFF
FFFFFF
FFFFFF
FFFFFF
FFFFFF
FFFFFF
FFFFFF
FFFFFF
FFFFFF
FFFFFF
FFFFFF
FFFFFF
FFFFFF
FFFFFF
FFFFFF
FFFFFF
FFFFFF
FFFFFF
FFFFFF
FFFFFF
FFFFFF
FFFFFF
FFFFFF
FFFFFF
FFFFFF
FFFFFF
FFFFFF
F4F1F0
F4F1F0
F4F1F0
F4F1F0
F4F1F0
EEEBEA
F1EEED
F4F1F0
F4F1F0
F4F1F0
F4F1F0
F4F1F0
F4F1F0
F4F1F0
F4F1F0
F4F1F0
F4F1F0
F4F1F0
F3F0EF
F0EDEC
F4F1F0
F4F1F0
F4F1F0
F3F0EF
F0EDEC
F2EFEE
F4F1F0
F4F1F0
F4F1F0
F3F0EF
F4F1F0
F4F1F0
F3F0EF
F3F0EF
F4F1F0
F5F2F1
F4F1F0
F4F1F0
F4F1F0
F4F1F0
F4F1F0
F4F1F0
F4F1F0
F4F1F0
F4F1F0
F4F1F0
F4F1F0
F4F1F0
F4F1F0
F4F1F0
F5F2F1
F6F3F2
F4F1F0
F4F1F0
F4F1F0
F2EFEE
F2EFEE
F4F1F0
F3F0EF
F3F0EF
F3F0EF
EFECEB
EAE7E6
F5F2F1
C8B8B8
BAAAAA
BBB0B0
F7ECEC
F4F1F0
F4F1F0
F4F1F0
F4F1F0
F4F1F0
F4F1F0
F4F1F0
F4F1F0
F4F1F0
F4F1F0
F4F1F0
F4F1F0
F4F1F0
F4F1F0
F4F1F0
F4F1F0
F5F2F1
EAE7E6
E5E2E1
EEEBEA
F4F1F0
F3F0EF
F2EFEE
F4F1F0
F4F1F0
F4F1F0
F4F1F0
F4F1F0
F4F1F0
F4F1F0
F4F1F0
F4F1F0
F4F1F0
F4F1F0
F4F1F0
F4F1F0
F4F1F0
F4F1F0
F4F1F0
F4F1F0
F4F1F0
F4F1F0
F4F1F0
F4F1F0
F4F1F0
F4F1F0
F4F1F0
F0EDEC
F3F0EF
F4F1F0
F4F1F0
F4F1F0
F3F0EF
F4F1F0
F3F0EF
F2EFEE
F4F1F0
F4F1F0
F4F1F0
F4F1F0
F4F1F0
F2EFEE
EEEBEA
F1EEED
F4F1F0
F4F1F0
F4F1F0
F7F4F3
F9F7F8
FAF8F9
F6F3F2
F3F0EF
F4F1F0
F4F1F0
F4F1F0
F3F0EF
F3F0EF
EFECEB
EDE7E9
EBE5E7
F4F0F1
F5F1F2
F4EFEF
F3EEEE
F2EDED
F1ECEC
F0EBEB
EFEAEA
EEE9E9
EEE9E9
F0EBEB
F2EDED
F4EFEF
F5F0F0
F4F1F0
F4F1F0
F4F1F0
F4F1F0
F4F1F0
F4F1F0
F4F1F0
F4F1F0
F4F1F0
F4F1F0
F5F1F2
F3EFF0
EEEAEB
F1EDEE
F9F7F8
FFFDFE
FFFFFF
FFFFFF
FFFFFF
FFFFFF
FFFFFF
FFFFFF
FFFFFF
FFFFFF
FFFFFF
FFFFFF
FFFFFF
FFFFFF
FFFFFF
FFFFFF
FFFFFF
FFFFFF
FFFFFF
FFFFFF
FFFFFF
FFFFFF
FFFFFF
FFFFFF
FFFFFF
FFFFFF
FFFFFF
FFFFFF
FFFFFF
FFFFFF
FFFFFF
FFFFFF
FFFFFF
FFFFFF
FFFFFF
FFFFFF
FFFFFF
FFFFFF
FFFFFF
FFFFFF
FFFFFF
FFFFFF
FFFFFF
FFFFFF
FFFFFF
FFFFFF
FFFFFF
FFFFFF
FFFFFF
FFFFFF
FFFFFF
FFFFFF
FFFFFF
FFFFFF
FFFFFF
FFFFFF
FFFFFF
FFFFFF
FFFFFF
FFFFFF
FFFFFF
FFFFFF
FFFFFF
FFFFFF
FFFFFF
FFFFFF
FFFFFF
FFFFFF
FFFFFF
FFFFFF
FFFFFF
FFFFFF
FFFFFF
FFFFFF
FFFFFF
FFFFFF
FFFFFF
FFFFFF
FFFFFF
FFFFFF
F4F1F0
F4F1F0
F4F1F0
F4F1F0
F4F1F0
EFECEB
F0EDEC
F4F1F0
F4F1F0
F4F1F0
F4F1F0
F4F1F0
F4F1F0
F4F1F0
F4F1F0
F4F1F0
F4F1F0
F4F1F0
F4F1F0
F0EDEC
F3F0EF
F4F1F0
F4F1F0
F4F1F0
F1EEED
F0EDEC
F4F1F0
F4F1F0
F4F1F0
F4F1F0
F3F0EF
F4F1F0
F3F0EF
F4F1F0
F5F2F1
F4F1F0
F4F1F0
F4F1F0
F4F1F0
F4F1F0
F4F1F0
F4F1F0
F4F1F0
F4F1F0
F4F1F0
F4F1F0
F4F1F0
F4F1F0
F4F1F0
F4F1F0
F4F1F0
F6F3F2
F5F2F1
F5F2F1
F4F1F0
F4F1F0
F1EEED
F1EEED
F4F1F0
F3F0EF
F3F0EF
F3F0EF
EEE9E9
E3DEDE
B7A8A5
BFB0AD
C4BBBA
FBF2F1
F4F1F0
F4F1F0
F4F1F0
F4F1F0
F4F1F0
F4F1F0
F4F1F0
F4F1F0
F4F1F0
F4F1F0
F4F1F0
F4F1F0
F4F1F0
F4F1F0
F4F1F0
F4F1F0
F4F1F0
F0EDEC
E4E1E0
EAE7E6
F4F1F0
F4F1F0
F2EFEE
F3F0EF
F4F1F0
F4F1F0
F4F1F0
F4F1F0
F4F1F0
F4F1F0
F4F1F0
F4F1F0
F4F1F0
F4F1F0
F4F1F0
F4F1F0
F4F1F0
F4F1F0
F4F1F0
F4F1F0
F4F1F0
F4F1F0
F4F1F0
F4F1F0
F4F1F0
F4F1F0
F4F1F0
F1EEED
F2EFEE
F3F0EF
F3F0EF
F4F1F0
F3F0EF
F4F1F0
F6F3F2
F2EFEE
F3F0EF
F4F1F0
F4F1F0
F4F1F0
F4F1F0
F3F0EF
F0EDEC
EEEBEA
F2EFEE
F4F1F0
F4F1F0
F4F1F0
F3F2F1
F6F5F4
F5F2F1
F3F0EF
F3F0EF
F4F1F0
F5F2F1
F4F1F0
F4F1F0
F3F0EF
EBE7E8
E9E5E6
EFEBEC
F5F1F2
F5EFF1
F5EFF1
F5F0F0
F4EFEF
F2EDED
F0EBEB
EFEAEA
EEE9E9
EEE9E9
EEE9E9
EEE9E9
F0EBEB
F1EEED
F3F0EF
F4F1F0
F5F2F1
F4F1F0
F3F0EF
F3F0EF
F3F0EF
F4F1F0
F4F1F0
F4F0F1
F4F0F1
F4F0F1
F1EDEE
EDE9EA
F1EDEE
FCFAFB
FFFFFF
FFFFFF
FEFEFE
FFFFFF
FFFFFF
FFFFFF
FFFFFF
FFFFFF
FFFFFF
FFFFFF
FFFFFF
FFFFFF
FFFFFF
FFFFFF
FFFFFF
FFFFFF
FFFFFF
FFFFFF
FFFFFF
FFFFFF
FFFFFF
FFFFFF
FFFFFF
FFFFFF
FFFFFF
FFFFFF
FFFFFF
FFFFFF
FFFFFF
FFFFFF
FFFFFF
FFFFFF
FFFFFF
FFFFFF
FFFFFF
FFFFFF
FFFFFF
FFFFFF
FFFFFF
FFFFFF
FFFFFF
FFFFFF
FFFFFF
FFFFFF
FFFFFF
FFFFFF
FFFFFF
FFFFFF
FFFFFF
FFFFFF
FFFFFF
FFFFFF
FFFFFF
FFFFFF
FFFFFF
FFFFFF
FFFFFF
FFFFFF
FFFFFF
FFFFFF
FFFFFF
FFFFFF
FFFFFF
FFFFFF
FFFFFF
FFFFFF
FFFFFF
FFFFFF
FFFFFF
FFFFFF
FFFFFF
FFFFFF
FFFFFF
FFFFFF
FFFFFF
FFFFFF
FFFFFF
F4F1F0
F4F1F0
F4F1F0
F4F1F0
F4F1F0
F0EDEC
F0EDEC
F3F0EF
F4F1F0
F4F1F0
F4F1F0
F4F1F0
F4F1F0
F4F1F0
F4F1F0
F4F1F0
F4F1F0
F4F1F0
F4F1F0
F1EEED
F0EDEC
F5F2F1
F4F1F0
F4F1F0
F3F0EF
F0EDEC
F2EFEE
F4F1F0
F4F1F0
F4F1F0
F3F0EF
F3F0EF
F3F0EF
F4F1F0
F5F2F1
F4F1F0
F4F1F0
F4F1F0
F4F1F0
F4F1F0
F4F1F0
F4F1F0
F4F1F0
F4F1F0
F4F1F0
F4F1F0
F4F1F0
F4F1F0
F4F1F0
F4F1F0
F4F1F0
F5F2F1
F6F3F2
F4F1F0
F4F1F0
F4F1F0
F3F0EF
F0EDEC
F3F0EF
F3F0EF
F3F0EF
F4F1F0
F7EFF0
D0C8C9
BAA9A6
BEADAA
CDC5C4
FBF3F2
F4F1F0
F4F1F0
F4F1F0
F4F1F0
F4F1F0
F4F1F0
F4F1F0
F4F1F0
F4F1F0
F4F1F0
F4F1F0
F4F1F0
F4F1F0
F4F1F0
F4F1F0
F4F1F0
F4F1F0
F5F2F1
E8E5E4
E4E1E0
F2EFEE
F5F2F1
F1EEED
F3F0EF
F4F1F0
F4F1F0
F4F1F0
F4F1F0
F4F1F0
F4F1F0
F4F1F0
F4F1F0
F4F1F0
F4F1F0
F4F1F0
F4F1F0
F4F1F0
F4F1F0
F4F1F0
F4F1F0
F4F1F0
F4F1F0
F4F1F0
F4F1F0
F4F1F0
F4F1F0
F4F1F0
F2EFEE
F0EDEC
F3F0EF
F4F1F0
F4F1F0
F3F0EF
F3F0EF
F4F1F0
F5F2F1
F2EFEE
F3F0EF
F4F1F0
F4F1F0
F4F1F0
F4F1F0
F3F0EF
EFECEB
EFEAEA
F3EEEE
F4F1F0
F4F1F0
F3F0EF
F4F1F0
F4F1F0
F4F1F0
F3F0EF
F4F1F0
F4F1F0
F4F1F0
F4F1F0
F4F1F0
F0EDEC
E8E5E4
E6E2E3
F6F2F3
F5EFF1
F5EFF1
F4F1F0
F4F1F0
F4F1F0
F2EFEE
F2EDED
F0EBEB
EFEAEA
EFEAEA
EFEAEA
EFEAEA
EFEAEA
EFEAEA
EFEAEA
F1ECEC
F1EEED
F3F0EF
F4F1F0
F4F1F0
F3F0EF
F3F0EF
F4F0F1
F4F0F1
F4F0F1
F4F0F1
F5F1F2
F0ECED
E5E3E4
F5F3F4
FCFAFB
FFFEFF
FFFDFE
FFFEFF
FFFFFF
FFFFFF
FFFFFF
FFFFFF
FFFFFF
FFFFFF
FFFFFF
FFFFFF
FFFFFF
FFFFFF
FFFFFF
FFFFFF
FFFFFF
FFFFFF
FFFFFF
FFFFFF
FFFFFF
FFFFFF
FFFFFF
FFFFFF
FFFFFF
FFFFFF
FFFFFF
FFFFFF
FFFFFF
FFFFFF
FFFFFF
FFFFFF
FFFFFF
FFFFFF
FFFFFF
FFFFFF
FFFFFF
FFFFFF
FFFFFF
FFFFFF
FFFFFF
FFFFFF
FFFFFF
FFFFFF
FFFFFF
FFFFFF
FFFFFF
FFFFFF
FFFFFF
FFFFFF
FFFFFF
FFFFFF
FFFFFF
FFFFFF
FFFFFF
FFFFFF
FFFFFF
FFFFFF
FFFFFF
FFFFFF
FFFFFF
FFFFFF
FFFFFF
FFFFFF
FFFFFF
FFFFFF
FFFFFF
FFFFFF
FFFFFF
FFFFFF
FFFFFF
FFFFFF
FFFFFF
FFFFFF
FFFFFF
FFFFFF
F4F1F0
F4F1F0
F4F1F0
F4F1F0
F4F1F0
F1EEED
F0EDEC
F3F0EF
F4F1F0
F4F1F0
F4F1F0
F4F1F0
F4F1F0
F4F1F0
F4F1F0
F4F1F0
F4F1F0
F4F1F0
F4F1F0
F4F1F0
F0EDEC
F3F0EF
F4F1F0
F4F1F0
F4F1F0
F2EFEE
F0EDEC
F3F0EF
F4F1F0
F4F1F0
F3F0EF
F3F0EF
F4F1F0
F4F1F0
F5F2F1
F4F1F0
F4F1F0
F4F1F0
F4F1F0
F4F1F0
F4F1F0
F4F1F0
F4F1F0
F4F1F0
F4F1F0
F4F1F0
F4F1F0
F4F1F0
F4F1F0
F4F1F0
F4F1F0
F4F1F0
F5F2F1
F6F3F2
F4F1F0
F4F1F0
F4F1F0
F3F0EF
F0EDEC
F2EFEE
F3F0EF
F4F1F0
FBF2F1
C1B8B7
C2AEAF
BCA8A9
DAD2D1
FBF3F2
F4F1F0
F4F1F0
F4F1F0
F4F1F0
F4F1F0
F4F1F0
F4F1F0
F4F1F0
F4F1F0
F4F1F0
F4F1F0
F4F1F0
F4F1F0
F4F1F0
F4F1F0
F4F1F0
F4F1F0
F4F1F0
F0EDEC
E4E1E0
EFECEB
F5F2F1
F2EFEE
F2EFEE
F4F1F0
F4F1F0
F4F1F0
F4F1F0
F4F1F0
F4F1F0
F4F1F0
F4F1F0
F4F1F0
F4F1F0
F4F1F0
F4F1F0
F4F1F0
F4F1F0
F4F1F0
F4F1F0
F4F1F0
F4F1F0
F4F1F0
F4F1F0
F4F1F0
F4F1F0
F4F1F0
F3F0EF
F0EDEC
F3F0EF
F4F1F0
F4F1F0
F4F1F0
F3F0EF
F3F0EF
F5F2F1
F5F2F1
F2EFEE
F3F0EF
F4F1F0
F4F1F0
F4F1F0
F5F0F0
F3EEEE
EFEAEA
F0EBEB
F2EFEE
F4F1F0
F3F0EF
F4F1F0
F4F1F0
F4F1F0
F4F1F0
F4F1F0
F4F1F0
F4F1F0
F4F1F0
F4F1F0
F4F1F0
EEEBEA
E4E0E1
EFEBEC
F6F0F2
F5EFF1
F4F1F0
F4F1F0
F4F1F0
F4F1F0
F4F1F0
F3F0EF
F2EDED
F0EBEB
EFEAEA
EFEAEA
EFEAEA
EFEAEA
EFEAEA
EFEAEA
EEEBEA
EDEAE9
EEEBEA
F0EDEC
F3F0EF
F4F1F0
F4F0F1
F4F0F1
F4F0F1
F4F0F1
F5F1F2
FBF7F8
9C9A9B
A9A7A8
F5F3F4
F5F3F4
FEFCFD
FFFEFF
FFFFFF
FFFFFF
FFFFFF
FFFFFF
FFFFFF
FFFFFF
FFFFFF
FFFFFF
FFFFFF
FFFFFF
FFFFFF
FFFFFF
FFFFFF
FFFFFF
FFFFFF
FFFFFF
FFFFFF
FFFFFF
FFFFFF
FFFFFF
FFFFFF
FFFFFF
FFFFFF
FFFFFF
FFFFFF
FFFFFF
FFFFFF
FFFFFF
FFFFFF
FFFFFF
FFFFFF
FFFFFF
FFFFFF
FFFFFF
FFFFFF
FFFFFF
FFFFFF
FFFFFF
FFFFFF
FFFFFF
FFFFFF
FFFFFF
FFFFFF
FFFFFF
FFFFFF
FFFFFF
FFFFFF
FFFFFF
FFFFFF
FFFFFF
FFFFFF
FFFFFF
FFFFFF
FFFFFF
FFFFFF
FFFFFF
FFFFFF
FFFFFF
FFFFFF
FFFFFF
FFFFFF
FFFFFF
FFFFFF
FFFFFF
FFFFFF
FFFFFF
FFFFFF
FFFFFF
FFFFFF
FFFFFF
FFFFFF
FFFFFF
F4F1F0
F4F1F0
F4F1F0
F4F1F0
F4F1F0
F1EEED
EFECEB
F4F1F0
F4F1F0
F4F1F0
F4F1F0
F4F1F0
F4F1F0
F4F1F0
F4F1F0
F4F1F0
F4F1F0
F4F1F0
F4F1F0
F4F1F0
F2EFEE
F1EEED
F3F0EF
F4F1F0
F4F1F0
F3F0EF
F1EEED
F1EEED
F4F1F0
F4F1F0
F4F1F0
F3F0EF
F4F1F0
F4F1F0
F4F1F0
F4F1F0
F4F1F0
F4F1F0
F4F1F0
F4F1F0
F4F1F0
F4F1F0
F4F1F0
F4F1F0
F4F1F0
F4F1F0
F4F1F0
F4F1F0
F4F1F0
F4F1F0
F3F0EF
F4F1F0
F5F2F1
F6F3F2
F4F1F0
F4F1F0
F5F2F1
F4F1F0
F2EFEE
EEEBEA
F2EFEE
F5F2F1
F4E9E9
B6ABAB
C7B3B4
BBA7A8
DFDADA
F8F3F3
F4F1F0
F4F1F0
F4F1F0
F4F1F0
F4F1F0
F4F1F0
F4F1F0
F4F1F0
F4F1F0
F4F1F0
F4F1F0
F4F1F0
F4F1F0
F4F1F0
F4F1F0
F4F1F0
F4F1F0
F4F1F0
F4F1F0
E8E5E4
EAE7E6
F4F1F0
F3F0EF
F0EDEC
F3F0EF
F3F0EF
F3F0EF
F4F1F0
F4F1F0
F4F1F0
F4F1F0
F4F1F0
F4F1F0
F4F1F0
F4F1F0
F4F1F0
F4F1F0
F4F1F0
F4F1F0
F4F1F0
F4F1F0
F4F1F0
F4F1F0
F4F1F0
F4F1F0
F4F1F0
F4F1F0
F3F0EF
F0EDEC
F2EFEE
F4F1F0
F4F1F0
F4F1F0
F4F1F0
F4F1F0
F4F1F0
F6F3F2
F3F0EF
F0EDEC
F5F2F1
F5F2F1
F4F1F0
F4F1F0
F3F0EF
F0EDEC
EDEAE9
F0EBEB
F3EEEE
F4F1F0
F4F1F0
F4F1F0
F4F1F0
F4F1F0
F4F1F0
F4F1F0
F4F1F0
F4F1F0
F4F1F0
F4F1F0
F3F0EF
EBE7E8
E3DFE0
F4F0F1
F4F0F1
F4F0F1
F4F0F1
F4F0F1
F4F0F1
F4F0F1
F4F0F1
F4F1F0
F3F0EF
F2EFEC
F1EEEB
F2EAEB
F1E9EA
F1E9EA
F1E9EA
F0EBEB
F0EBEB
EEE9E9
EEE9E9
ECE7E7
EDE8E8
F1EDEE
F4F0F1
F4F0F1
F4F0F1
F5EFF1
FDF7F9
858589
39393D
BCBABB
F5F3F4
EDEBEC
F7F5F6
FFFEFF
FFFEFF
FFFFFF
FFFFFF
FFFFFF
FFFFFF
FFFFFF
FFFFFF
FFFFFF
FFFFFF
FFFFFF
FFFFFF
FFFFFF
FFFFFF
FFFFFF
FFFFFF
FFFFFF
FFFFFF
FFFFFF
FFFFFF
FFFFFF
FFFFFF
FFFFFF
FFFFFF
FFFFFF
FFFFFF
FFFFFF
FFFFFF
FFFFFF
FFFFFF
FFFFFF
FFFFFF
FFFFFF
FFFFFF
FFFFFF
FFFFFF
FFFFFF
FFFFFF
FFFFFF
FFFFFF
FFFFFF
FFFFFF
FFFFFF
FFFFFF
FFFFFF
FFFFFF
FFFFFF
FFFFFF
FFFFFF
FFFFFF
FFFFFF
FFFFFF
FFFFFF
FFFFFF
FFFFFF
FFFFFF
FFFFFF
FFFFFF
FFFFFF
FFFFFF
FFFFFF
FFFFFF
FFFFFF
FFFFFF
FFFFFF
FFFFFF
FFFFFF
FFFFFF
FFFFFF
FFFFFF
FFFFFF
FFFFFF
F4F1F0
F4F1F0
F4F1F0
F4F1F0
F4F1F0
F2EFEE
EFECEB
F4F1F0
F4F1F0
F4F1F0
F4F1F0
F4F1F0
F4F1F0
F4F1F0
F4F1F0
F4F1F0
F4F1F0
F4F1F0
F4F1F0
F4F1F0
F4F1F0
F0EDEC
F3F0EF
F4F1F0
F4F1F0
F4F1F0
F4F1F0
F1EEED
F2EFEE
F4F1F0
F4F1F0
F4F1F0
F4F1F0
F3F0EF
F3F0EF
F4F1F0
F5F2F1
F4F1F0
F4F1F0
F4F1F0
F4F1F0
F4F1F0
F4F1F0
F4F1F0
F4F1F0
F4F1F0
F4F1F0
F4F1F0
F5F2F1
F5F2F1
F5F2F1
F4F1F0
F4F1F0
F5F2F1
F6F3F2
F5F2F1
F4F1F0
F4F1F0
F5F2F1
F2EFEE
EEEBEA
F6F3F2
E7DCDC
B2A7A7
C6B4B4
BBA9A9
E0DBDB
F7F2F2
F4F1F0
F4F1F0
F4F1F0
F4F1F0
F4F1F0
F4F1F0
F4F1F0
F4F1F0
F4F1F0
F4F1F0
F4F1F0
F4F1F0
F4F1F0
F4F1F0
F4F1F0
F4F1F0
F4F1F0
F4F1F0
F5F2F1
EFECEB
E6E3E2
F3F0EF
F3F0EF
EFECEB
F4F1F0
F3F0EF
F4F1F0
F4F1F0
F4F1F0
F4F1F0
F4F1F0
F4F1F0
F4F1F0
F4F1F0
F4F1F0
F4F1F0
F4F1F0
F4F1F0
F4F1F0
F4F1F0
F4F1F0
F4F1F0
F4F1F0
F4F1F0
F4F1F0
F4F1F0
F4F1F0
F4F1F0
F1EEED
F1EEED
F4F1F0
F4F1F0
F4F1F0
F4F1F0
F4F1F0
F3F0EF
F4F1F0
F4F1F0
F1EEED
F1EEED
F5F2F1
F5F2F1
F4F1F0
F4F1F0
F2EFEE
EFECEB
EFEAEA
F0EBEB
F3F0EF
F5F2F1
F4F1F0
F4F1F0
F4F1F0
F4F1F0
F4F1F0
F4F1F0
F4F1F0
F4F1F0
F4F1F0
F5F2F1
F0ECED
E4E0E1
E7E3E4
F4F0F1
F4F0F1
F4F0F1
F4F0F1
F4F0F1
F4F0F1
F4F0F1
F4F1F0
F4F1F0
F4F1F0
F4F1F0
F4EFEF
F2EDED
F2EAEB
F1E9EA
EFEAEA
EFEAEA
EFEAEA
EFEAEA
F0EBEB
E8E3E3
E6E2E3
E8E4E5
EEEAEB
F1EDEE
F4F0F1
F9F5F6
6E6F76
35363D
4B4B4F
D7D7DB
F7F5F6
EBE9EA
EEECED
FCFAFB
FFFFFF
FFFFFF
FFFFFF
FFFFFF
FFFFFF
FFFFFF
FFFFFF
FFFFFF
FFFFFF
FFFFFF
FFFFFF
FFFFFF
FFFFFF
FFFFFF
FFFFFF
FFFFFF
FFFFFF
FFFFFF
FFFFFF
FFFFFF
FFFFFF
FFFFFF
FFFFFF
FFFFFF
FFFFFF
FFFFFF
FFFFFF
FFFFFF
FFFFFF
FFFFFF
FFFFFF
FFFFFF
FFFFFF
FFFFFF
FFFFFF
FFFFFF
FFFFFF
FFFFFF
FFFFFF
FFFFFF
FFFFFF
FFFFFF
FFFFFF
FFFFFF
FFFFFF
FFFFFF
FFFFFF
FFFFFF
FFFFFF
FFFFFF
FFFFFF
FFFFFF
FFFFFF
FFFFFF
FFFFFF
FFFFFF
FFFFFF
FFFFFF
FFFFFF
FFFFFF
FFFFFF
FFFFFF
FFFFFF
FFFFFF
FFFFFF
FFFFFF
FFFFFF
FFFFFF
FFFFFF
FFFFFF
F4F1F0
F4F1F0
F4F1F0
F4F1F0
F4F1F0
F3F0EF
F0EDEC
F4F1F0
F4F1F0
F4F1F0
F4F1F0
F4F1F0
F4F1F0
F4F1F0
F4F1F0
F4F1F0
F4F1F0
F4F1F0
F4F1F0
F3F0EF
F3F0EF
F1EEED
F2EFEE
F4F1F0
F4F1F0
F4F1F0
F4F1F0
F2EFEE
F1EEED
F3F0EF
F4F1F0
F4F1F0
F4F1F0
F3F0EF
F3F0EF
F4F1F0
F5F2F1
F4F1F0
F4F1F0
F4F1F0
F4F1F0
F4F1F0
F4F1F0
F4F1F0
F4F1F0
F4F1F0
F4F1F0
F4F1F0
F4F1F0
F4F1F0
F4F1F0
F4F1F0
F4F1F0
F4F1F0
F5F2F1
F4F1F0
F4F1F0
F4F1F0
F4F1F0
F4F1F0
F1EEED
F3F0EF
DACCCD
B5A7A8
C5B3B3
BBA9A9
DDDAD9
F2EFEE
F4F1F0
F4F1F0
F4F1F0
F4F1F0
F4F1F0
F4F1F0
F4F1F0
F4F1F0
F4F1F0
F4F1F0
F4F1F0
F4F1F0
F4F1F0
F4F1F0
F4F1F0
F4F1F0
F4F1F0
F4F1F0
F4F1F0
F4F1F0
E7E4E3
F0EDEC
F4F1F0
EFECEB
F2EFEE
F3F0EF
F4F1F0
F4F1F0
F4F1F0
F4F1F0
F4F1F0
F4F1F0
F4F1F0
F4F1F0
F4F1F0
F4F1F0
F4F1F0
F4F1F0
F4F1F0
F4F1F0
F4F1F0
F4F1F0
F4F1F0
F4F1F0
F4F1F0
F4F1F0
F4F1F0
F4F1F0
F2EFEE
F0EDEC
F4F1F0
F4F1F0
F4F1F0
F4F1F0
F4F1F0
F4F1F0
F3F0EF
F4F1F0
F5F2F1
F0EDEC
F2EFEE
F5F2F1
F5F2F1
F4F1F0
F5F0F0
F2EDED
F2EAEB
F1E9EA
F0EDEC
F5F2F1
F4F1F0
F4F1F0
F4F1F0
F4F1F0
F4F1F0
F4F1F0
F4F1F0
F4F1F0
F4F1F0
F4F1F0
F3F0EF
EDEAE9
E1DDDE
EBE7E8
F4F0F1
F4F0F1
F4F0F1
F4F0F1
F4F0F1
F4F0F1
F4F1F0
F4F1F0
F4F1F0
F4F1F0
F4F1F0
F4F1F0
F3EEEE
F1ECEC
EFEAEA
EFEAEA
EFEAEA
EEE9E9
EFEAEA
ECE7E7
E7E3E4
E8E4E5
E7E3E4
E8E4E5
E6E4E5
EAE8E9
595C69
3C3F4C
393A41
6C6D74
F6F2F3
F7F3F4
EFEDEE
EBE9EA
F3F1F2
FFFDFE
FFFFFF
FEFEFE
FEFEFE
FFFFFF
FFFFFF
FFFFFF
FFFFFF
FFFFFF
FFFFFF
FFFFFF
FFFFFF
FFFFFF
FFFFFF
FFFFFF
FFFFFF
FFFFFF
FFFFFF
FFFFFF
FFFFFF
FFFFFF
FFFFFF
FFFFFF
FFFFFF
FFFFFF
FFFFFF
FFFFFF
FFFFFF
FFFFFF
FFFFFF
FFFFFF
FFFFFF
FFFFFF
FFFFFF
FFFFFF
FFFFFF
FFFFFF
FFFFFF
FFFFFF
FFFFFF
FFFFFF
FFFFFF
FFFFFF
FFFFFF
FFFFFF
FFFFFF
FFFFFF
FFFFFF
FFFFFF
FFFFFF
FFFFFF
FFFFFF
FFFFFF
FFFFFF
FFFFFF
FFFFFF
FFFFFF
FFFFFF
FFFFFF
FFFFFF
FFFFFF
FFFFFF
FFFFFF
FFFFFF
FFFFFF
FFFFFF
FFFFFF
FFFFFF
FFFFFF
F4F1F0
F4F1F0
F4F1F0
F4F1F0
F4F1F0
F3F0EF
F0EDEC
F4F1F0
F4F1F0
F4F1F0
F4F1F0
F4F1F0
F4F1F0
F4F1F0
F4F1F0
F4F1F0
F4F1F0
F4F1F0
F4F1F0
F3F0EF
F3F0EF
F3F0EF
F2EFEE
F3F0EF
F4F1F0
F4F1F0
F3F0EF
F3F0EF
F2EFEE
F1EEED
F4F1F0
F4F1F0
F4F1F0
F4F1F0
F3F0EF
F4F1F0
F4F1F0
F4F1F0
F4F1F0
F4F1F0
F4F1F0
F4F1F0
F4F1F0
F4F1F0
F4F1F0
F4F1F0
F4F1F0
F4F1F0
F4F1F0
F4F1F0
F4F1F0
F4F1F0
F4F1F0
F4F1F0
F5F2F1
F4F1F0
F4F1F0
F4F1F0
F4F1F0
F4F1F0
F4F1F0
F6F3F2
CEBEC0
B9A9AB
C4B4B4
B9A9A9
DFDCDB
EBE8E7
F4F1F0
F4F1F0
F4F1F0
F4F1F0
F4F1F0
F4F1F0
F4F1F0
F4F1F0
F4F1F0
F4F1F0
F4F1F0
F4F1F0
F4F1F0
F4F1F0
F4F1F0
F4F1F0
F4F1F0
F4F1F0
F4F1F0
F5F2F1
EEEBEA
EEEBEA
F4F1F0
F1EEED
F0EDEC
F4F1F0
F4F1F0
F4F1F0
F4F1F0
F4F1F0
F4F1F0
F4F1F0
F4F1F0
F4F1F0
F4F1F0
F4F1F0
F4F1F0
F4F1F0
F4F1F0
F4F1F0
F4F1F0
F4F1F0
F4F1F0
F4F1F0
F4F1F0
F4F1F0
F4F1F0
F3F0EF
F3F0EF
F0EDEC
F2EFEE
F4F1F0
F4F1F0
F4F1F0
F4F1F0
F4F1F0
F4F1F0
F4F1F0
F5F2F1
F4F1F0
F1EEED
F3F0EF
F5F2F1
F4F1F0
F4F1F0
F3F0EF
F3EBEC
F1E9EA
F1E9EA
F4ECED
F3F0EF
F3F0EF
F4F1F0
F5F2F1
F4F1F0
F4F1F0
F4F1F0
F4F1F0
F4F1F0
F4F1F0
F4F1F0
F3F0EF
E6E2E3
E3DFE0
ECE8E9
F5F1F2
F4F0F1
F4F0F1
F4F0F1
F4F0F1
F4F1F0
F4F1F0
F4F1F0
F4F1F0
F4F1F0
F4F1F0
F4F1F0
F3F0EF
F2EDED
F1ECEC
F0EBEB
EFEAEA
EFEAEA
F0EBEB
E9E5E6
E7E3E4
E8E4E5
E8E4E5
E7E5E8
D2D0D3
454859
3D4051
3F4350
353946
ABA9AC
FBF9FC
F5F1F2
F3EFF0
ECEAEB
ECEAEB
F7F5F6
FFFEFF
FFFFFF
FFFFFF
FFFFFF
FFFFFF
FFFFFF
FFFFFF
FFFFFF
FFFFFF
FFFFFF
FFFFFF
FFFFFF
FFFFFF
FFFFFF
FFFFFF
FFFFFF
FFFFFF
FFFFFF
FFFFFF
FFFFFF
FFFFFF
FFFFFF
FFFFFF
FFFFFF
FFFFFF
FFFFFF
FFFFFF
FFFFFF
FFFFFF
FFFFFF
FFFFFF
FFFFFF
FFFFFF
FFFFFF
FFFFFF
FFFFFF
FFFFFF
FFFFFF
FFFFFF
FFFFFF
FFFFFF
FFFFFF
FFFFFF
FFFFFF
FFFFFF
FFFFFF
FFFFFF
FFFFFF
FFFFFF
FFFFFF
FFFFFF
FFFFFF
FFFFFF
FFFFFF
FFFFFF
FFFFFF
FFFFFF
FFFFFF
FFFFFF
FFFFFF
FFFFFF
FFFFFF
FFFFFF
FFFFFF
FFFFFF
FFFFFF
FFFFFF
F4F1F0
F4F1F0
F4F1F0
F4F1F0
F4F1F0
F4F1F0
F0EDEC
F4F1F0
F4F1F0
F4F1F0
F4F1F0
F4F1F0
F4F1F0
F4F1F0
F4F1F0
F4F1F0
F4F1F0
F4F1F0
F4F1F0
F3F0EF
F3F0EF
F4F1F0
F2EFEE
F3F0EF
F4F1F0
F4F1F0
F3F0EF
F4F1F0
F3F0EF
F0EDEC
F2EFEE
F4F1F0
F4F1F0
F4F1F0
F4F1F0
F4F1F0
F4F1F0
F4F1F0
F4F1F0
F4F1F0
F4F1F0
F4F1F0
F4F1F0
F4F1F0
F4F1F0
F4F1F0
F4F1F0
F4F1F0
F4F1F0
F4F1F0
F4F1F0
F4F1F0
F4F1F0
F4F1F0
F4F1F0
F5F2F1
F5F2F1
F4F1F0
F4F1F0
F4F1F0
F4F1F0
F8F5F4
C9B7B9
BEACAE
C4B4B4
BCACAC
E4E1E0
E8E5E4
EFECEB
F4F1F0
F4F1F0
F4F1F0
F4F1F0
F4F1F0
F4F1F0
F4F1F0
F4F1F0
F4F1F0
F4F1F0
F4F1F0
F4F1F0
F4F1F0
F4F1F0
F4F1F0
F4F1F0
F4F1F0
F4F1F0
F4F1F0
F3F0EF
ECE9E8
F4F1F0
F2EFEE
EDECEB
F2F1F0
F3F0EF
F4F1F0
F4F1F0
F4F1F0
F4F1F0
F4F1F0
F4F1F0
F4F1F0
F4F1F0
F4F1F0
F4F1F0
F4F1F0
F4F1F0
F5F2F1
F4F3F2
F3F2F1
F2F1F0
F3F2F1
F3F2F1
F3F2F1
F2F1F0
F2F1F0
F2F1F0
EEEDEC
EEEDEC
F1F0EF
F3F0EF
F3F0EF
F4F1F0
F4F1F0
F4F1F0
F4F1F0
F5F2F1
F6F3F2
F4F1F0
F0EDEC
F4F1F0
F4F1F0
F4F1F0
F4F1F0
F4EFEF
F0EBEB
F1E9EA
F1E9EA
F1ECEC
F4EFEF
F4F1F0
F4F1F0
F4F1F0
F4F1F0
F4F1F0
F4F1F0
F4F1F0
F4F1F0
F4F1F0
F5F2F1
EEEAEB
E3DFE0
E4E0E1
EEEAEB
F5F1F2
F4F0F1
F4F0F1
F4F0F1
F4F1F0
F4F1F0
F4F1F0
F4F1F0
F4F1F0
F4F1F0
F4F1F0
F4F1F0
F4F1F0
F2EFEE
F1ECEC
F0EBEB
F0EBEB
F0EBEB
EEEAEB
E8E4E5
E7E3E4
E7E3E4
EDEBF0
B2B0B5
373D4D
3D4353
3D4353
393F4F
57575B
E7E7EB
F6F3F2
F4F1F0
F3F1F2
F1EFF0
ECEAEB
F1EFF0
FCFCFC
FFFFFF
FFFFFF
FFFFFF
FEFEFE
FFFFFF
FFFFFF
FFFFFF
FFFFFF
FFFFFF
FFFFFF
FFFFFF
FFFFFF
FFFFFF
FFFFFF
FFFFFF
FFFFFF
FFFFFF
FFFFFF
FFFFFF
FFFFFF
FFFFFF
FFFFFF
FFFFFF
FFFFFF
FFFFFF
FFFFFF
FFFFFF
FFFFFF
FFFFFF
FFFFFF
FFFFFF
FFFFFF
FFFFFF
FFFFFF
FFFFFF
FFFFFF
FFFFFF
FFFFFF
FFFFFF
FFFFFF
FFFFFF
FFFFFF
FFFFFF
FFFFFF
FFFFFF
FFFFFF
FFFFFF
FFFFFF
FFFFFF
FFFFFF
FFFFFF
FFFFFF
FFFFFF
FFFFFF
FFFFFF
FFFFFF
FFFFFF
FFFFFF
FFFFFF
FFFFFF
FFFFFF
FFFFFF
FFFFFF
FFFFFF
FFFFFF
F4F1F0
F4F1F0
F4F1F0
F4F1F0
F4F1F0
F4F1F0
F0EDEC
F4F1F0
F4F1F0
F4F1F0
F4F1F0
F4F1F0
F4F1F0
F4F1F0
F4F1F0
F4F1F0
F4F1F0
F4F1F0
F4F1F0
F4F1F0
F4F1F0
F4F1F0
F2EFEE
F3F0EF
F4F1F0
F4F1F0
F4F1F0
F4F1F0
F4F1F0
F1EEED
F0EDEC
F4F1F0
F4F1F0
F4F1F0
F5F2F1
F4F1F0
F3F0EF
F4F1F0
F4F1F0
F4F1F0
F4F1F0
F4F1F0
F4F1F0
F4F1F0
F4F1F0
F4F1F0
F4F1F0
F4F1F0
F3F0EF
F4F1F0
F5F2F1
F5F2F1
F4F1F0
F4F1F0
F4F1F0
F5F2F1
F6F3F2
F4F1F0
F4F1F0
F4F1F0
F4F1F0
F8F5F4
C6B4B4
BFADAD
C3B3B3
BDADAD
E8E3E3
ECE7E7
E8E5E4
F2EFEE
F4F1F0
F3F0EF
F4F1F0
F4F1F0
F4F1F0
F4F1F0
F4F1F0
F4F1F0
F4F1F0
F4F1F0
F4F1F0
F4F1F0
F4F1F0
F4F1F0
F4F1F0
F4F1F0
F5F2F1
F3F0EF
F4F1F0
EDEAE9
F4F1F0
F4F1F0
EFECEB
F2EFEE
F3F0EF
F4F1F0
F4F1F0
F4F1F0
F4F1F0
F4F1F0
F3F2F1
F4F3F2
F8F3F3
F9F4F4
FCF4F5
FBF3F4
F5F0F0
EDE8E8
EBE6E6
EDE8E8
F0EBEB
EFEAEA
F0EBE9
F0EBE9
F1EEEB
F4F1EE
F6F3F0
F5F2EF
F4F1EE
F7F4F1
F8F5F4
F7F4F3
F5F2F1
F4F1F0
F4F1F0
F4F1F0
F4F1F0
F5F2F1
F5F2F1
F1EEED
F1EEED
F4F1F0
F4F1F0
F5F2F1
F4EFEF
F1ECEC
F1E9EA
F0E8E9
EFEAEA
F1ECEC
F5F0F0
F5F0F0
F4F1F0
F4F1F0
F4F1F0
F4F1F0
F4F1F0
F4F1F0
F4F1F0
F4F1F0
F2EEEF
E5E1E2
E6E2E3
E5E1E2
EFEBEC
F4F0F1
F4F0F1
F4F0F1
F4F1F0
F4F1F0
F4F1F0
F4F1F0
F4F1F0
F4F1F0
F4F1F0
F4F1F0
F4F1F0
F4F1F0
F4EFEF
F2EDED
F1ECEC
EFEAEA
EEEBEA
ECE9E8
E7E3E4
E7E3E4
EDEAF2
848189
353B4B
3D4353
3D4353
3D4353
38393F
A7A8AE
FAF7F6
F0EDEC
F3EFF0
F5F1F2
F5F1F2
F1EDEE
ECEAEB
F5F3F4
FEFEFE
FFFFFF
FEFEFE
FDFDFD
FFFFFF
FFFFFF
FFFFFF
FFFFFF
FFFFFF
FFFFFF
FFFFFF
FFFFFF
FFFFFF
FFFFFF
FFFFFF
FFFFFF
FFFFFF
FFFFFF
FFFFFF
FFFFFF
FFFFFF
FFFFFF
FFFFFF
FFFFFF
FFFFFF
FFFFFF
FFFFFF
FFFFFF
FFFFFF
FFFFFF
FFFFFF
FFFFFF
FFFFFF
FFFFFF
FFFFFF
FFFFFF
FFFFFF
FFFFFF
FFFFFF
FFFFFF
FFFFFF
FFFFFF
FFFFFF
FFFFFF
FFFFFF
FFFFFF
FFFFFF
FFFFFF
FFFFFF
FFFFFF
FFFFFF
FFFFFF
FFFFFF
FFFFFF
FFFFFF
FFFFFF
FFFFFF
FFFFFF
FFFFFF
FFFFFF
FFFFFF
FFFFFF
FFFFFF
FFFFFF
F4F1F0
F4F1F0
F4F1F0
F4F1F0
F4F1F0
F3F0EF
F0EDEC
F4F1F0
F4F1F0
F4F1F0
F4F1F0
F4F1F0
F4F1F0
F4F1F0
F4F1F0
F4F1F0
F4F1F0
F4F1F0
F4F1F0
F4F1F0
F4F1F0
F3F0EF
F4F1F0
F2EFEE
F4F1F0
F3F0EF
F4F1F0
F4F1F0
F4F1F0
F3F0EF
F1EEED
F2EFEE
F5F2F1
F4F1F0
F5F2F1
F4F1F0
F4F1F0
F4F1F0
F4F1F0
F4F1F0
F4F1F0
F4F1F0
F4F1F0
F4F1F0
F3F0EF
F3F0EF
F4F1F0
F4F1F0
F4F1F0
F4F1F0
F5F2F1
F4F1F0
F4F1F0
F4F1F0
F4F1F0
F4F1F0
F5F2F1
F4F1F0
F4F1F0
F4F1F0
F4F1F0
F9F6F5
C6B4B4
BCAAAA
C4B2B2
BBA9A9
E5E0E0
F3EEEE
E6E3E2
EAE7E6
F3F0EF
F3F0EF
F4F1F0
F4F1F0
F4F1F0
F4F1F0
F4F1F0
F4F1F0
F4F1F0
F4F1F0
F4F1F0
F4F1F0
F4F1F0
F4F1F0
F4F1F0
F4F1F0
F4F1F0
F4F1F0
F3F0EF
F0EDEC
F2EFEE
F5F2F1
F1EEED
F1EEED
F3F0EF
F4F1F0
F6F3F2
F8F5F4
FDF5F6
FBF3F4
F6EEED
ECE4E3
DED5D4
CDC4C3
C0B2B3
B2A4A5
A69496
9D8B8D
A28E91
AC989B
B39FA2
B39FA2
B2A0A0
B2A0A0
B2A0A0
B6A4A4
B8A6A6
B9A7A7
BDAFAE
C8BAB9
D0C7C6
DCD3D2
E7DFDE
F0E8E7
F8F0F1
FBF3F4
FAF5F5
FBF6F6
F8F3F3
F5F0F0
EFECEB
F2EFEE
F4F1F0
F4F1F0
F5F0F0
F2EDED
F2EAEB
F1E9EA
F1E9EA
F1E9EA
F2EDED
F5F0F0
F4F1F0
F4F1F0
F4F1F0
F4F1F0
F4F1F0
F4F1F0
F4F1F0
F4F1F0
F4F0F1
ECE8E9
E3DFE0
E7E3E4
E4E0E1
F0ECED
F4F0F1
F4F0F1
F4F1F0
F4F1F0
F4F1F0
F4F1F0
F4F1F0
F4F1F0
F4F1F0
F4F1F0
F4F1F0
F4F1F0
F4F1F0
F4F1F0
F3EEEE
F1ECEC
EFEAEA
EFEAEA
ECE6E8
EAE4E6
E4DFE8
5B565F
3A4050
3D4353
3D4353
3C4252
3D3E47
65666F
FDFAF9
FAF7F6
F2EEEF
F1EDEE
F1EDEE
F4F0F1
F4F0F1
EFEBEC
EEECED
FAF8F9
FFFFFF
FFFFFF
FFFFFF
FFFFFF
FFFFFF
FFFFFF
FFFFFF
FFFFFF
FFFFFF
FFFFFF
FFFFFF
FFFFFF
FFFFFF
FFFFFF
FFFFFF
FFFFFF
FFFFFF
FFFFFF
FFFFFF
FFFFFF
FFFFFF
FFFFFF
FFFFFF
FFFFFF
FFFFFF
FFFFFF
FFFFFF
FFFFFF
FFFFFF
FFFFFF
FFFFFF
FFFFFF
FFFFFF
FFFFFF
FFFFFF
FFFFFF
FFFFFF
FFFFFF
FFFFFF
FFFFFF
FFFFFF
FFFFFF
FFFFFF
FFFFFF
FFFFFF
FFFFFF
FFFFFF
FFFFFF
FFFFFF
FFFFFF
FFFFFF
FFFFFF
FFFFFF
FFFFFF
FFFFFF
FFFFFF
FFFFFF
FFFFFF
FFFFFF
FFFFFF
FFFFFF
FFFFFF
F4F1F0
F4F1F0
F4F1F0
F4F1F0
F4F1F0
F3F0EF
F0EDEC
F4F1F0
F4F1F0
F4F1F0
F4F1F0
F4F1F0
F4F1F0
F4F1F0
F4F1F0
F4F1F0
F4F1F0
F4F1F0
F4F1F0
F4F1F0
F4F1F0
F4F1F0
F4F1F0
F2EFEE
F3F0EF
F3F0EF
F4F1F0
F4F1F0
F3F0EF
F3F0EF
F3F0EF
F1EEED
F4F1F0
F3F0EF
F4F1F0
F3F0EF
F4F1F0
F4F1F0
F4F1F0
F4F1F0
F4F1F0
F4F1F0
F4F1F0
F4F1F0
F3F0EF
F3F0EF
F6F3F2
F7F4F3
F7F4F3
F6F3F2
F4F1F0
F3F0EF
F4F3F2
F6F5F4
F6F3F2
F4F1F0
F4F1F0
F4F1F0
F4F1F0
F4F1F0
F4F1F0
F9F6F5
C8B6B6
B4A2A2
C6B2B3
BCA8A9
DAD5D5
F8F3F3
EAE7E6
E7E4E3
EFECEB
F4F1F0
F4F1F0
F4F1F0
F4F1F0
F4F1F0
F4F1F0
F4F1F0
F4F1F0
F4F1F0
F4F1F0
F4F1F0
F4F1F0
F4F1F0
F4F1F0
F4F1F0
F4F1F0
F4F1F0
F4F1F0
F1EEED
F1EEED
F5F2F1
F3F0EF
F5F2F1
FDF5F6
F7EFF0
ECE1E1
DBD0D0
C9BBBC
B8AAAB
AB9B9B
A99999
AA9898
AF9D9D
B5A1A2
BAA6A7
BFA9AB
C3ADAF
C6B0B2
C6B0B2
C4B0B1
C4B0B1
C4B1AF
C4B1AF
C5B0AF
C4AFAE
C2ADAC
BFAAA9
BCA7A6
B8A3A2
B19D9E
AD999A
AA9898
AD9B9B
AEA09F
BAACAB
C7BCBC
DACFCF
EAE2E3
F5EDEE
F5F2F1
F5F2F1
F7F4F3
F4F1F0
F4EFEF
F3EEEE
F3EBEC
F1E9EA
F1E9EA
F1E9EA
F0EBEB
F3EEEE
F4F1F0
F4F1F0
F4F1F0
F4F1F0
F4F1F0
F4F1F0
F4F1F0
F4F1F0
F4F0F1
F2EEEF
E3DFE0
E6E2E3
E6E2E3
E2DEDF
F2EEEF
F5F1F2
F4F1F0
F4F1F0
F4F1F0
F4F1F0
F4F1F0
F4F1F0
F4F1F0
F4F1F0
F4F1F0
F4F1F0
F4F1F0
F5F2F1
F5F2F1
F3F0EF
F2EDED
F1ECEC
EFE9EB
F1EBED
BCB9C4
403D48
3D4353
3D4353
3D4353
3D4353
3F424F
3C3F4C
D4D0D1
FFFFFF
FFFDFE
F9F7F8
F2F0F1
EFEDEE
F2EEEF
F4F0F1
F1EFF0
EDEBEC
F3F3F3
FDFDFD
FFFFFF
FFFFFF
FFFFFF
FFFFFF
FFFFFF
FFFFFF
FFFFFF
FFFFFF
FFFFFF
FFFFFF
FFFFFF
FFFFFF
FFFFFF
FFFFFF
FFFFFF
FFFFFF
FFFFFF
FFFFFF
FFFFFF
FFFFFF
FFFFFF
FFFFFF
FFFFFF
FFFFFF
FFFFFF
FFFFFF
FFFFFF
FFFFFF
FFFFFF
FFFFFF
FFFFFF
FFFFFF
FFFFFF
FFFFFF
FFFFFF
FFFFFF
FFFFFF
FFFFFF
FFFFFF
FFFFFF
FFFFFF
FFFFFF
FFFFFF
FFFFFF
FFFFFF
FFFFFF
FFFFFF
FFFFFF
FFFFFF
FFFFFF
FFFFFF
FFFFFF
FFFFFF
FFFFFF
FFFFFF
FFFFFF
FFFFFF
FFFFFF
FFFFFF
FFFFFF
F4F1F0
F4F1F0
F4F1F0
F4F1F0
F4F1F0
F4F1F0
F0EDEC
F4F1F0
F4F1F0
F4F1F0
F4F1F0
F4F1F0
F4F1F0
F4F1F0
F4F1F0
F4F1F0
F4F1F0
F4F1F0
F4F1F0
F4F1F0
F4F1F0
F4F1F0
F4F1F0
F3F0EF
F2EFEE
F4F1F0
F4F1F0
F4F1F0
F3F0EF
F4F1F0
F4F1F0
F2EFEE
F1EEED
F4F1F0
F4F1F0
F4F1F0
F4F1F0
F4F1F0
F4F1F0
F4F1F0
F4F1F0
F4F1F0
F4F1F0
F4F1F0
F4F1F0
F5F2F1
F9F6F5
FCF9F8
FAF8F9
F8F6F7
F4F2F3
F1EFF0
F6F4F5
FAF8F9
F9F7F8
F4F2F3
F4F0F1
F4F0F1
F4F1F0
F4F1F0
F4F1F0
FAF7F6
CEBCBC
A99797
C8B4B5
BFABAC
CAC5C5
F2EDED
F1EEED
E8E5E4
E8E5E4
F1EEED
F4F1F0
F4F1F0
F4F1F0
F4F1F0
F4F1F0
F4F1F0
F4F1F0
F4F1F0
F4F1F0
F4F1F0
F4F1F0
F4F1F0
F4F1F0
F4F1F0
F4F1F0
F4F1F0
F5F2F1
F6F3F2
F7F2F2
F6F1F1
E8DDDF
CFC4C6
C1AFB3
AF9DA1
A79595
AA9898
B2A19E
BAA9A6
C0AEAE
C4B2B2
C7B3B4
C6B2B3
C6B2B3
C6B2B3
C5B1B2
C5B1B2
C5B1B2
C5B1B2
C3B2AF
C3B2AF
C2B3AE
C2B3AE
C6B5B2
C8B7B4
CAB7B5
C8B5B3
C8B5B3
C8B5B3
C8B5B3
C8B5B3
C8B5B3
C6B3B1
C1AEAC
BDAAA8
B7A3A4
B29E9F
AD9B9D
B19FA1
BBADAE
CCBEBF
DDD5D6
F1E9EA
F8F5F4
FAF7F6
F6F1F1
F0EBEB
F0E8E9
F2EAEB
F2EAEB
F2EAEB
F2EDED
F4EFEF
F4F1F0
F4F1F0
F4F1F0
F4F1F0
F4F1F0
F4F1F0
F4F0F1
F4F0F1
E8E4E5
E3DFE0
E8E4E5
E6E2E3
E4E0E1
F3EFF0
F5F2F1
F4F1F0
F4F1F0
F4F1F0
F4F1F0
F4F1F0
F4F1F0
F4F1F0
F4F1F0
F4F1F0
F4F1F0
F4F1F0
F4F1F0
F4F1F0
F5F0F0
F5F0F0
F2ECEE
F7F1F3
7E7E8A
393945
3D4554
3C4453
3F4253
3F4253
3F4351
353947
949091
FFFFFF
FFFEFF
FFFEFF
FFFDFE
FBF9FA
F3F1F2
EFEDEE
F3EFF0
F5F1F2
F0EEEF
EFEDEE
F7F7F7
FEFEFE
FFFFFF
FFFFFF
FFFFFF
FFFFFF
FFFFFF
FFFFFF
FFFFFF
FFFFFF
FFFFFF
FFFFFF
FFFFFF
FFFFFF
FFFFFF
FFFFFF
FFFFFF
FFFFFF
FFFFFF
FFFFFF
FFFFFF
FFFFFF
FFFFFF
FFFFFF
FFFFFF
FFFFFF
FFFFFF
FFFFFF
FFFFFF
FFFFFF
FFFFFF
FFFFFF
FFFFFF
FFFFFF
FFFFFF
FFFFFF
FFFFFF
FFFFFF
FFFFFF
FFFFFF
FFFFFF
FFFFFF
FFFFFF
FFFFFF
FFFFFF
FFFFFF
FFFFFF
FFFFFF
FFFFFF
FFFFFF
FFFFFF
FFFFFF
FFFFFF
FFFFFF
FFFFFF
FFFFFF
FFFFFF
FFFFFF
FFFFFF
FFFFFF
F4F1F0
F4F1F0
F4F1F0
F4F1F0
F4F1F0
F5F2F1
F1EEED
F3F0EF
F4F1F0
F4F1F0
F4F1F0
F4F1F0
F4F1F0
F4F1F0
F4F1F0
F4F1F0
F4F1F0
F4F1F0
F4F1F0
F4F1F0
F4F1F0
F4F1F0
F4F1F0
F4F1F0
F3F0EF
F4F1F0
F4F1F0
F4F1F0
F4F1F0
F4F1F0
F4F1F0
F3F0EF
F1EEED
F3F0EF
F4F1F0
F4F1F0
F4F1F0
F4F1F0
F4F1F0
F4F1F0
F4F1F0
F4F1F0
F4F1F0
F4F1F0
F4F1F0
F5F2F1
F8F6F7
FBF9FA
FAFAFA
F9F9F9
F7F7F7
F3F3F3
F5F4F3
F9F8F7
F9F8F7
F4F3F2
F4F1F0
F4F1F0
F4F1F0
F4F1F0
F4F1F0
F8F5F4
DFCFD1
98888A
C8B4B5
C0ACAD
C2BAB9
ECE4E3
EDEAE9
EEEBEA
E7E4E3
EAE7E6
F3F0EF
F4F1F0
F4F1F0
F4F1F0
F4F1F0
F4F1F0
F4F1F0
F4F1F0
F4F1F0
F4F1F0
F2F1F0
F2F1F0
F0F1EF
F1F2F0
F5F4F3
F8F7F6
F7EEED
DED5D4
C3B3B3
AE9E9E
A99797
AC9A9A
B8A6A6
C0AEAE
C5B4B1
C6B5B2
C5B4B1
C4B3B0
C3B1B1
C3B1B1
C4B2B2
C4B2B2
C4B2B2
C4B2B2
C4B2B2
C4B2B2
C4B2B2
C4B2B2
C4B3B0
C3B2AF
BAA9A6
AC9B98
A3908E
9E8B89
998684
998684
978482
978482
958280
94817F
958280
968381
998684
9E8B89
A08D8B
A08D8B
9E8A8B
988485
948081
907C7D
8F7D7F
9A888A
A9999B
C6B6B8
DDD2D2
F0E5E5
F6EEED
F6EEED
F3EBEA
F1E9E8
EFEAE8
F3EEEC
F4F1F0
F4F1F0
F4F1F0
F4F1F0
F4F1F0
F4F1F0
F4F1F0
F4F1F0
EFEBEC
E2DEDF
E7E3E4
E8E4E5
E5E1E2
E6E2E3
F4F1F0
F4F1F0
F4F1F0
F4F1F0
F4F1F0
F4F1F0
F4F1F0
F4F1F0
F4F1F0
F4F1F0
F4F1F0
F4F1F0
F4F1F0
F4F1F0
F4F1F0
F4F1F0
F7F3F6
E0DCDF
494D5B
3B3F4D
3C4252
3D4353
3F4253
3F4253
3F4351
3A3E4C
5C5C60
F9F9FD
FFFFFF
FFFEFF
FFFDFE
FFFEFF
FFFEFF
FBF9FA
F3F1F2
EFEDEE
F0EEEF
F1EFF0
EEECED
F1EFF0
F8F6F7
FEFCFD
FEFFFF
FEFFFF
FEFEFE
FEFEFE
FEFEFE
FEFEFE
FFFFFF
FFFFFF
FFFFFF
FFFFFF
FFFFFF
FFFFFF
FFFFFF
FFFFFF
FFFFFF
FFFFFF
FFFFFF
FFFFFF
FFFFFF
FFFFFF
FFFFFF
FFFFFF
FFFFFF
FFFFFF
FFFFFF
FFFFFF
FFFFFF
FFFFFF
FFFFFF
FFFFFF
FFFFFF
FFFFFF
FFFFFF
FFFFFF
FFFFFF
FFFFFF
FFFFFF
FFFFFF
FFFFFF
FFFFFF
FFFFFF
FFFFFF
FFFFFF
FFFFFF
FFFFFF
FFFFFF
FFFFFF
FFFFFF
FFFFFF
FFFFFF
FFFFFF
FFFFFF
FFFFFF
FFFFFF
FFFFFF
FFFFFF
F4F1F0
F4F1F0
F4F1F0
F4F1F0
F4F1F0
F4F1F0
F1EEED
F2EFEE
F4F1F0
F4F1F0
F4F1F0
F4F1F0
F4F1F0
F4F1F0
F4F1F0
F4F1F0
F4F1F0
F4F1F0
F4F1F0
F4F1F0
F4F1F0
F4F1F0
F4F1F0
F4F1F0
F4F1F0
F4F1F0
F4F1F0
F4F1F0
F4F1F0
F4F1F0
F4F1F0
F4F1F0
F3F0EF
F1EEED
F3F0EF
F4F1F0
F4F1F0
F4F1F0
F4F1F0
F4F1F0
F4F1F0
F4F1F0
F4F1F0
F4F1F0
F4F1F0
F4F1F0
F6F4F5
FAF8F9
FAFAFA
F9F9F9
F9F9F9
F7F7F7
F5F4F3
F4F3F2
F4F3F2
F3F2F1
F4F1F0
F4F1F0
F4F1F0
F4F1F0
F4F1F0
F5F2F1
F6E8E9
948687
BEAAAB
C6B2B3
C0B7B6
ECE3E2
E7E4E1
EEEBE8
EAE7E6
E5E2E1
EEEBEA
F4F1F0
F4F1F0
F4F1F0
F2F1F0
F2F1F0
F2F1F0
F2F1F0
F4F1F0
F4F1F0
F4F1F0
F7F4F3
FCF7F7
F3EEEE
DCD1D1
BDB2B2
AD9B9B
AB9999
B3A29F
BFAEAB
C6B4B4
C6B4B4
C5B3B3
C4B2B2
C4B3B0
C4B3B0
C4B3B0
C5B4B1
C5B3B3
C5B3B3
C5B3B3
C5B3B3
C4B2B2
C4B2B2
C4B2B2
C4B2B2
C4B2B2
C4B2B2
C4B2B2
C4B2B2
C2B1AE
C1B0AD
C0ADAB
B5A2A0
A79492
988583
907D7B
84716F
7D6A68
7F6C6A
84716F
887573
8C7977
968381
9A8785
988583
978482
988583
9A8785
998684
998586
988485
8D797C
836F72
806E70
8C7A7C
A9999B
CCBCBE
E8DFDE
F6EDEC
F4EFEF
F3EEEE
F2EFEE
F3F0EF
F4F1F0
F4F1F0
F4F1F0
F4F1F0
F4F1F0
F4F1F0
F4F0F1
E5E1E2
E6E2E3
EBE7E8
E9E5E6
E3DFE0
E5E1E2
F3EFF0
F4F1F0
F4F1F0
F4F1F0
F4F1F0
F4F1F0
F4F1F0
F4F1F0
F4F1F0
F4F1F0
F4F1F0
F4F1F0
F4F1F0
F5F0EE
F5F0EE
FDF9FE
A5A1A6
353B4B
3D4353
3D4353
3D4353
3D4353
3D4353
3F4351
3E4250
414047
D8D7DE
FFFFFF
FFFFFF
FFFFFF
FFFFFF
FFFEFF
FFFEFF
FFFEFF
FDFBFC
F4F2F3
EEECED
F0EEEF
F1EFF0
EEECED
EDEBEC
F4F2F3
FBF9FA
FEFEFE
FEFEFE
FEFEFE
FEFEFE
FFFFFF
FEFEFE
FFFFFF
FFFFFF
FFFFFF
FFFFFF
FFFFFF
FFFFFF
FFFFFF
FFFFFF
FFFFFF
FFFFFF
FFFFFF
FFFFFF
FFFFFF
FFFFFF
FFFFFF
FFFFFF
FFFFFF
FFFFFF
FFFFFF
FFFFFF
FFFFFF
FFFFFF
FFFFFF
FFFFFF
FFFFFF
FFFFFF
FFFFFF
FFFFFF
FFFFFF
FFFFFF
FFFFFF
FFFFFF
FFFFFF
FFFFFF
FFFFFF
FFFFFF
FFFFFF
FFFFFF
FFFFFF
FFFFFF
FFFFFF
FFFFFF
FFFFFF
FFFFFF
FFFFFF
FFFFFF
FFFFFF
FFFFFF
F4F1F0
F4F1F0
F4F1F0
F4F1F0
F4F1F0
F4F1F0
F3F0EF
F1EEED
F5F2F1
F4F1F0
F4F1F0
F4F1F0
F4F1F0
F4F1F0
F4F1F0
F4F1F0
F4F1F0
F4F1F0
F4F1F0
F4F1F0
F4F1F0
F4F1F0
F4F1F0
F4F1F0
F4F1F0
F4F1F0
F4F1F0
F4F1F0
F4F1F0
F4F1F0
F4F1F0
F4F1F0
F4F1F0
F2EFEE
F2EFEE
F4F1F0
F4F1F0
F4F1F0
F4F1F0
F4F1F0
F4F1F0
F4F1F0
F4F1F0
F4F1F0
F4F1F0
F4F1F0
F3F1F2
F8F6F7
F9F9F9
F9F9F9
FAFAFA
FAFAFA
F7F6F5
F3F2F1
F3F0EF
F4F1F0
F4F1F0
F4F1F0
F4F1F0
F4F1F0
F4F1F0
F4F1F0
FEF3F3
B0A5A5
9B8788
CBB7B8
BAAFAF
E9DEDE
E7E4E3
E8E5E4
E9E6E5
E7E4E3
E8E5E4
F1EEED
F4F1F0
F4F1F0
F2F1F0
F2F1F0
F2F1F0
F1F0EF
F5F2F1
F9F6F5
F7EFF0
E3DBDC
C5B7B8
AB9D9E
AB9999
B7A5A5
C1B0AB
C6B5B0
C7B6B3
C7B6B3
C7B5B5
C6B4B4
C7B5B5
C7B5B5
C7B6B3
C6B5B2
C3B2AF
C1B0AD
C0AEAE
C0AEAE
C0AEAE
C1AFAF
C2B0B0
C5B3B3
C7B5B5
C7B5B5
C7B5B5
C6B4B4
C5B3B3
C5B3B3
C5B4B1
C5B4B1
C6B3B1
C7B4B2
C7B4B2
C9B6B4
C6B3B1
BEABA9
B09D9B
9E8B89
8C7977
816E6C
826F6D
917E7C
AA9795
BEABA9
C7B4B2
CAB7B5
C9B6B4
C7B4B2
C7B4B2
C8B5B3
C4B0B3
C3AFB2
BEAAAD
B5A1A4
AC989B
A18D90
9E8E90
B1A1A3
CFC1C2
EBDDDE
F7EFF0
FBF3F4
F5F2F1
F4F1F0
F4F1F0
F4F1F0
F4F1F0
F4F1F0
F5F1F2
EDE9EA
E3DFE0
ECE8E9
F0ECED
EAE6E7
E2DEDF
E4E0E1
F4F1F0
F4F1F0
F4F1F0
F4F1F0
F4F1F0
F4F1F0
F4F1F0
F4F1F0
F4F1F0
F4F1F0
F4F1F0
F4F1F0
F5F0F0
F7F2F2
EAE9F3
5C5B65
3C4252
404656
3E4454
3D4353
3C4252
3D4353
3F4253
3F4253
383940
AAABB2
FFFFFF
FFFFFF
FFFFFF
FFFFFF
FFFFFF
FEFEFE
FFFDFE
FFFEFF
FFFEFF
FCFAFB
F6F2F3
F0ECED
F1EDEE
F3EFF0
F1EDEE
F0ECED
F2F0F1
FAF8F9
FEFEFE
FFFFFF
FEFEFE
FEFEFE
FEFFFF
FEFFFF
FFFFFF
FFFFFF
FFFFFF
FFFFFF
FFFFFF
FFFFFF
FFFFFF
FFFFFF
FFFFFF
FFFFFF
FFFFFF
FFFFFF
FFFFFF
FFFFFF
FFFFFF
FFFFFF
FFFFFF
FFFFFF
FFFFFF
FFFFFF
FFFFFF
FFFFFF
FFFFFF
FFFFFF
FFFFFF
FFFFFF
FFFFFF
FFFFFF
FFFFFF
FFFFFF
FFFFFF
FFFFFF
FFFFFF
FFFFFF
FFFFFF
FFFFFF
FFFFFF
FFFFFF
FFFFFF
FFFFFF
FFFFFF
FFFFFF
FFFFFF
FFFFFF
FFFFFF
FFFFFF
F4F1F0
F4F1F0
F4F1F0
F4F1F0
F4F1F0
F4F1F0
F4F1F0
F0EDEC
F5F2F1
F4F1F0
F4F1F0
F4F1F0
F4F1F0
F4F1F0
F4F1F0
F4F1F0
F4F1F0
F4F1F0
F4F1F0
F4F1F0
F4F1F0
F4F1F0
F4F1F0
F4F1F0
F4F1F0
F4F1F0
F4F1F0
F4F1F0
F4F1F0
F4F1F0
F4F1F0
F4F1F0
F4F1F0
F4F1F0
F1EEED
F2EFEE
F4F1F0
F4F1F0
F4F1F0
F4F1F0
F4F1F0
F4F1F0
F4F1F0
F4F1F0
F4F1F0
F4F1F0
F2F0F1
F6F4F5
F8F8F8
FAFAFA
F9FBFA
F9FBFA
F9F8F7
F5F4F3
F3F0EF
F3F0EF
F4F1F0
F4F1F0
F4F1F0
F4F1F0
F4F1F0
F4F1F0
FAF2F1
E3DBDA
867273
B4A0A1
BDAFB0
D5C7C8
F2EAEB
E5DDDE
E8E5E4
E7E4E3
E6E3E2
E9E6E5
F3F0EF
F4F1F0
F4F1F0
F4F1F0
F8F3F3
FBF6F6
F0E7E8
CDC4C5
B0A5A5
A79C9C
B5A5A5
C0B0B0
C6B5B2
C5B4B1
C4B5B0
C4B5B0
C1B0AD
BCABA8
AF9D9D
A99797
A49292
9A8888
978585
958383
937F80
8F7B7C
8D7B7B
928080
968484
968484
948282
988686
A18F8F
9F8D8D
A29090
B4A2A2
B8A6A6
B9A7A7
C2B0B0
C2B0B0
C5B2B0
C6B3B1
C6B3B1
C6B3B1
C4B1AF
C5B2B0
C8B5B3
C9B6B4
C4B1AF
B9A6A4
A28F8D
8A7775
7C6967
816E6C
968381
B09D9B
C3B0AE
C7B4B2
C6B3B1
C6B3B1
C4B2B2
C4B2B2
C5B1B2
C7B3B4
C7B5B7
C8B6B8
C7B1B5
BDA7AB
AE9A9D
A59194
B3A5A6
D1C3C4
F2EAEB
FDF5F6
F6F3F2
F4F1F0
F4F1F0
F4F1F0
F4F0F1
F3EFF0
E3DFE0
E9E5E6
F3EFF0
F2EEEF
ECE8E9
E2DEDF
E7E3E4
F4F0F1
F4F1F0
F4F1F0
F4F1F0
F4F1F0
F4F1F0
F4F1F0
F4F1F0
F4F1F0
F4F1F0
F4F1F0
F3EFF0
FEFAFB
A2A5B2
3E414E
454B5F
444A5E
414757
3F4555
3D4353
3D4353
3D4353
3D4353
373B43
7D8189
FFFFFF
FFFFFF
FFFFFF
FFFFFF
FFFFFF
FFFFFF
FFFFFF
FFFFFF
FEFEFE
FEFEFE
FFFEFF
FDFBFC
F5F3F4
EFEDEE
F0EEEF
F2F0F1
F0EEEF
EEECED
F0EEEF
F7F5F6
FDFBFC
FFFEFF
FFFFFF
FFFFFF
FFFFFF
FFFFFF
FFFFFF
FFFFFF
FFFFFF
FFFFFF
FFFFFF
FFFFFF
FFFFFF
FFFFFF
FEFEFE
FEFEFE
FFFFFF
FFFFFF
FFFFFF
FFFFFF
FFFFFF
FEFEFE
FEFEFE
FFFFFF
FFFFFF
FFFFFF
FFFFFF
FFFFFF
FFFFFF
FFFFFF
FFFFFF
FFFFFF
FFFFFF
FFFFFF
FFFFFF
FFFFFF
FFFFFF
FFFFFF
FFFFFF
FFFFFF
FFFFFF
FFFFFF
FFFFFF
FFFFFF
FFFFFF
FFFFFF
FFFFFF
FFFFFF
FFFFFF
FFFFFF
F4F1F0
F4F1F0
F4F1F0
F4F1F0
F4F1F0
F4F1F0
F4F1F0
EFECEB
F5F2F1
F4F1F0
F4F1F0
F4F1F0
F4F1F0
F4F1F0
F4F1F0
F4F1F0
F4F1F0
F4F1F0
F4F1F0
F4F1F0
F4F1F0
F4F1F0
F4F1F0
F4F1F0
F4F1F0
F4F1F0
F4F1F0
F4F1F0
F4F1F0
F4F1F0
F4F1F0
F4F1F0
F4F1F0
F4F1F0
F3F0EF
F1EEED
F3F0EF
F4F1F0
F4F1F0
F4F1F0
F4F1F0
F4F1F0
F4F1F0
F4F1F0
F4F1F0
F4F1F0
F4F0F1
F5F1F2
F5F5F5
F9F9F9
F9FBFA
F9FBFA
FAF9F8
F6F5F4
F4F1F0
F3F0EF
F4F1F0
F4F1F0
F4F1F0
F4F1F0
F4F1F0
F3F0EF
F5F0EE
FBF6F4
B8A4A5
857172
B4A4A6
C2B2B4
F3EAE9
E9E0DF
E3DEDE
E8E3E3
E6E3E2
E6E3E2
EEEBEA
F4F1F0
F9F4F4
F7F2F2
E4DBDC
BEB5B6
AB9DA0
B0A2A5
BDADAD
C2B2B2
C4B5B2
C2B3B0
C5B4B1
C4B3B0
AA9996
978683
8D7C79
877673
897777
8E7C7C
978585
A08E8E
A79595
B09E9E
B7A3A4
BDA9AA
BFADAD
C0AEAE
C1AFAF
C0AEAE
BEACAC
BCAAAA
B7A5A5
AF9D9D
AE9C9C
B09E9E
A69494
A99797
AF9D9D
AF9D9D
B29F9D
B3A09E
B8A5A3
BEABA9
C2AFAD
C4B1AF
C6B3B1
C7B4B2
C6B3B1
C6B3B1
C8B5B3
C5B2B0
B9A6A4
A28F8D
8A7775
7F6C6A
8A7775
A59290
BDAAA8
C8B5B3
C7B5B5
C4B2B2
C3B1B1
C4B2B2
C6B2B3
C5B1B2
C4B2B2
C5B3B3
C8B4B5
C7B3B4
BBA7A8
A08C8D
8D8282
C5BABA
F2EFEE
F8F5F4
F4F1F0
F4F1F0
F4F0F1
F5F1F2
E8E4E5
E4E0E1
F2EEEF
F4F0F1
F3EFF0
EFEBEC
E3DFE0
E8E4E5
F4F1F0
F4F1F0
F4F1F0
F4F1F0
F4F1F0
F4F1F0
F4F1F0
F4F1F0
F4F1F0
F4F1F0
F5F3F8
E5E3E8
555B6D
4B5163
495164
474F62
444A5A
404656
3C4453
3C4453
3C4455
3B4354
3B3E49
5A5D68
F9F9F9
FFFFFF
FFFFFF
FFFFFF
FFFFFF
FEFEFE
FFFFFF
FFFFFF
FEFEFE
FEFEFE
FEFEFE
FFFFFF
FFFFFF
FCFCFC
F6F4F5
F0EEEF
F0EEEF
F1EFF0
F4F0F1
F1EDEE
EFEDEE
F3F1F2
F9F9F9
FEFEFE
FFFFFF
FFFFFF
FFFFFF
FFFFFF
FFFFFF
FFFFFF
FFFFFF
FFFFFF
FFFFFF
FEFEFE
FEFEFE
FEFEFE
FEFEFE
FFFFFF
FFFFFF
FFFFFF
FFFFFF
FEFEFE
FEFEFE
FFFFFF
FFFFFF
FFFFFF
FFFFFF
FFFFFF
FFFFFF
FFFFFF
FFFFFF
FFFFFF
FFFFFF
FFFFFF
FFFFFF
FFFFFF
FFFFFF
FFFFFF
FFFFFF
FFFFFF
FFFFFF
FFFFFF
FFFFFF
FFFFFF
FFFFFF
FFFFFF
FFFFFF
FFFFFF
FFFFFF
FFFFFF
F4F1F0
F4F1F0
F4F1F0
F4F1F0
F4F1F0
F4F1F0
F4F1F0
F1EEED
F5F2F1
F4F1F0
F4F1F0
F4F1F0
F4F1F0
F4F1F0
F4F1F0
F4F1F0
F4F1F0
F4F1F0
F4F1F0
F4F1F0
F4F1F0
F4F1F0
F4F1F0
F4F1F0
F4F1F0
F4F1F0
F3F0EF
F3F0EF
F4F1F0
F4F1F0
F4F1F0
F4F1F0
F4F1F0
F4F1F0
F4F1F0
F2EFEE
F1EEED
F3F0EF
F4F1F0
F4F1F0
F4F1F0
F4F1F0
F4F1F0
F4F1F0
F4F1F0
F4F1F0
F4F1F0
F4F1F0
F2F1F0
F6F5F4
F8F9F7
F8F9F7
F7F6F5
F4F3F2
F2F1F0
F2F1F0
F4F1F0
F4F1F0
F4F1F0
F4F1F0
F4F1F0
F4F1F0
F2F1F0
F4F3F2
F5E7E8
908283
877374
AF9B9C
D9D0CF
FAF1F0
E6DDDC
E8DFDE
E8E3E3
E8E3E3
EDE8E8
F0EBEB
D6CBCB
B2A7A7
AA9A9C
B6A6A8
C4B2B2
C5B3B3
C4B3B0
C4B3B0
C4B3B0
C5B4B1
B9A8A5
9D8C89
91807D
9B8A87
A99895
B6A5A2
BEACAC
C3B1B1
C5B3B3
C7B5B5
C7B5B5
C6B4B4
C6B4B4
C5B3B3
C5B3B3
C5B3B3
C4B2B2
C4B2B2
C5B4B1
C5B4B1
C6B5B2
C6B5B2
C7B6B3
C6B5B2
C7B6B3
C6B5B2
C5B4B1
C4B3B0
C0AFAC
BCABA8
B6A5A2
B1A09D
AE9D9A
AD9C99
AF9E9B
B4A3A0
BCABA8
C1B0AD
C4B1AF
C6B3B1
C7B4B2
C8B5B3
C8B5B3
BDAAA8
A69391
907D7B
887573
978482
B4A2A2
C6B4B4
C8B6B6
C6B4B4
C4B2B2
C5B3B3
C3B1B1
C2B0B0
C2B2B2
C1B1B1
C3B3B3
C7B7B7
BCACAC
A29292
A89D9D
D9CECE
F7F4F3
F7F4F3
F2F0F1
F2F0F1
EEEAEB
E2DEDF
EFEBEC
F5F1F2
F4F0F1
F5F1F2
F0ECED
E5E1E2
EAE6E7
F3EFF0
F4F0F1
F4F0F1
F4F0F1
F4F0F1
F4F0F1
F4F0F1
F4F1F0
F4F1F0
F8F5FF
94919C
464E67
505871
4A556A
475267
454D5E
41495A
3D4655
3B4453
3C4453
3C4453
3D404B
474A55
EDEDED
FFFFFF
FFFFFF
FFFFFF
FFFFFF
FFFFFF
FFFFFF
FEFEFE
FEFEFE
FEFEFE
FEFEFE
FEFEFE
FEFEFE
FEFEFE
FFFDFE
FEFCFD
F9F7F8
F3F1F2
F1EFF0
F1EFF0
F1EFF0
F0EEEF
F1EDEE
F2EEEF
F4F2F3
FAF8F9
FDFDFD
FFFFFF
FFFFFF
FFFFFF
FFFFFF
FFFFFF
FFFFFF
FFFFFF
FFFFFF
FFFFFF
FFFFFF
FFFFFF
FFFFFF
FFFFFF
FFFFFF
FFFFFF
FFFFFF
FFFFFF
FFFFFF
FFFFFF
FFFFFF
FFFFFF
FFFFFF
FFFFFF
FFFFFF
FFFFFF
FFFFFF
FFFFFF
FFFFFF
FFFFFF
FFFFFF
FFFFFF
FFFFFF
FFFFFF
FFFFFF
FFFFFF
FFFFFF
FFFFFF
FFFFFF
FFFFFF
FFFFFF
FFFFFF
FFFFFF
FFFFFF
F4F1F0
F4F1F0
F4F1F0
F4F1F0
F4F1F0
F4F1F0
F4F1F0
F3F0EF
F3F0EF
F6F3F2
F4F1F0
F4F1F0
F4F1F0
F4F1F0
F4F1F0
F4F1F0
F4F1F0
F4F1F0
F4F1F0
F4F1F0
F4F1F0
F4F1F0
F4F1F0
F4F1F0
F4F1F0
F4F1F0
F4F1F0
F0EDEC
F4F1F0
F4F1F0
F4F1F0
F4F1F0
F4F1F0
F4F1F0
F4F1F0
F4F1F0
F2EFEE
F2EFEE
F4F1F0
F4F1F0
F4F1F0
F4F1F0
F4F1F0
F4F1F0
F4F1F0
F4F1F0
F4F1F0
F4F1F0
F4F1F0
F4F1F0
F4F3F2
F5F4F3
F4F3F2
F3F2F1
F4F1F0
F4F1F0
F4F1F0
F4F1F0
F4F1F0
F4F1F0
F4F1F0
F4F1F0
F4F1F0
F4F1F0
FCF4F3
E2DAD9
897576
836F70
9F9192
EBDDDE
F8EDED
E9DEDE
EDE2E2
E4D9D9
C8BABD
AC9EA1
AD9D9F
BCACAE
C6B4B6
C6B4B6
C4B2B2
C4B2B2
C4B3B0
C4B3B0
C6B3B1
C8B5B3
B5A4A1
B8A7A4
C2B1AE
C2B1AE
C0AFAC
BEADAA
BEACAC
BEACAC
C3B1B1
C5B3B3
C6B4B4
C7B5B5
C6B4B4
C5B3B3
C4B2B2
C4B2B2
C4B2B2
C4B2B2
C4B3B0
C4B3B0
C4B3B0
C4B3B0
C4B3B0
C4B3B0
C4B3B0
C4B3B0
C4B3B0
C4B3B0
C4B3B0
C4B3B0
C6B5B2
C6B5B2
C4B3B0
C2B1AE
BEADAA
B8A7A4
B3A29F
AF9E9B
AE9B99
B19E9C
B8A5A3
C0ADAB
C5B2B0
C8B5B3
CBB8B6
C7B4B2
BAA7A5
A18E8C
8A7775
8D7A78
AE9B99
C5B2B0
C5B4B1
C3B2AF
C3B2AF
C4B3B0
C4B2B2
C4B2B2
C4B2B2
C4B2B2
C5B3B3
C8B6B6
BEB0B1
A99B9C
B2A9AA
ECE3E4
FAF6F7
F4F0F1
F4F0F1
E4E0E1
E9E5E6
F4F0F1
F4F0F1
F4F0F1
F5F1F2
EFEBEC
EAE6E7
EBE7E8
F3EFF0
F4F0F1
F4F0F1
F4F0F1
F4F0F1
F4F0F1
F4F0F1
F9F5F6
BFC1D2
535566
515D79
525E7A
4F5A72
4A556D
485164
434C5F
404857
3D4554
3D4353
3D4353
37383F
7D7E85
FCFCFC
FFFFFF
FFFFFF
FFFFFF
FFFFFF
FFFFFF
FEFEFE
FFFFFF
FEFEFE
FEFEFE
FFFFFF
FFFFFF
FEFEFE
FEFEFE
FEFEFE
FFFFFF
FFFFFF
FFFFFF
FDFBFC
F8F6F7
F3F1F2
F0EEEF
F1EFF0
F1EFF0
F0EEEF
EFEDEE
F1EFF0
F5F3F4
F9F9F9
FCFCFC
FEFEFE
FFFFFF
FFFFFF
FFFFFF
FFFFFF
FFFFFF
FFFFFF
FFFFFF
FFFFFF
FFFFFF
FFFFFF
FFFFFF
FFFFFF
FFFFFF
FFFFFF
FFFFFF
FFFFFF
FFFFFF
FFFFFF
FFFFFF
FFFFFF
FFFFFF
FFFFFF
FFFFFF
FFFFFF
FFFFFF
FFFFFF
FFFFFF
FFFFFF
FFFFFF
FFFFFF
FFFFFF
FFFFFF
FFFFFF
FFFFFF
FFFFFF
FFFFFF
FFFFFF
FFFFFF
FFFFFF
F4F1F0
F4F1F0
F4F1F0
F4F1F0
F4F1F0
F4F1F0
F4F1F0
F3F0EF
F1EEED
F6F3F2
F4F1F0
F4F1F0
F4F1F0
F4F1F0
F4F1F0
F4F1F0
F4F1F0
F4F1F0
F4F1F0
F4F1F0
F4F1F0
F4F1F0
F4F1F0
F4F1F0
F4F1F0
F4F1F0
F5F2F1
EFECEB
F1EEED
F5F2F1
F5F2F1
F4F1F0
F4F1F0
F4F1F0
F4F1F0
F4F1F0
F4F1F0
F2EFEE
F2EFEE
F4F1F0
F4F1F0
F4F1F0
F4F1F0
F4F1F0
F4F1F0
F4F1F0
F4F1F0
F4F1F0
F3F0EF
F3F0EF
F3F0EF
F4F1F0
F4F1F0
F4F1F0
F4F1F0
F3F0EF
F4F1F0
F4F1F0
F4F1F0
F4F1F0
F4F1F0
F4F1F0
F4F1F0
F4F1F0
F4F1F0
FAF7F6
E4D4D6
89797B
7C6A6A
9A8888
E9D9D9
ECDCDC
C5B3B3
B19F9F
B6A4A6
C2B0B2
C7B3B6
C6B2B5
C4B2B2
C4B2B2
C4B2B2
C4B2B2
C4B2B2
C5B3B3
C0ACAD
AA9697
988485
8C7879
836F70
7D696A
796566
7A6667
826E6F
8A7677
927E7F
988485
A28E8F
AD999A
B7A3A4
C0ACAD
C6B2B3
C8B4B5
C6B2B3
C5B1B2
C2B1AE
C3B2AF
C4B3B0
C4B3B0
C4B3B0
C4B3B0
C4B3B0
C4B3B0
C4B3B0
C4B3B0
C3B2AF
C4B3B0
C4B3B0
C4B3B0
C4B3B0
C4B3B0
C4B3B0
C5B4B1
C5B4B1
C5B4B1
C4B1AF
BFACAA
B6A3A1
AF9C9A
AD9A98
B3A09E
BCA9A7
C1AEAC
C6B3B1
CBB8B6
C6B3B1
AD9A98
917E7C
968381
B2A19E
C4B3B0
C5B4B1
C3B2AF
C4B2B2
C4B2B2
C4B2B2
C4B2B2
C4B2B2
C5B3B3
C4B2B2
C7B5B5
B6A6A8
A29294
CFC7C8
FCF4F5
F6F2F3
E9E5E6
E5E1E2
F4F0F1
F4F0F1
F4F0F1
F4F0F1
F4F0F1
EBE7E8
F1EDEE
ECE8E9
F4F0F1
F4F0F1
F4F0F1
F4F0F1
F4F0F1
F4F1FA
E0DDE6
686E8A
555B77
556384
546283
545E7B
4E5875
4A5269
444C63
41495A
3E4657
3E424F
373B48
5B5B5F
ECECF0
FFFFFF
FEFEFE
FFFFFF
FFFFFF
FFFFFF
FEFEFE
FEFEFE
FEFEFE
FEFEFE
FFFFFF
FFFFFF
FFFFFF
FEFEFE
FEFEFE
FEFEFE
FEFEFE
FEFEFE
FEFEFE
FFFFFF
FFFFFF
FFFEFF
FDFBFC
F7F5F6
F3F1F2
F0EEEF
F0EEEF
F4F0F1
F4F0F1
F1EFF0
F0EEEF
F0EEEF
F3F1F2
F5F5F5
F8F8F8
FBFBFB
FDFDFD
FEFEFE
FEFEFE
FEFEFE
FEFEFE
FFFFFF
FFFFFF
FFFFFF
FFFFFF
FFFFFF
FFFFFF
FFFFFF
FFFFFF
FFFFFF
FFFFFF
FFFFFF
FFFFFF
FFFFFF
FFFFFF
FFFFFF
FFFFFF
FFFFFF
FFFFFF
FFFFFF
FFFFFF
FFFFFF
FFFFFF
FFFFFF
FFFFFF
FFFFFF
FFFFFF
FFFFFF
FFFFFF
FFFFFF
FFFFFF
F4F1F0
F4F1F0
F4F1F0
F4F1F0
F4F1F0
F4F1F0
F4F1F0
F4F1F0
F0EDEC
F4F1F0
F4F1F0
F4F1F0
F4F1F0
F4F1F0
F4F1F0
F4F1F0
F4F1F0
F4F1F0
F4F1F0
F4F1F0
F4F1F0
F4F1F0
F4F1F0
F4F1F0
F4F1F0
F4F1F0
F6F1F1
F4EFEF
EDEAE9
F3F0EF
F4F1F0
F4F1F0
F4F1F0
F4F1F0
F4F1F0
F4F1F0
F4F1F0
F3F0EF
F2EFEE
F4F1F0
F4F1F0
F4F1F0
F4F1F0
F4F1F0
F4F1F0
F4F1F0
F4F1F0
F4F1F0
F4F1F0
F3F0EF
F3F0EF
F3F0EF
F4F1F0
F4F1F0
F4F1F0
F4F1F0
F4F1F0
F4F1F0
F4F1F0
F4F1F0
F4F1F0
F4F1F0
F4F1F0
F4F1F0
F4F1F0
F4F1F0
FAF5F3
E9E4E2
A39191
7B6969
897777
A49292
BDACA9
C9B8B5
C6B4B4
C4B2B2
C4B2B2
C4B2B2
C4B2B2
C4B2B2
C4B2B2
C4B2B2
C6B2B3
BEAAAB
7E6A6B
867273
7D696A
7E6A6B
7E6A6B
7E6A6B
816D6E
847071
847071
836F70
806C6D
7C6869
7C6869
7C6869
806C6D
877374
927E7F
A59192
B7A3A4
C3AFB0
C6B5B2
C6B5B2
C4B3B0
C4B3B0
C4B3B0
C4B3B0
C4B3B0
C4B3B0
C4B3B0
C4B3B0
C4B3B0
C4B3B0
C5B4B1
C4B3B0
C4B3B0
C4B3B0
C4B3B0
C4B3B0
C3B2AF
C2B1AE
C5B2B0
C7B4B2
C7B4B2
C6B3B1
C3B0AE
BDAAA8
B6A3A1
B5A2A0
B6A3A1
BAA7A5
C1B0AD
C8B7B4
C9B8B5
BDACA9
AD9C99
AC9B98
B5A4A1
BFAEAB
C4B2B2
C5B3B3
C4B2B2
C4B2B2
C4B2B2
C4B2B2
C4B2B2
C4B2B2
C6B4B6
C2B0B2
A29497
B4A6A9
F1EBED
F5EFF1
E2DEDF
F3EFF0
F4F0F1
F4F0F1
F4F0F1
F4F0F1
F0ECED
ECE8E9
F8F4F5
EBE7E8
F3EFF0
F4F0F1
F2F0F1
F2F0F1
E7E6F8
8E8D9F
505B7D
5B6688
59678A
576588
566181
505B7B
4C546B
454D64
43495B
3F4557
3C3C4A
4F4F5D
CBC9CC
F3F1F4
FEFEFE
FFFFFF
FFFFFF
FFFFFF
FFFFFF
FEFEFE
FEFEFE
FFFFFF
FFFFFF
FFFFFF
FFFFFF
FFFFFF
FFFFFF
FEFEFE
FFFFFF
FFFFFF
FFFFFF
FFFFFF
FFFFFF
FFFFFF
FFFFFF
FFFFFF
FFFFFF
FEFEFE
FDFBFC
F8F6F7
F4F0F1
F2EEEF
F1EFF0
F2F0F1
F3F1F2
F3F1F2
F3F1F2
F3F1F2
F2F2F2
F2F2F2
F4F4F4
F7F7F7
FAFAFA
FCFCFC
FEFEFE
FFFFFF
FFFFFF
FFFFFF
FFFFFF
FFFFFF
FFFFFF
FFFFFF
FFFFFF
FFFFFF
FFFFFF
FFFFFF
FFFFFF
FFFFFF
FFFFFF
FFFFFF
FFFFFF
FFFFFF
FFFFFF
FFFFFF
FFFFFF
FFFFFF
FFFFFF
FFFFFF
FFFFFF
FFFFFF
FFFFFF
FFFFFF
FFFFFF
FFFFFF
F4F1F0
F4F1F0
F4F1F0
F4F1F0
F4F1F0
F4F1F0
F4F1F0
F5F2F1
F3F0EF
F4F1F0
F4F1F0
F4F1F0
F4F1F0
F4F1F0
F4F1F0
F4F1F0
F4F1F0
F4F1F0
F4F1F0
F4F1F0
F4F1F0
F4F1F0
F4F1F0
F4F1F0
F4F1F0
F4F1F0
F5F0F0
F6F1F1
EEE9E9
EEE9E9
F5F0F0
F4EFEF
F4F1F0
F4F1F0
F4F1F0
F4F1F0
F4F1F0
F4F1F0
F3F0EF
F2EFEE
F3F0EF
F4F1F0
F4F1F0
F4F1F0
F4F1F0
F4F1F0
F4F1F0
F4F1F0
F4F1F0
F4F1F0
F4F1F0
F3F0EF
F4F1F0
F4F1F0
F4F1F0
F4F1F0
F4F1F0
F4F1F0
F4F1F0
F4F1F0
F4F1F0
F4F1F0
F4F1F0
F4F1F0
F4F1F0
F3F0EF
FBF3F2
F9F1F0
D6C4C4
978585
826E6F
7A6667
93827F
B2A19E
C3B1B1
C8B6B6
C8B6B6
C7B5B5
C6B4B4
C4B2B2
C3B1B1
C4B2B2
C9B5B6
9F8B8C
796566
8E7A7B
9C8889
AA9697
B29E9F
B6A2A3
BAA6A7
BCA8A9
BCA8A9
BBA7A8
B6A2A3
B19D9E
AB9798
A28E8F
968283
8C7879
826E6F
7C6869
7F6B6C
8C7879
9E8A8B
B9A5A6
C7B6B3
C6B5B2
C4B3B0
C4B3B0
C4B3B0
C4B3B0
C4B3B0
C4B3B0
C4B3B0
C4B3B0
C4B3B0
C4B3B0
C4B3B0
C4B3B0
C4B3B0
C4B3B0
C4B3B0
C4B3B0
C5B2B0
C5B2B0
C5B2B0
C5B2B0
C5B2B0
C5B2B0
C6B3B1
C6B3B1
C2B1AE
BBAAA7
B3A29F
B09F9C
B7A6A3
BFAEAB
C5B4B1
C4B3B0
BAA9A6
B09F9C
AF9D9D
B9A7A7
C2B0B2
C5B3B5
C5B3B3
C3B1B1
C3B1B1
C4B2B2
C5B3B3
C5B3B3
C8B6B6
B09E9E
9F9697
E4DBDC
EAE6E7
EFEBEC
F4F0F1
F4F0F1
F4F0F1
F4F0F1
F5F1F2
EBE7E8
F6F2F3
F9F5F6
E9E8E7
F2F1F0
F3F1F4
EAE8EB
A7ACC3
595E75
5A698C
5C6B8E
5D6B8E
5B698C
586383
515C7C
4D556C
454D64
45485B
3A3D50
53525A
CFCED6
ECEAEB
E2E0E1
F3F3F3
FFFFFF
FEFEFE
FFFFFF
FFFFFF
FEFEFE
FEFEFE
FFFFFF
FFFFFF
FFFFFF
FFFFFF
FFFFFF
FFFFFF
FFFFFF
FFFFFF
FFFFFF
FFFFFF
FFFFFF
FFFFFF
FFFFFF
FFFFFF
FFFFFF
FFFFFF
FFFFFF
FFFFFF
FFFFFF
FFFEFF
FDFBFC
F6F4F5
F0EEEF
EFEDEE
F0EEEF
F2F0F1
F2F0F1
F1F1F1
F3F3F3
F4F4F4
F3F3F3
F2F2F2
F3F3F3
F4F4F4
F4F4F4
F8F8F8
FBFBFB
FEFEFE
FFFFFF
FFFFFF
FFFFFF
FFFFFF
FFFFFF
FFFFFF
FFFFFF
FFFFFF
FFFFFF
FFFFFF
FFFFFF
FFFFFF
FFFFFF
FFFFFF
FFFFFF
FFFFFF
FFFFFF
FFFFFF
FFFFFF
FFFFFF
FFFFFF
FFFFFF
FFFFFF
FFFFFF
FFFFFF
F4F1F0
F4F1F0
F4F1F0
F4F1F0
F4F1F0
F4F1F0
F4F1F0
F4F1F0
F4F1F0
F5F2F1
F4F1F0
F4F1F0
F4F1F0
F4F1F0
F4F1F0
F4F1F0
F4F1F0
F4F1F0
F4F1F0
F4F1F0
F4F1F0
F4F1F0
F4F1F0
F4F1F0
F4F1F0
F4F1F0
F4F1F0
F4F1F0
F5EDEC
E8E0DF
F6EEEF
F7EFF0
F4F1F0
F4F1F0
F4F1F0
F4F1F0
F4F1F0
F4F1F0
F4F1F0
F2EFEE
F1EEED
F4F1F0
F4F1F0
F3F0EF
F4F1F0
F4F1F0
F4F1F0
F4F1F0
F4F1F0
F4F1F0
F4F1F0
F4F1F0
F4F1F0
F4F1F0
F4F1F0
F4F1F0
F4F1F0
F4F1F0
F4F1F0
F4F1F0
F4F1F0
F4F1F0
F2F1F0
F2F1F0
F7F2F2
F8F3F3
E0D2D1
B6A8A7
BBA9A9
C7B5B5
BEAAAB
A18D8E
826F6D
725F5D
7C6869
907C7D
9D898A
A99596
AF9B9C
BFABAC
C6B4B4
C6B4B4
C0AEAE
917F7F
B19D9E
C4B0B1
C8B6B6
C7B5B5
C6B4B4
C6B4B4
C6B5B2
C5B4B1
C5B4B1
C6B5B2
C6B5B2
C7B6B3
C8B7B4
C8B7B4
C8B7B4
C7B6B3
C3AFB0
B9A5A6
AE9A9B
9A8687
867273
7F6B6C
927E7F
B4A0A1
C8B4B5
C8B4B5
C4B3B0
C4B3B0
C4B3B0
C4B3B0
C4B3B0
C4B3B0
C4B3B0
C4B3B0
C4B3B0
C4B3B0
C4B3B0
C3B2AF
C2B1AE
C4B3B0
C6B5B2
C6B5B2
C5B4B1
C4B3B0
C4B3B0
C4B3B0
C4B3B0
C4B3B0
C4B3B0
C5B4B1
C5B4B1
C2B1AE
BDACA9
B6A5A2
B39E9D
B5A09F
C0ADAB
C7B4B2
C3B2AF
B8A7A4
B09C9F
B09C9F
B9A7A7
C2B0B0
C5B3B3
C4B2B2
C4B3B0
C4B3B0
C3B2AF
C6B5B2
B8A8AA
9E8E90
C9C4C4
F2EDED
F2F0F1
F2F0F1
F4F0F1
F4F0F1
F4F0F1
F3EFF0
E9E7E8
FCFAFB
F8F7F6
EAE9E8
EAE9F3
C2C1CB
5B6485
5A6384
5D6D93
5F6F95
606E95
5D6B92
5A6585
535E7E
4F576D
464E64
3D404D
555865
D6D4D7
FBF9FC
EFEDEE
E4E2E3
E5E3E4
FBF9FA
FFFFFF
FFFFFF
FFFFFF
FFFFFF
FFFFFF
FFFFFF
FFFFFF
FFFFFF
FFFFFF
FFFFFF
FFFFFF
FFFFFF
FFFFFF
FFFFFF
FFFFFF
FFFFFF
FFFFFF
FFFFFF
FFFFFF
FFFFFF
FFFFFF
FFFFFF
FFFFFF
FFFFFF
FFFFFF
FFFFFF
FFFFFF
FEFEFE
F9F7F8
F2F0F1
EFEDEE
EFEDEE
F0EEEF
F2F0F1
F3F1F2
F4F2F3
F5F3F4
F5F3F4
F5F3F4
F5F3F4
F5F4F3
F3F2F1
F4F3F2
F5F4F3
F7F6F5
FBFAF9
FDFDFD
FFFFFF
FFFFFF
FFFFFF
FFFFFF
FEFEFE
FFFFFF
FFFFFF
FFFFFF
FFFFFF
FFFFFF
FFFFFF
FFFFFF
FFFFFF
FFFFFF
FFFFFF
FFFFFF
FFFFFF
FFFFFF
FFFFFF
FFFFFF
FFFFFF
F4F1F0
F4F1F0
F4F1F0
F4F1F0
F4F1F0
F4F1F0
F4F1F0
F4F1F0
F4F1F0
F5F2F1
F5F2F1
F4F1F0
F4F1F0
F4F1F0
F4F1F0
F4F1F0
F4F1F0
F4F1F0
F4F1F0
F4F1F0
F4F1F0
F4F1F0
F4F1F0
F4F1F0
F4F1F0
F4F1F0
F4F1F0
F4F1F0
F8F0F1
ECE4E5
ECE4E5
F8F0F1
F4F1F0
F4F1F0
F4F1F0
F4F1F0
F4F1F0
F4F1F0
F4F1F0
F3F0EF
F0EDEC
F2EFEE
F3F0EF
F4F1F0
F4F1F0
F4F1F0
F4F1F0
F4F1F0
F4F1F0
F4F1F0
F4F1F0
F4F1F0
F4F1F0
F4F1F0
F4F1F0
F4F1F0
F4F1F0
F4F1F0
F4F1F0
F4F1F0
F4F1F0
F4F1F0
F4F1F0
F8F5F4
F5EAEA
C0B5B5
B0A0A0
BEAEAE
C5B3B3
C4B2B2
C6B2B3
C9B5B6
C4B1AF
B4A19F
A99596
A59192
A99596
B9A5A6
C3B1B1
C4B2B2
C4B2B2
C6B4B4
B6A4A4
B9A7A7
CDB9BA
C7B3B4
C6B4B4
C5B3B3
C4B2B2
C4B2B2
C4B3B0
C4B3B0
C4B3B0
C4B3B0
C4B3B0
C4B3B0
C4B3B0
C4B3B0
C3B2AF
C3B2AF
C4B2B2
C5B3B3
C8B6B6
C6B4B4
C2B0B0
B6A4A4
9D898A
8A7677
8F7B7C
B09C9D
C7B6B3
C6B5B2
C4B3B0
C4B3B0
C4B3B0
C4B3B0
C4B3B0
C4B3B0
C4B3B0
C4B3B0
C5B4B1
BAA9A6
9F8E8B
9F8E8B
A69592
B3A29F
BFAEAB
C6B5B2
C5B4B1
C4B3B0
C4B3B0
C4B3B0
C4B3B0
C4B3B0
C4B3B0
C4B3B0
C4B3B0
C5B4B1
C8B1B0
B9A2A1
A78E8E
A88F8F
AF9897
BAA3A2
C2ABAA
C1AAA9
B5A2A0
AF9C9A
B29F9D
BAA7A5
C1B0AD
C5B4B1
C7B3B4
C7B3B4
C7B3B4
C3AFB0
9C8E8F
BEB0B1
F8F4F5
F5F1F2
F4F0F1
F4F0F1
F3EFF0
F4F0F1
EEECED
EAE8E9
FFFEFF
F6F4F5
CACDE0
686B7E
526087
5D6B92
606F9A
62719C
627099
5F6D96
5A6889
526081
515769
404658
69686F
DCDBE2
FBF7F8
F4F0F1
F3F1F2
EDEBEC
E1DFE0
ECEAEB
FFFFFF
FFFFFF
FFFFFF
FFFFFF
FFFFFF
FFFFFF
FFFFFF
FFFFFF
FFFFFF
FFFFFF
FFFFFF
FFFFFF
FFFFFF
FFFFFF
FFFFFF
FFFFFF
FFFFFF
FFFFFF
FFFFFF
FFFFFF
FFFFFF
FFFFFF
FFFFFF
FFFFFF
FFFFFF
FFFFFF
FFFFFF
FFFFFF
FFFFFF
FFFFFF
FEFCFD
F8F6F7
F2F0F1
F0EEEF
EFEDEE
F1EFF0
F2F0F1
F2F0F1
F2F0F1
F3F1F2
F3F2F1
F5F4F3
F6F5F4
F6F5F4
F5F4F3
F3F2F1
F2F1F0
F4F3F2
F7F5F6
FBF9FA
FDFDFD
FFFFFF
FFFFFF
FFFFFF
FEFEFE
FFFFFF
FFFFFF
FFFFFF
FFFFFF
FFFFFF
FFFFFF
FFFFFF
FFFFFF
FFFFFF
FFFFFF
FFFFFF
FFFFFF
FFFFFF
F4F1F0
F4F1F0
F4F1F0
F4F1F0
F4F1F0
F4F1F0
F4F1F0
F4F1F0
F4F1F0
F4F1F0
F5F2F1
F5F2F1
F4F1F0
F4F1F0
F4F1F0
F4F1F0
F4F1F0
F4F1F0
F4F1F0
F4F1F0
F4F1F0
F4F1F0
F4F1F0
F4F1F0
F4F1F0
F4F1F0
F4F1F0
F4F1F0
F5F0F0
F1ECEC
E7DEDF
F4EBEC
F4F1F0
F4F1F0
F4F1F0
F4F1F0
F4F1F0
F4F1F0
F4F1F0
F4F1F0
F2EFEE
F0EDEC
F3F0EF
F4F1F0
F4F1F0
F4F1F0
F4F1F0
F4F1F0
F4F1F0
F4F1F0
F4F1F0
F4F1F0
F4F1F0
F4F1F0
F4F1F0
F4F1F0
F4F1F0
F4F1F0
F4F1F0
F4F1F0
F4F1F0
F4F1F0
FFF6F7
DFD6D7
B19F9F
B6A4A4
C5B4B1
C4B3B0
C3B1B1
C4B2B2
C3B1B1
C3B1B1
C5B1B2
C9B5B6
CDB9BA
CDB9BA
C1ADAE
B6A2A3
B8A6A6
C4B2B2
C3B1B1
C4B2B2
C5B3B3
BDABAB
937F80
8E7A7B
A28E8F
BAA6A7
C7B3B4
C8B4B5
C5B4B1
C4B3B0
C4B3B0
C4B3B0
C4B3B0
C4B3B0
C5B4B1
C4B3B0
C3B2AF
C3B2AF
C3B2AF
C4B3B0
C3B2AF
C4B3B0
C4B3B0
C6B5B2
C8B4B5
C3AFB0
A99596
8B7778
917D7E
B6A2A3
C9B5B6
C6B2B3
C4B3B0
C4B3B0
C4B3B0
C4B3B0
C4B3B0
C4B3B0
C4B3B0
C2B1AE
BAA9A6
AD9C99
A59491
998885
978683
A49390
B6A5A2
C3B2AF
C7B6B3
C5B4B1
C3B2AF
C4B3B0
C4B3B0
C4B3B0
C4B3B0
C4B3B0
C4B3B0
C6B5B2
C1A5A6
AA8E8F
B18F90
AE8C8D
A68987
A58886
AD9895
B09B98
AF9C98
AD9A96
A99694
AB9896
B4A0A1
B6A2A3
BBA7A8
C1ADAE
C7B3B6
A49093
B5ADAE
F8F0F1
F5F1F2
F3EFF0
F4F0F1
F4F0F1
F3F1F2
E9E7E8
F5F3F8
EDEBF0
737B94
4F5770
59698F
5E6E94
62719C
62719C
616F98
5E6C95
5E6886
525C7A
4D505B
898C97
F0EDEC
F9F6F5
F3F0ED
F3F0ED
F4F0F1
F4F0F1
EDE9EA
E4E0E1
F3F1F2
FFFEFF
FEFEFE
FFFFFF
FFFFFF
FFFFFF
FFFFFF
FFFFFF
FFFFFF
FFFFFF
FFFFFF
FFFFFF
FFFFFF
FFFFFF
FFFFFF
FFFFFF
FFFFFF
FFFFFF
FFFFFF
FFFFFF
FFFFFF
FFFFFF
FFFFFF
FFFFFF
FFFFFF
FFFFFF
FFFFFF
FFFFFF
FFFFFF
FFFFFF
FFFFFF
FFFFFF
FFFFFF
FBFBFB
F6F4F5
EFEDEE
EEECED
EFEDEE
F1EFF0
F2F0F1
F2F1F0
F2F1F0
F2F1F0
F3F2F1
F5F4F3
F7F6F5
F7F6F5
F6F5F4
F5F4F3
F2F1F0
F1EFF0
F2F0F1
F7F5F6
FCFAFB
FEFEFE
FFFFFF
FFFFFF
FEFEFE
FFFFFF
FFFFFF
FFFFFF
FFFFFF
FFFFFF
FFFFFF
FFFFFF
FFFFFF
FFFFFF
FFFFFF
F4F1F0
F4F1F0
F4F1F0
F4F1F0
F4F1F0
F4F1F0
F4F1F0
F4F1F0
F4F1F0
F4F1F0
F5F2F1
F6F3F2
F5F2F1
F4F1F0
F4F1F0
F4F1F0
F4F1F0
F4F1F0
F4F1F0
F4F1F0
F4F1F0
F4F1F0
F4F1F0
F4F1F0
F4F1F0
F4F1F0
F4F1F0
F4F1F0
F5F0F0
F5F0F0
ECE1E3
ECE1E3
F4EEF0
F5EFF1
F4F1F0
F4F1F0
F4F1F0
F4F1F0
F4F1F0
F4F1F0
F3F0EF
F1EEED
F1EEED
F4F1F0
F7F3F4
F6F2F3
F4F0F1
F4F0F1
F4F1F0
F4F1F0
F4F1F0
F4F1F0
F4F1F0
F4F1F0
F4F1F0
F4F1F0
F4F1F0
F4F1F0
F4F1F0
F4F1F0
F6F3F2
F7F4F3
CBBDC0
A7999C
C1ADAE
C7B3B4
C4B3B0
C4B3B0
C4B2B2
C4B2B2
C4B2B2
C5B3B3
C8B4B5
C4B0B1
A99596
8A7677
746061
867273
A89696
C6B4B4
C4B2B2
C4B2B2
C5B3B3
BEACAC
A59192
998586
8A7677
8A7677
978384
AD999A
C0AFAC
C7B6B3
C6B5B2
C4B3B0
C4B3B0
C4B3B0
C4B3B0
C4B3B0
C4B3B0
C4B3B0
C4B3B0
C4B3B0
C4B3B0
C4B3B0
C4B3B0
C4B3B0
C4B3B0
C4B3B0
C8B4B5
C5B1B2
A99596
8A7677
A79394
C6B2B3
C5B4B1
C4B3B0
C4B3B0
C4B3B0
C4B3B0
C4B3B0
C4B3B0
C4B3B0
C6B5B2
C7B6B3
C6B5B2
BEADAA
B09F9C
9C8B88
907F7C
978683
B1A09D
C3B2AF
C6B5B2
C4B3B0
C3B2AF
C4B3B0
C4B3B0
C4B3B0
C4B3B0
C4B3B0
CAB3B2
BDA6A5
B48E90
B79193
B89391
B79290
B9A19D
BEA6A2
B7A29F
B29D9A
B29F9D
AF9C9A
AD999A
A69293
A38F90
AB9798
BEAAAB
C9B5B6
A7979B
B2A2A6
F2EEEF
F5F1F2
F4F0F1
F4F0F1
F1F0EF
F4F3F2
D9D9E5
7D7D89
485375
586385
5C6A91
606E95
627099
616F98
5E6C93
5C6A91
575E77
596079
ADACB3
F1F0F7
F8F5F0
F3F0EB
F4F1EE
F4F1EE
F4F1F0
F4F1F0
F4F0F1
ECE8E9
E4E2E3
F9F7F8
FFFFFF
FFFFFF
FFFFFF
FFFFFF
FFFFFF
FFFFFF
FFFFFF
FFFFFF
FFFFFF
FFFFFF
FFFFFF
FFFFFF
FFFFFF
FFFFFF
FFFFFF
FFFFFF
FFFFFF
FFFFFF
FFFFFF
FFFFFF
FFFFFF
FFFFFF
FFFFFF
FFFFFF
FFFFFF
FFFFFF
FFFFFF
FFFFFF
FFFFFF
FFFFFF
FFFFFF
FFFFFF
FFFEFF
FEFCFD
FAF8F9
F4F2F3
EFEDEE
EEECED
F0EFEE
F2F1F0
F2F1EE
F2F1EE
F1F0ED
F2F1EE
F2F1EE
F3F2EF
F5F4F3
F7F6F5
F7F6F5
F4F3F2
F2F1F0
F0EFEE
EFEFEF
F2F2F2
F8F8F8
FCFCFC
FFFFFF
FFFFFF
FFFFFF
FFFFFF
FFFFFF
FFFFFF
FFFFFF
FFFFFF
FFFFFF
FFFFFF
F4F1F0
F4F1F0
F4F1F0
F4F1F0
F4F1F0
F4F1F0
F4F1F0
F4F1F0
F4F1F0
F4F1F0
F4F1F0
F6F3F2
F5F2F1
F4F1F0
F4F1F0
F4F1F0
F4F1F0
F4F1F0
F4F1F0
F4F1F0
F4F1F0
F4F1F0
F5F2F1
F4F1F0
F4F1F0
F3F0EF
F2F1F0
F2F1F0
F4F1F0
F4F1F0
F2E9EA
ECE3E4
F0E8E9
F8F0F1
F4F1F0
F4F1F0
F4F1F0
F4F1F0
F2F1F0
F2F1F0
F4F1F0
F6F3F2
F3EFF0
EAE6E7
DBD7D8
DEDADB
F5F2F1
F3F0EF
F4F1F0
F4F1F0
F4F1F0
F4F1F0
F4F1F0
F4F1F0
F4F1F0
F4F1F0
F4F1F0
F4F1F0
F1F2F0
F5F6F4
F3EAEB
B4ABAC
AF9D9F
C6B4B6
C5B4B1
C4B3B0
C2B3B0
C2B3B0
C3B1B1
C4B2B2
C8B4B5
BFABAC
A79394
836F70
746061
887475
9D898A
AF9B9C
C4B2B2
C4B2B2
C4B2B2
C4B2B2
C3B1B1
C5B3B3
C7B5B5
C6B4B4
BFADAD
B19F9F
9C8889
8B7778
8C7879
A08C8D
BBA7A8
C9B5B6
C6B4B4
C4B2B2
C4B2B2
C4B2B2
C4B2B2
C4B2B2
C4B3B0
C4B3B0
C4B3B0
C4B3B0
C4B3B0
C4B3B0
C4B3B0
C3B2AF
C3B2AF
C4B3B0
C7B6B3
C1B0AD
A79394
A69293
C2B1AE
C6B5B2
C4B3B0
C4B3B0
C4B3B0
C4B3B0
C4B3B0
C4B3B0
C4B3B0
C4B3B0
C3B2AF
C4B3B0
C7B6B3
C5B4B1
BAA9A6
A2918E
907F7C
93827F
B09F9C
C3B2AF
C7B6B3
C5B4B1
C4B3B0
C4B3B0
C4B3B0
C4B3B0
C4B3B0
C6B5B2
C3AAA8
A88F8D
B58E8F
B89192
B29792
C4A9A4
C8B7B2
C6B5B0
C6B5B0
C6B5B0
C6B5B2
C7B6B3
C6B5B2
C5B4B1
C4B3B0
C4B3B0
C8B4B5
B09C9D
A9A1A2
F4ECED
F5F3F4
F4F2F3
FAF8FD
D4D2D7
656D84
4C546B
55638A
5A688F
5E6C92
606E94
5E6E96
5B6B93
586182
50597A
7F7F8B
D0D0DC
F5F3F6
F2F0F3
F4F1F0
F4F1F0
F4F1F0
F4F1F0
F4F1F0
F4F1F0
F4F1F0
F4F1F0
EBE7E8
E9E5E6
FDFDFD
FFFFFF
FFFFFF
FFFFFF
FFFFFF
FFFFFF
FFFFFF
FFFFFF
FFFFFF
FFFFFF
FFFFFF
FFFFFF
FFFFFF
FFFFFF
FFFFFF
FFFFFF
FFFFFF
FFFFFF
FFFFFF
FFFFFF
FFFFFF
FFFFFF
FFFFFF
FFFFFF
FFFFFF
FFFFFF
FFFFFF
FFFFFF
FFFFFF
FFFFFF
FFFFFF
FFFFFF
FFFFFF
FFFFFF
FFFFFF
FFFFFF
FDFDFD
F7F7F7
F2F1F0
EDECEB
F1EEEB
F4F1EE
F4F1EE
F3F0ED
F1F0ED
F1F0ED
F3F0EF
F4F1F0
F3F2F1
F5F4F3
F7F6F5
F7F6F5
F6F5F4
F4F3F2
F1F0EF
EFEEED
F0EEEF
F4F2F3
F9F9F9
FFFFFF
FFFFFF
FFFFFF
FFFFFF
FFFFFF
FFFFFF
FFFFFF
F4F1F0
F4F1F0
F4F1F0
F4F1F0
F4F1F0
F4F1F0
F4F1F0
F4F1F0
F4F1F0
F4F1F0
F4F1F0
F5F2F1
F6F3F2
F4F1F0
F4F1F0
F4F1F0
F3F0EF
F4F1F0
F4F1F0
F4F1F0
F4F1F0
F5F2F1
F8F5F4
F9F6F5
F6F3F2
F5F2F1
F6F5F4
F7F6F5
F6F5F4
F3F2F1
F8EFF0
EEE5E6
ECE4E3
F3EBEA
F6F1F1
F5F0F0
F5F0F0
F5F0F0
F4F1EE
F6F3F0
F7F4F3
E8E5E4
C7C5C8
B6B4B7
B4B0B3
DFDBDE
F6F3F2
F3F0EF
F4F1F0
F4F1F0
F4F1F0
F4F1F0
F4F1F0
F4F1F0
F4F1F0
F4F1F0
F1F0EF
F0EFEE
FAF7F6
E8E5E4
A79799
B4A4A6
C7B5B5
C3B1B1
C4B3B0
C4B3B0
C4B3B0
C4B3B0
C5B4B1
C3B2AF
A38F90
8A7677
7E6A6B
8C7879
AD999A
C2AEAF
948081
B5A1A2
C7B5B5
C4B2B2
C5B3B3
BDABAB
AC9A9A
C6B4B4
C4B2B2
C4B2B2
C5B3B3
C6B4B4
C7B3B4
C0ACAD
B09C9D
968283
877374
998586
BDA9AA
C9B5B6
C5B3B3
C4B2B2
C4B2B2
C4B2B2
C4B3B0
C4B3B0
C4B3B0
C4B3B0
C4B3B0
C4B3B0
C4B3B0
C4B3B0
C4B3B0
C4B3B0
C4B3B0
C4B3B0
C8B4B5
BDA9AA
AC9899
B7A3A4
C6B5B2
C4B3B0
C4B3B0
C4B3B0
C4B3B0
C4B3B0
C4B3B0
C4B3B0
C4B3B0
C4B3B0
C4B3B0
C4B3B0
C6B5B2
C7B6B3
C1B0AD
AC9B98
92817E
958481
B3A29F
C7B6B3
C6B5B2
C4B3B0
C4B3B0
C4B3B0
C4B3B0
C4B3B0
C7B4B0
C0ADA9
AD8E8E
AE8F8F
B59292
B79494
BFADA7
C7B5AF
C2B3AE
C2B3AE
C4B3B0
C4B3B0
C4B3B0
C4B3B0
C4B3B0
C4B3B0
C4B3B0
C8B7B4
AD9FA0
AC9E9F
F7ECEE
EDE2E4
A49FAA
514C57
485174
5A6386
5A6A90
5D6D93
5C6C92
59698F
54607D
495572
6D6B7B
B5B3C3
F1EDF2
F6F2F7
F4F0F1
F4F0F1
F4F0F1
F4F0F1
F4F1F0
F4F1F0
F4F1F0
F4F1F0
F4F1F0
F4F1F0
F3EFF0
E8E4E5
EDEBEC
FFFEFF
FFFFFF
FFFFFF
FFFFFF
FFFFFF
FFFFFF
FFFFFF
FFFFFF
FFFFFF
FFFFFF
FFFFFF
FFFFFF
FFFFFF
FFFFFF
FFFFFF
FFFFFF
FFFFFF
FFFFFF
FFFFFF
FFFFFF
FFFFFF
FFFFFF
FFFFFF
FFFFFF
FFFFFF
FFFFFF
FFFFFF
FFFFFF
FFFFFF
FFFFFF
FFFFFF
FFFFFF
FFFFFF
FFFFFF
FFFFFF
FFFFFF
FFFFFF
FFFFFE
FCFBFA
F4F3F0
EEEDEA
F0EDEA
F3F0ED
F4F1EE
F4F1EE
F3F0ED
F3F0ED
F3F0ED
F4F1EE
F4F1EE
F5F2EF
F6F5F4
F7F6F5
F7F6F5
F6F5F4
F3F1F2
F0EEEF
EEEEEE
EEEEEE
F3F3F3
F9F9F9
FDFDFD
FFFFFF
FFFFFF
FFFFFF
F4F1F0
F4F1F0
F4F1F0
F4F1F0
F4F1F0
F4F1F0
F4F1F0
F4F1F0
F4F1F0
F4F1F0
F4F1F0
F4F1F0
F6F3F2
F5F2F1
F5F2F1
F4F1F0
F3F0EF
F4F1F0
F4F1F0
F4F1F0
F4F1F0
F5F2F1
FAF7F6
FDFAF9
F9F8F7
F7F6F5
F9F8F7
FBFAF9
FAF9F8
F8F7F6
F9F4F4
EEE9E9
F3E8EA
EFE4E6
F7EFF0
F6EEEF
F4EFEF
F6F1F1
F8F5F4
EAE7E6
C6C4C7
B4B2B5
B9B9BD
BBBBBF
CBC7C8
F3EFF0
F5F2EF
F3F0ED
F4F1F0
F4F1F0
F4F1F0
F4F1F0
F4F1F0
F4F1F0
F4F1F0
F4F1F0
F2EFEE
FAF7F6
DCD1D1
9C9191
BDA9AA
C7B3B4
C3B2AF
C3B2AF
C4B3B0
C4B3B0
C3B2AF
C6B5B2
C3B0AE
998684
816D6E
897576
A28E8F
C0ACAD
CDB9BA
A28E8F
8C7879
C5B1B2
C5B3B3
C4B2B2
C5B3B3
B9A7A7
9B8989
C6B4B4
C4B2B2
C4B2B2
C4B2B2
C4B2B2
C4B2B2
C5B3B3
C8B4B5
C7B3B4
BAA6A7
9C8889
8A7677
A28E8F
C2B0B0
C7B5B5
C3B1B1
C3B1B1
C4B3B0
C4B3B0
C4B3B0
C4B3B0
C4B3B0
C4B3B0
C4B3B0
C4B3B0
C4B3B0
C4B3B0
C4B3B0
C4B3B0
C4B3B0
C5B4B1
C6B2B3
B19D9E
AB9A97
C1B0AD
C5B4B1
C4B3B0
C4B3B0
C4B3B0
C4B3B0
C4B3B0
C4B3B0
C4B3B0
C4B3B0
C4B3B0
C4B3B0
C4B3B0
C5B4B1
C8B7B4
C5B4B1
AF9E9B
968582
9A8986
B7A6A3
C7B6B3
C5B4B1
C4B3B0
C4B3B0
C4B3B0
C4B3B0
C6B5B2
C6AFAC
A9928F
B38C8D
B89192
B59A95
C8ADA8
C2B5AF
C0B3AD
C4B3B0
C4B3B0
C4B3B0
C4B3B0
C4B3B0
C4B3B0
C4B3B0
C4B3B0
C7B7B9
9C8C8E
625457
A19396
9B9196
877D82
696A88
5E5F7D
59678E
58668D
4F5976
48526F
6B6B79
A8A8B6
E6E0E4
FCF6FA
F4F0F1
F3EFF0
F2EFEE
F4F1F0
F4F1F0
F4F1F0
F4F1F0
F4F1F0
F4F1F0
F4F1F0
F4F1F0
F4F1F0
F3EFF0
F3EFF0
E6E4E5
F2F0F1
FFFFFF
FFFFFF
FFFFFF
FFFFFF
FFFFFF
FFFFFF
FFFFFF
FFFFFF
FFFFFF
FFFFFF
FFFFFF
FFFFFF
FFFFFF
FFFFFF
FFFFFF
FFFFFF
FFFFFF
FFFFFF
FFFFFF
FFFFFF
FFFFFF
FFFFFF
FFFFFF
FFFFFF
FFFFFF
FFFFFF
FFFFFF
FFFFFF
FFFFFF
FFFFFF
FFFFFF
FFFFFF
FFFFFF
FFFFFF
FFFFFF
FFFFFF
FFFFFF
FFFFFF
FFFFFE
FDFCFB
F8F5F2
EEEBE8
EDEAE7
F0EDEA
F2EFEC
F2EFEC
F3F0ED
F4F1EE
F5F2EF
F4F1EE
F1F0EF
F1F0EF
F3F2F1
F4F3F2
F7F6F5
F9F8F7
F7F7F7
F5F5F5
F0F0F0
EDEDED
EEEEEE
F3F3F3
FAFAFA
FFFFFF
F4F1F0
F4F1F0
F4F1F0
F4F1F0
F4F1F0
F4F1F0
F4F1F0
F4F1F0
F4F1F0
F4F1F0
F4F1F0
F4F1F0
F6F3F2
F6F3F2
F5F2F1
F4F1F0
F3F0EF
F4F1F0
F4F1F0
F4F1F0
F4F1F0
F4F1F0
F7F4F3
FCF9F8
FBFAF9
F8F7F6
F6F7F5
F9FAF8
F9FAF8
F9FAF8
FCF9F8
F4F1F0
F0E5E5
F6EBEB
F0E7E8
F8EFF0
F5F1F2
F2EEEF
CFCDD2
B4B2B7
B7B8BE
BEBFC5
BFC0C6
B8B9BF
E3E0DF
F1EEED
F1EEEB
F4F1EE
F4F1F0
F4F1F0
F4F1F0
F4F1F0
F4F1F0
F4F1F0
F4F1F0
F4F1F0
FDF5F6
DFD7D8
9C8A8C
BCAAAC
C6B3B1
C5B2B0
C4B3B0
C4B3B0
C4B3B0
C4B3B0
C7B4B2
C0ADAB
94817F
806D6B
978384
B7A3A4
C8B4B5
C7B3B4
C0ACAD
826E6F
AE9A9B
C7B3B4
C5B3B3
C4B2B2
C5B3B3
BCAAAA
998787
C5B3B3
C4B2B2
C4B2B2
C4B2B2
C4B2B2
C4B2B2
C4B2B2
C5B1B2
C5B1B2
C7B3B4
C8B4B5
BDA9AA
9C8889
8E7C7C
AD9B9B
C6B4B4
C4B2B2
C3B2AF
C4B3B0
C4B3B0
C4B3B0
C4B3B0
C4B3B0
C4B3B0
C4B3B0
C4B3B0
C4B3B0
C4B3B0
C4B3B0
C4B3B0
C4B3B0
C5B1B2
C8B4B5
BAA6A7
A89495
BDACA9
C6B5B2
C4B3B0
C4B3B0
C4B3B0
C4B3B0
C4B3B0
C4B3B0
C4B3B0
C4B3B0
C4B3B0
C4B3B0
C4B3B0
C4B3B0
C4B3B0
C6B5B2
C4B3B0
B1A09D
988784
A3928F
C1B0AD
C7B6B3
C5B4B1
C4B3B0
C4B3B0
C4B3B0
C5B4B1
C4B3B0
B29091
AF8D8E
B49390
BA9996
C5B3AD
C5B3AD
C4B3B0
C4B3B0
C4B3B0
C4B3B0
C4B3B0
C3B2AF
C0ADAB
C5B2B0
C7B8BD
837479
3E3335
887D7F
CBBAB5
CAB9B4
BEB4BB
A99FA6
6E6C85
6A6881
9898A4
C9C9D5
FAF6F7
FFFFFF
F6F4F5
E9E7E8
F2EEEF
F4F0F1
F3F0EF
F4F1F0
F4F1F0
F4F1F0
F4F1F0
F4F1F0
F4F1F0
F4F1F0
F4F1F0
F4F1F0
F4F0F1
F4F0F1
F0EEEF
E7E5E6
F5F5F5
FFFFFF
FFFFFF
FFFFFF
FFFFFF
FFFFFF
FFFFFF
FFFFFF
FFFFFF
FFFFFF
FFFFFF
FFFFFF
FFFFFF
FFFFFF
FFFFFF
FFFFFF
FFFFFF
FFFFFF
FFFFFF
FFFFFF
FFFFFF
FFFFFF
FFFFFF
FFFFFF
FFFFFF
FFFFFF
FFFFFF
FFFFFF
FFFFFF
FFFFFF
FFFFFF
FFFFFF
FFFFFF
FFFFFF
FFFFFF
FFFFFF
FFFFFF
FFFFFF
FFFFFF
FFFFFF
FFFFFE
FDFEFC
F6F5F2
ECEBE8
EAE7E4
ECE9E6
EDEAE7
EFECE9
EFECE9
F1EEEB
F3F0ED
F4F1EE
F4F1F0
F4F1F0
F5F2F1
F6F3F2
F5F4F3
F7F6F5
F8F6F7
F7F5F6
F5F3F4
F2F0F1
EFEDEE
EEECED
F4F1F0
F4F1F0
F4F1F0
F4F1F0
F4F1F0
F4F1F0
F4F1F0
F4F1F0
F4F1F0
F4F1F0
F4F1F0
F4F1F0
F5F2F1
F7F4F3
F5F2F1
F4F1F0
F3F0EF
F4F1F0
F4F1F0
F4F1F0
F4F1F0
F4F1F0
F4F1F0
F7F4F3
F6F5F4
F5F4F3
F3F4F2
F7F8F6
FAFBF9
FAFBF9
FAF9F8
F9F8F7
F0E5E5
F8EDED
F0E7E8
F5ECED
E0DEE1
BCBABD
B4B5BC
BCBDC4
B9BCC7
BABDC8
BBBCC2
C0C1C7
F5F0EE
F1ECEA
F0EBE9
F3EEEC
F4F1F0
F4F1F0
F4F1F0
F4F1F0
F4F1F0
F4F1F0
F4F1F0
F9F6F5
E6DBDB
A49999
C2AEAF
C6B2B3
C3B2AF
C4B3B0
C4B3B0
C4B3B0
C4B3B0
C7B6B3
BDAAA8
8F7C7A
857270
AA9795
C5B1B2
C8B4B5
C5B1B2
C8B4B5
A38F90
8B7778
C4B0B1
C6B2B3
C5B3B3
C4B2B2
C5B3B3
BEACAC
998787
C4B2B2
C4B2B2
C4B2B2
C4B2B2
C4B2B2
C4B2B2
C4B2B2
C5B1B2
C4B0B1
C5B1B2
C5B1B2
C5B3B3
C6B4B4
B6A4A4
978585
998787
BCAAAA
C6B5B2
C4B3B0
C4B3B0
C4B3B0
C4B3B0
C4B3B0
C4B3B0
C4B3B0
C4B3B0
C4B3B0
C4B3B0
C4B3B0
C4B3B0
C4B3B0
C5B1B2
C5B1B2
C7B3B4
C2AEAF
A79693
B6A5A2
C7B6B3
C4B3B0
C4B3B0
C4B3B0
C4B3B0
C4B3B0
C4B3B0
C4B3B0
C4B3B0
C4B3B0
C4B3B0
C4B3B0
C4B3B0
C3B2AF
C3B2AF
C7B6B3
C7B6B3
B09F9C
9C8B88
B1A09D
C6B5B2
C5B4B1
C4B3B0
C4B3B0
C2B3B0
C2B3B0
CAB3B0
AF9895
B08B8B
B79292
B9A19D
C9B1AD
C4B3B0
C4B3B0
C4B3B0
C4B3B0
C4B3B0
C4B3B0
BBA4A3
B69F9E
BDB1B5
7E7276
4B4042
776C6E
988581
C8B5B1
C2B3B0
C4B5B2
C0B0B0
B5A5A5
E3DDDF
FFFFFF
FFFFFF
FDFDFD
FFFFFE
F8F7F6
EAE8E9
EEECED
F4F1F0
F4F1F0
F4F0F1
F4F0F1
F4F1F0
F4F1F0
F4F1F0
F4F1F0
F4F1F0
F4F1F0
F4F0F1
F4F0F1
F1EFF0
EFEDEE
E9E7E8
FAF8F9
FFFFFF
FFFFFF
FFFFFF
FFFFFF
FFFFFF
FFFFFF
FFFFFF
FFFFFF
FFFFFF
FFFFFF
FFFFFF
FFFFFF
FFFFFF
FFFFFF
FFFFFF
FFFFFF
FFFFFF
FFFFFF
FFFFFF
FFFFFF
FFFFFF
FFFFFF
FFFFFF
FFFFFF
FFFFFF
FFFFFF
FFFFFF
FFFFFF
FFFFFF
FFFFFF
FFFFFF
FFFFFF
FFFFFF
FFFFFF
FFFFFF
FFFFFF
FFFFFF
FFFFFF
FFFFFF
FFFFFF
FFFFFF
FFFFFE
FCF9F8
F4F1F0
EEEBE8
ECE9E6
EBE8E5
EBE8E5
EBE8E5
EDEAE7
EFECEB
F0EDEC
F2EFEE
F3F0EF
F1F0EF
F2F1F0
F3F1F2
F5F3F4
F6F4F5
F8F6F7
F7F5F6
F4F2F3
F4F1F0
F4F1F0
F4F1F0
F4F1F0
F4F1F0
F4F1F0
F4F1F0
F4F1F0
F4F1F0
F4F1F0
F4F1F0
F4F1F0
F4F1F0
F6F3F2
F5F2F1
F4F1F0
F4F1F0
F4F1F0
F3F0EF
F3F0EF
F4F1F0
F4F1F0
F4F1F0
F4F1F0
F4F1F0
F4F1F0
F2F1F0
F3F2F1
F5F6F4
F9FAF8
FBFAF9
FAF9F8
F5ECED
F1E8E9
FCF2F5
CEC4C7
B2B3BA
BBBCC3
BCBFCA
BBBEC9
BBBEC9
BBBEC9
B8B8BC
D2D2D6
F9F4F2
F3EEEC
F1ECEA
F1ECEA
F1EEED
F3F0EF
F4F1F0
F4F1F0
F3F0EF
F3F0EF
FAF5F5
E7E2E2
AA9A9A
BDADAD
C5B4B1
C4B3B0
C3B2AF
C4B3B0
C4B3B0
C4B3B0
C7B6B3
BBAAA7
887774
877673
B2A19E
C7B6B3
C5B3B3
C4B2B2
C4B2B2
C5B3B3
8A7677
AE9A9B
C8B4B5
C6B2B3
C4B2B2
C4B2B2
C2B2B2
BFAFAF
9A8888
C2B0B0
C4B2B2
C4B2B2
C4B3B0
C4B3B0
C4B3B0
C4B3B0
C4B3B0
BDACA9
BCA7A6
C3AEAD
C5B4B1
C4B3B0
C3B4B1
C4B5B2
B09E9E
948282
A99797
C6B4B4
C5B4B1
C4B3B0
C4B3B0
C4B3B0
C4B3B0
C4B3B0
C4B3B0
C4B3B0
C4B3B0
C4B3B0
C4B3B0
C4B3B0
C4B3B0
C4B3B0
C4B3B0
C6B5B2
C4B2B2
A79595
B5A4A1
C8B7B4
C4B3B0
C4B3B0
C4B3B0
C4B3B0
C4B3B0
C4B3B0
C4B3B0
C4B3B0
C4B3B0
C4B3B0
C4B3B0
C4B3B0
C4B3B0
C4B3B0
C4B3B0
C7B6B3
C3B2AF
AB9A97
A2918E
BDACA9
C7B6B3
C5B4B1
C4B3B0
C5B4B1
C5B4B1
C6B5B2
B49795
A88B89
B39593
C0A2A0
C3B2AF
C4B3B0
C4B3B0
C4B3B0
C2B3B0
C1B2AF
C6B1B0
B8A3A2
AC9496
A48C8E
614F51
7A686A
7C6967
A59290
C8B7B4
C4B3B0
C6B3B1
C7B4B2
B5AAAA
C7BCBC
F3F3F3
FFFFFF
FFFFFF
FFFFFF
FCFAFB
EDEBEC
EFEBEC
F4F0F1
F4F0F1
F4F0F1
F4F0F1
F4F0F1
F4F0F1
F4F0F1
F4F1F0
F4F1F0
F4F1F0
F4F1F0
F2F1F0
F1F0EF
EFEDEE
EEECED
FBF9FA
FFFEFF
FFFFFF
FFFFFF
FFFFFF
FFFFFF
FFFFFF
FFFFFF
FFFFFF
FFFFFF
FFFFFF
FFFFFF
FFFFFF
FFFFFF
FFFFFF
FFFFFF
FFFFFF
FFFFFF
FFFFFF
FFFFFF
FFFFFF
FFFFFF
FFFFFF
FFFFFF
FFFFFF
FFFFFF
FFFFFF
FFFFFF
FFFFFF
FFFFFF
FFFFFF
FFFFFF
FFFFFF
FFFFFF
FFFFFF
FFFFFF
FFFFFF
FFFFFF
FFFFFF
FFFFFF
FFFFFF
FFFFFF
FFFFFF
FFFFFF
FDFCFB
F4F3F2
EEE9E7
EEE9E7
F0EBEB
F0EBEB
EDE8E8
EDE8E8
F0EBEB
F3EEEE
F4F1F0
F4F1F0
F3EFF0
F2EEEF
F3EFF0
F5F1F2
F8F4F5
F9F5F6
F4F1F0
F4F1F0
F4F1F0
F4F1F0
F4F1F0
F4F1F0
F4F1F0
F4F1F0
F4F1F0
F4F1F0
F4F1F0
F4F1F0
F4F1F0
F4F1F0
F5F2F1
F5F2F1
F4F1F0
F4F1F0
F2EFEE
F0EDEC
F4F1F0
F3F0EF
F4F1F0
F4F1F0
F4F1F0
F4F1F0
F2F1F0
F2F1F0
F2F1F0
F4F3F2
F8F7F6
F7F6F5
F9F0F3
EDE4E7
C6C2C5
B9B5B8
BCC0C6
BBBFC5
BBBEC9
BBBEC9
BABDC8
BBBEC9
B8B8BC
E2E2E6
F6F1EF
F4EFED
F4EFEF
F0EBEB
EFEAEA
F1ECEC
F3F0EF
F4F1F0
F1F0EF
F5F4F3
EDE4E3
ACA3A2
C0AFAC
C6B5B2
C4B3B0
C4B3B0
C4B3B0
C4B3B0
C4B3B0
C5B4B1
C1B0AD
877673
897875
B8A7A4
C6B5B2
C4B3B0
C4B2B2
C4B2B2
C7B5B5
AF9D9D
8D797A
C4B0B1
C5B2B0
C0ADAB
C5B1B2
C5B1B2
C4B2B2
C4B2B2
9D8B8B
BEACAC
C5B3B3
C4B2B2
C4B3B0
C4B3B0
C4B3B0
C4B3B0
C4B3B0
C4B3B0
C1ACAB
B9A4A3
BEA9A8
C5B0AF
C3B2AF
C3B2AF
C7B5B5
C1AFAF
9F8D8D
988686
BDACA9
C7B6B3
C4B3B0
C4B3B0
C4B3B0
C4B3B0
C4B3B0
C4B3B0
C4B3B0
C4B3B0
C4B3B0
C4B3B0
C4B3B0
C4B3B0
C4B3B0
C4B3B0
C5B4B1
C4B3B0
A99895
B3A29F
C7B6B3
C4B3B0
C4B3B0
C4B3B0
C4B3B0
C4B3B0
C4B3B0
C4B3B0
C4B3B0
C4B3B0
C4B3B0
C4B3B0
C4B3B0
C4B3B0
C4B3B0
C4B3B0
C5B4B1
C7B6B3
BBAAA7
A69592
B1A09D
C4B3B0
C5B4B1
C4B3B0
C4B3B0
C3B2AF
CAB3B0
B09996
A88786
B59493
BEA7A4
C7B0AD
C2B3B0
C2B3B0
C5B2B0
C5B2B0
C2B3B0
C3B4B1
C3AAAA
B19898
AC8E90
7F6163
786465
7B6768
B9A5A6
C7B3B4
C2B3B0
C3B4B1
C3B6B2
BCAFAB
B7AEAF
E5DCDD
FFFFFF
FFFFFF
FFFFFF
FEFEFE
F3EFF0
ECE8E9
F3EFF0
F5F1F2
F4F0F1
F4F0F1
F4F0F1
F4F0F1
F4F1F0
F4F1F0
F4F1F0
F4F1F0
F4F1F0
F3F0EF
F2F0F1
F0EEEF
EFEDEE
FCFAFB
FFFFFF
FEFEFE
FEFEFE
FEFEFE
FFFFFF
FFFFFF
FFFFFF
FFFFFF
FFFFFF
FFFFFF
FFFFFF
FFFFFF
FFFFFF
FFFFFF
FFFFFF
FFFFFF
FFFFFF
FFFFFF
FFFFFF
FFFFFF
FFFFFF
FFFFFF
FFFFFF
FFFFFF
FFFFFF
FFFFFF
FFFFFF
FFFFFF
FFFFFF
FFFFFF
FFFFFF
FFFFFF
FFFFFF
FFFFFF
FFFFFF
FFFFFF
FFFFFF
FFFFFF
FFFFFF
FFFFFF
FFFFFF
FFFFFF
FFFFFF
FFFFFF
FDFCFB
F4F3F2
EFEAEA
F0EBEB
F0EBEB
EFEAEA
EEE9E9
EEE9E9
F0EBEB
F3EEEE
F8F4F5
FAF6F7
F9F5F6
F6F2F3
F3EFF0
F3EFF0
F4F1F0
F4F1F0
F4F1F0
F4F1F0
F4F1F0
F4F1F0
F4F1F0
F4F1F0
F4F1F0
F4F1F0
F4F1F0
F4F1F0
F4F1F0
F4F1F0
F4F1F0
F5F2F1
F4F1F0
F4F1F0
F2EFEE
EEEBEA
F4F1F0
F3F0EF
F4F1F0
F4F1F0
F4F1F0
F4F1F0
F4F1F0
F4F1F0
F2F1F0
F2F1F0
F4F0F1
F6F2F3
F0ECEF
C2BEC1
B5B9BE
BBBFC4
BABFC7
BABFC7
BBBEC9
BBBEC9
BBBEC9
BBBEC9
BCBABF
EDEBF0
F5F2F1
F4F1F0
F5F0F0
F2EDED
F1E9EA
F0E8E9
F0EBEB
F4EFEF
F7F2F2
F0EBEB
B3A3A3
BBABAB
C7B4B2
C5B2B0
C4B3B0
C4B3B0
C4B3B0
C4B3B0
C5B4B1
C6B5B2
92817E
887774
B8A7A4
C7B6B3
C4B3B0
C4B3B0
C4B2B2
C3B1B1
CAB6B7
978384
A99596
C8B4B5
C2ADAC
B5A09F
C4B1AF
C5B2B0
C4B2B2
C7B5B5
A49292
BAA8A8
C5B3B3
C4B2B2
C4B3B0
C4B3B0
C4B3B0
C4B3B0
C4B3B0
C4B3B0
C5B2B0
C4B1AF
BFA8A7
BDA6A5
C4B1AF
C6B3B1
C3B1B1
C5B3B3
C9B7B7
B4A2A2
958383
B2A0A0
C8B6B6
C4B2B2
C4B2B2
C4B2B2
C4B2B2
C4B2B2
C4B3B0
C4B3B0
C4B3B0
C4B3B0
C4B3B0
C4B3B0
C4B3B0
C4B3B0
C4B2B2
C4B2B2
C6B2B3
AC9899
B5A1A2
C7B3B4
C3B2AF
C4B3B0
C4B3B0
C4B3B0
C4B3B0
C4B3B0
C4B3B0
C4B3B0
C4B3B0
C4B3B0
C4B3B0
C4B3B0
C4B3B0
C4B3B0
C4B3B0
C4B3B0
C6B5B2
C5B4B1
B3A29F
A99895
BDACA9
C6B5B2
C3B2AF
C3B2AF
C5B4B1
C7B6B3
B79A98
A28583
B29695
C4A8A7
C5B4B1
C4B3B0
C4B3B0
C4B3B0
C4B3B0
C4B3B0
C7B2AF
C4AFAC
B99798
B39192
997C80
785B5F
8D7779
CFB9BB
CAB9B6
C7B6B3
C6B3AF
C5B2AE
C2B2B2
B7A7A7
C5C0C0
F9F4F4
FFFFFF
FEFCFD
FFFDFE
F4F2F3
ECE8E9
F1EDEE
F6F2F3
F4F0F1
F4F0F1
F4F0F1
F4F1F0
F4F1F0
F4F1F0
F4F1F0
F4F1F0
F3F0EF
F2F1F0
F3F2F1
EFEDEE
EDEBEC
FCFAFB
FFFEFF
FEFEFE
FEFEFE
FFFFFF
FFFFFF
FFFFFF
FFFFFF
FFFFFF
FFFFFF
FFFFFF
FFFFFF
FFFFFF
FFFFFF
FFFFFF
FFFFFF
FFFFFF
FFFFFF
FFFFFF
FFFFFF
FFFFFF
FFFFFF
FFFFFF
FFFFFF
FFFFFF
FFFFFF
FFFFFF
FFFFFF
FFFFFF
FFFFFF
FFFFFF
FFFFFF
FFFFFF
FFFFFF
FFFFFF
FFFFFF
FFFFFF
FFFFFF
FFFFFF
FFFFFF
FFFFFF
FFFFFF
FFFFFF
FFFFFF
FFFFFF
FFFFFF
FDFAF9
F3F0EF
F1ECEC
F3EEEE
F1ECEC
F1ECEC
EFEAEA
EEE9E9
EDEAE9
F0EDEC
F6F2F3
FEFAFB
FFFDFE
FFFCFD
F4F1F0
F4F1F0
F4F1F0
F4F1F0
F4F1F0
F4F1F0
F4F1F0
F4F1F0
F4F1F0
F4F1F0
F4F1F0
F4F1F0
F4F1F0
F4F1F0
F4F1F0
F5F2F1
F4F1F0
F4F1F0
F4F1F0
EFECEB
F2EFEE
F4F1F0
F4F1F0
F4F1F0
F4F1F0
F4F1F0
F4F1F0
F4F1F0
F4F1F0
F4F1F0
F4F0F3
F3EFF2
C3C3C7
B9B9BD
BCC0C6
BBBFC5
BBBFC7
BBBFC7
BBBEC9
BBBEC9
BABEC9
B7BBC6
BFBDC2
F3F1F6
F4F1F0
F4F1F0
F4F1F0
F4F1F0
F2EDED
EFEAEA
F0E8E9
F2EAEB
F4E9E9
B5AAAA
BCA9A7
C7B4B2
C4B3B0
C4B3B0
C4B3B0
C4B3B0
C4B3B0
C4B3B0
C8B7B4
9E8D8A
8B7A77
BBAAA7
C7B6B3
C4B3B0
C4B3B0
C4B3B0
C4B2B2
C5B3B3
BDA9AA
937F80
C3AFB0
C6B2B3
C2ABAA
B8A1A0
C5B2B0
C5B2B0
C4B2B2
C7B5B5
AA9898
B4A2A2
C6B4B4
C4B2B2
C4B3B0
C4B3B0
C4B3B0
C4B3B0
C4B3B0
C4B3B0
C4B3B0
C3B2AF
C6B1B0
C2ADAC
BDA6A5
C3ACAB
C4B2B2
C3B1B1
C4B2B2
C8B6B6
C0AEAE
9F8D8D
A89696
C4B2B2
C4B2B2
C4B2B2
C4B2B2
C4B2B2
C4B3B0
C4B3B0
C4B3B0
C4B3B0
C4B3B0
C4B3B0
C4B3B0
C4B3B0
C5B1B2
C5B1B2
C5B1B2
C5B1B2
AB9798
B5A1A2
C6B5B2
C4B3B0
C4B3B0
C4B3B0
C4B3B0
C4B3B0
C4B3B0
C4B3B0
C4B3B0
C4B3B0
C4B3B0
C4B3B0
C4B3B0
C4B3B0
C4B3B0
C4B3B0
C4B3B0
C4B3B0
C7B6B3
BEADAA
AA9996
B6A5A2
C5B4B1
C3B2AF
C3B2AF
C4B3B0
CAB5B4
B39E9D
A28484
B59797
C3B0AE
C6B3B1
C4B3B0
C4B3B0
C5B2B0
C5B2B0
C4B3B0
C5B4B1
C9B0AE
B19896
B49092
B08C8E
7C6869
816D6E
9A8F8F
B3A8A8
C5B6B3
C7B8B5
C8B7B4
C7B6B3
BBADAE
B9ABAC
E0DADC
FFFDFF
FFFFFF
FFFFFF
F9F7F8
EBE9EA
EDE9EA
F4F0F1
F4F0F1
F4F0F1
F4F1F0
F4F1F0
F4F1F0
F4F1F0
F4F1F0
F4F1F0
F4F1F0
F3F0EF
F1EFF0
F0EEEF
ECEAEB
FAF8F9
FFFFFF
FFFDFE
FFFFFF
FFFFFF
FFFFFF
FFFFFF
FFFFFF
FFFFFF
FFFFFF
FFFFFF
FFFFFF
FFFFFF
FFFFFF
FFFFFF
FFFFFF
FFFFFF
FFFFFF
FFFFFF
FFFFFF
FFFFFF
FFFFFF
FFFFFF
FFFFFF
FFFFFF
FFFFFF
FFFFFF
FFFFFF
FFFFFF
FFFFFF
FFFFFF
FFFFFF
FFFFFF
FFFFFF
FFFFFF
FFFFFF
FFFFFF
FFFFFF
FFFFFF
FFFFFF
FFFFFF
FFFFFF
FFFFFF
FFFFFF
FFFFFF
FFFFFE
FFFFFE
F9F6F5
EEEBEA
F2EFEE
F3F0EF
F3EEEE
F3EEEE
F2EDED
EFEAEA
EEE8EA
EEE8EA
F3EDEF
FCF6F8
F4F1F0
F4F1F0
F4F3F2
F6F5F4
F6F3F2
F4F1F0
F4F1F0
F4F1F0
F4F1F0
F4F1F0
F4F1F0
F4F1F0
F4F1F0
F4F1F0
F4F1F0
F4F1F0
F4F1F0
F4F1F0
F4F1F0
F1EEED
EEEBEA
F4F1F0
F4F1F0
F4F1F0
F4F1F0
F4F1F0
F4F1F0
F4F1F0
F4F1F0
F4F1F0
F4F2F3
D7D5D6
B5B9BF
BBBFC5
BABEC9
BABEC9
BBBEC9
BBBEC9
BABEC9
BABEC9
BBBFC7
B8BCC4
C8C6C9
F6F4F7
F4F1F0
F4F1F0
F4F1F0
F4F1F0
F4F1F0
F2EFEE
F2E9EA
F0E7E8
BAAAAA
B4A4A4
C6B2B3
C5B1B2
C4B2B2
C4B2B2
C4B3B0
C4B3B0
C4B3B0
C8B7B4
AD9C99
877673
BCABA8
C7B6B3
C4B3B0
C4B3B0
C4B2B2
C4B2B2
C4B2B2
C7B5B5
A49091
A99596
C8B4B5
C6B2B3
C1AAA9
B8A1A0
C6B3B1
C5B2B0
C4B3B0
C5B4B1
B6A2A3
AB9798
C6B4B4
C3B1B1
C4B3B0
C4B3B0
C4B3B0
C4B3B0
C4B3B0
C4B3B0
C4B3B0
C4B3B0
C5B2B0
C6B3B1
C5B0AF
BDA8A7
BFA9AB
C6B0B2
C4B2B2
C4B2B2
C5B3B3
C7B5B5
AF9D9D
A69494
C1AFAF
C5B3B3
C4B2B2
C4B2B2
C4B3B0
C4B3B0
C4B3B0
C4B3B0
C4B3B0
C4B3B0
C4B3B0
C4B3B0
C4B3B0
C4B3B0
C5B1B2
C5B1B2
C6B2B3
A89495
B6A5A2
C6B5B2
C4B3B0
C4B3B0
C4B3B0
C4B3B0
C4B3B0
C4B3B0
C4B3B0
C4B3B0
C4B3B0
C4B3B0
C4B3B0
C4B3B0
C4B3B0
C4B3B0
C4B3B0
C4B3B0
C4B3B0
C6B5B2
C5B4B1
B2A19E
B2A19E
C3B2AF
C4B3B0
C4B3B0
C4B3B0
C6B5B2
BA9E9D
A08483
B49B99
C8AFAD
C5B4B1
C4B3B0
C2B3B0
C2B3B0
C4B3B0
C4B3B0
C5B4B1
C5B4B1
B59696
AD8E8E
B69A99
907473
433D3F
474143
635D63
817B81
A89898
BFAFAF
CAB9B6
C6B5B2
B4ABA8
C7BEBB
EEECED
FFFFFF
FFFFFF
FDFDFD
F2EEEF
EAE6E7
F1EFF0
F3F1F2
F4F1F0
F4F1F0
F4F1F0
F4F1F0
F4F1F0
F4F1F0
F3F0EF
F4F1F0
F4F1F0
F5F2F1
F3EFF0
EDE9EA
F7F5F6
FFFFFF
FFFFFF
FFFFFF
FFFFFF
FFFFFF
FFFFFF
FFFFFF
FFFFFF
FFFFFF
FFFFFF
FFFFFF
FFFFFF
FFFFFF
FFFFFF
FFFFFF
FFFFFF
FFFFFF
FFFFFF
FFFFFF
FFFFFF
FFFFFF
FFFFFF
FFFFFF
FFFFFF
FFFFFF
FFFFFF
FFFFFF
FFFFFF
FFFFFF
FFFFFF
FFFFFF
FFFFFF
FFFFFF
FFFFFF
FFFFFF
FFFFFF
FFFFFF
FFFFFF
FFFFFF
FFFFFF
FFFFFF
FFFFFF
FFFFFF
FFFFFE
FFFFFE
FFFFFF
FCFDFB
F2F1F0
ECEBEA
F3EEEE
F5F0F0
F5F0F0
F3EEEE
F1ECEC
EFEAEA
EDE8E8
ECE7E7
F4F1F0
F4F1F0
F6F5F4
FCFBFA
FBF8F7
F7F4F3
F4F1F0
F4F1F0
F4F1F0
F4F1F0
F4F1F0
F4F1F0
F4F1F0
F4F1F0
F4F1F0
F4F1F0
F4F1F0
F4F1F0
F4F1F0
F3F0EF
ECE9E8
F3F0EF
F4F1F0
F4F1F0
F4F1F0
F4F1F0
F4F1F0
F4F1F0
F4F1F0
F4F1F0
F3F3F3
C3C3C3
B7BCC4
BABFC7
BABEC9
BABEC9
BABEC9
BABEC9
BABEC9
BABEC9
BDBEC5
B6B7BE
D2CECF
F8F4F5
F4F1F0
F4F1F0
F4F1F0
F5F2F1
F5F2F1
F4F1F0
F7ECEE
C6BBBD
B2A0A0
C5B3B3
C3B1B1
C4B2B2
C4B2B2
C4B2B2
C4B2B2
C4B2B2
C6B4B4
BAA8A8
877575
B4A2A2
C7B5B5
C4B2B2
C4B2B2
C4B2B2
C4B2B2
C4B2B2
C4B2B2
C3B1B1
998586
C0ACAD
C6B2B3
C6B2B3
BFA6A6
B9A0A0
C5B3B3
C4B2B2
C3B2AF
C5B4B1
C1AAA9
A68F8E
C4AEB0
C6B0B2
C4B3B0
C4B3B0
C4B3B0
C4B3B0
C4B3B0
C4B3B0
C4B3B0
C4B3B0
C4B3B0
C4B3B0
C5B2B0
C4B1AF
C1AAA9
C0A9A8
C4B0B1
C5B1B2
C2B2B2
C2B2B2
C7B5B5
BCAAAA
AC9A9A
C1AFAF
C4B2B2
C4B2B2
C4B2B2
C4B2B2
C4B2B2
C4B2B2
C4B3B0
C4B3B0
C4B3B0
C4B3B0
C4B3B0
C4B3B0
C4B3B0
C4B3B0
C5B1B2
C5B1B2
A79693
BAA9A6
C6B5B2
C4B3B0
C4B3B0
C4B3B0
C4B3B0
C4B3B0
C4B3B0
C4B3B0
C4B3B0
C4B3B0
C4B3B0
C4B3B0
C4B3B0
C4B3B0
C4B3B0
C4B3B0
C4B3B0
C5B4B1
C5B4B1
C6B5B2
BCABA8
B2A19E
C0AFAC
C5B4B1
C4B3B0
C4B3B0
C9B4B1
B7A29F
A18383
B89A9A
C6B3AF
C6B3AF
C4B3B0
C4B3B0
C4B3B0
C4B3B0
C2B3B0
C2B3B0
CAB1AF
B09795
B08B89
BF9A98
9B8B8F
4E3E42
373A4B
393C4D
423D48
544F5A
7C7370
9A918E
BCA9A7
C3B0AE
B5ACA9
D4CBC8
F9FAF8
FFFFFF
FFFFFE
F5F6F4
EAE8E9
ECEAEB
F3EFF0
F4F0F1
F4F0F1
F4F0F1
F4F0F1
F4F0F1
F4F1F0
F4F1F0
F5F2F1
F4F1F0
F4F1F0
F4F1F0
EEEAEB
F7F3F4
FFFFFE
FFFFFE
FFFFFF
FFFFFF
FFFFFF
FFFFFF
FFFFFF
FFFFFF
FFFFFF
FFFFFF
FFFFFF
FFFFFF
FFFFFF
FFFFFF
FFFFFF
FFFFFF
FFFFFF
FFFFFF
FFFFFF
FFFFFF
FFFFFF
FFFFFF
FFFFFF
FFFFFF
FFFFFF
FFFFFF
FFFFFF
FFFFFF
FFFFFF
FFFFFF
FFFFFF
FFFFFF
FFFFFF
FFFFFF
FFFFFF
FFFFFF
FFFFFF
FFFFFF
FFFFFF
FFFFFF
FFFFFF
FFFFFF
FFFFFF
FFFFFF
FFFFFF
FFFFFF
FFFFFF
F7F7F7
EEEAEB
EFEBEC
F5F1F2
F4F0F1
F4F1F0
F3F0EF
F1ECEC
F0EBEB
F4F1F0
F4F1F0
F4F3F2
F8F7F6
FBF8F7
F8F5F4
F3F0EF
F3F0EF
F4F1F0
F4F1F0
F4F1F0
F4F1F0
F4F1F0
F4F1F0
F4F1F0
F4F1F0
F4F1F0
F4F1F0
F4F1F0
F4F1F0
EDEAE9
F0EDEC
F4F1F0
F4F1F0
F4F1F0
F4F1F0
F4F1F0
F4F1F0
F4F1F0
F4F1F0
F4F2F3
D5D3D4
B7BCC4
BABFC7
BABEC9
BABEC9
BABEC9
BABEC9
BABEC9
BABEC9
BEBFC8
B3B4BD
D5D1D2
F8F4F5
F4F1F0
F4F1F0
F4F1F0
F4F1F0
F2EDED
F4EFEF
DBCDCE
AB9D9E
C5B3B3
C4B2B2
C4B2B2
C4B2B2
C4B2B2
C4B2B2
C4B2B2
C5B3B3
C3B1B1
8A7878
A59393
C7B5B5
C4B2B2
C4B2B2
C4B2B2
C4B2B2
C4B2B2
C4B2B2
C6B4B4
B19F9F
A89495
C8B4B5
C5B1B2
C6B2B3
BDA4A4
BBA2A2
C4B2B2
C4B2B2
C1B1B1
C2B2B2
CBAFB0
A5898A
BCA3A3
CBB2B2
C4B3B0
C4B3B0
C4B3B0
C4B3B0
C4B3B0
C4B3B0
C4B3B0
C4B3B0
C4B3B0
C4B3B0
C5B2B0
C5B2B0
C7B2B1
C2ADAC
BEA8AA
C4AEB0
C4B2B2
C4B2B2
C4B2B2
C7B5B5
C0AEAE
B19F9F
C2B0B0
C4B2B2
C4B2B2
C4B2B2
C4B2B2
C4B2B2
C4B3B0
C4B3B0
C4B3B0
C4B3B0
C4B3B0
C4B3B0
C4B3B0
C4B3B0
C4B0B1
C6B2B3
C4B0B1
AA9697
BFAEAB
C5B4B1
C4B3B0
C4B3B0
C4B3B0
C4B3B0
C4B3B0
C4B3B0
C4B3B0
C4B3B0
C4B3B0
C4B3B0
C4B3B0
C4B3B0
C4B3B0
C4B3B0
C4B3B0
C4B3B0
C4B3B0
C3B2AF
C6B5B2
C1B0AD
B2A19E
BEADAA
C6B5B2
C4B3B0
C4B3B0
C7B6B3
BDA1A0
9F8382
B69F9C
C8B1AE
C4B3B0
C4B3B0
C4B3B0
C4B3B0
C4B3B0
C4B3B0
C4B3B0
C5B4B1
B59493
AB8A89
BB999A
9E7C7D
45464F
40414A
3B4551
37414D
383B48
3A3D4A
4B474C
656166
928487
A39598
B6ABAD
EADFE1
FFFFFF
FFFFFF
FEFAFB
F1EDEE
ECE8E9
F2EEEF
F4F0F1
F4F0F1
F4F0F1
F4F0F1
F3F0EF
F3F0EF
F5F2F1
F4F1F0
F4F1F0
F4F1F0
F4F1F0
EEEBEA
F2F1F0
FFFEFD
FFFFFF
FFFFFF
FFFFFF
FFFFFF
FFFFFF
FFFFFF
FFFFFF
FFFFFF
FFFFFF
FFFFFF
FFFFFF
FFFFFF
FFFFFF
FFFFFF
FFFFFF
FFFFFF
FFFFFF
FFFFFF
FFFFFF
FFFFFF
FFFFFF
FFFFFF
FFFFFF
FFFFFF
FFFFFF
FFFFFF
FFFFFF
FFFFFF
FFFFFF
FFFFFF
FFFFFF
FFFFFF
FFFFFF
FFFFFF
FFFFFF
FFFFFF
FFFFFF
FFFFFF
FFFFFF
FFFFFF
FFFFFF
FFFFFF
FFFFFF
FFFFFF
FFFFFF
FFFFFF
FFFDFE
F3F1F2
EEEAEB
F2EEEF
F5F1F2
F4F0F1
F5EFF1
F4EEF0
F4F1F0
F4F1F0
F4F1F0
F4F1F0
F6F3F2
F5F2F1
F3F0EF
F3F0EF
F4F1F0
F4F1F0
F4F1F0
F4F1F0
F4F1F0
F4F1F0
F4F1F0
F2EFEE
F2EFEE
F4F1F0
F4F1F0
F4F1F0
F0EDEC
EBE8E7
F4F1F0
F4F1F0
F4F1F0
F4F1F0
F4F1F0
F4F1F0
F4F1F0
F4F1F0
F5F3F4
DCDADB
B6BAC2
BABEC6
BABEC9
BABEC9
BABEC9
BABEC9
BABEC9
BABEC9
BFBEC8
B6B5BF
DDD7D9
F8F2F4
F4F1F0
F4F1F0
F3F0EF
F1EEED
F4ECED
E7DFE0
B09E9E
C3B1B1
C4B2B2
C4B2B2
C4B2B2
C4B2B2
C4B2B2
C4B2B2
C4B2B2
C8B6B6
A29090
948282
C6B4B4
C5B3B3
C4B2B2
C4B2B2
C4B2B2
C4B2B2
C4B2B2
C4B2B2
C6B4B4
A79595
BFABAC
C6B2B3
C5B1B2
C6B2B3
BBA2A2
BCA3A3
C5B3B3
C4B2B2
C2B2B2
C2B2B2
CBB2B2
AA9191
B29697
C8ACAD
C5B4B1
C4B3B0
C4B3B0
C4B3B0
C4B3B0
C4B3B0
C4B3B0
C4B3B0
C4B3B0
C4B3B0
C4B3B0
C4B3B0
C5B2B0
C5B2B0
C4AFAE
BFAAA9
C1ADAE
C5B1B2
C4B2B2
C4B2B2
C5B3B3
C0AEAE
B9A7A7
C4B2B2
C4B2B2
C4B2B2
C4B2B2
C4B2B2
C4B3B0
C4B3B0
C4B3B0
C4B3B0
C4B3B0
C4B3B0
C4B3B0
C4B3B0
C5B1B2
C5B1B2
C6B2B3
C3AFB0
AE9D9A
C3B2AF
C5B4B1
C4B3B0
C4B3B0
C4B3B0
C4B3B0
C4B3B0
C4B3B0
C4B3B0
C4B3B0
C4B3B0
C4B3B0
C4B3B0
C4B3B0
C4B3B0
C4B3B0
C4B3B0
C4B3B0
C3B2AF
C4B3B0
C4B3B0
C3B2AF
B8A7A4
BBAAA7
C5B4B1
C3B2AF
C4B3B0
CBB4B3
BCA5A4
A18886
BBA2A0
C5B4B1
C4B3B0
C4B3B0
C4B3B0
C4B3B0
C4B3B0
C2B3B0
C3B4B1
C9B2AF
AB9491
B0898A
BE9798
8B777C
5F4B50
37404B
3C4550
3C4453
3C4453
3B424F
383F4C
3B3C45
44454E
5F555F
7D737D
B8B2B8
F9F3F9
FFFFFF
FFFFFF
FAF8F9
EEECED
EDE9EA
F3EFF0
F4F0F1
F4F0F1
F3EFF0
F4F0F1
F4F1F0
F4F1F0
F3F0EF
F4F1F0
F4F1F0
F4F1F0
EEEDEC
F0EFEE
FCFCFC
FFFFFF
FFFFFF
FFFFFF
FFFFFF
FFFFFF
FFFFFF
FFFFFF
FFFFFF
FFFFFF
FFFFFF
FFFFFF
FFFFFF
FFFFFF
FFFFFF
FFFFFF
FFFFFF
FFFFFF
FFFFFF
FFFFFF
FFFFFF
FFFFFF
FFFFFF
FFFFFF
FFFFFF
FFFFFF
FFFFFF
FFFFFF
FFFFFF
FFFFFF
FFFFFF
FFFFFF
FFFFFF
FFFFFF
FFFFFF
FFFFFF
FFFFFF
FFFFFF
FFFFFF
FFFFFF
FFFFFF
FFFFFF
FFFFFF
FFFFFF
FFFFFF
FFFFFF
FFFFFF
FFFFFF
FDFBFC
F1EFF0
EEEAEB
F3EFF0
F5EFF1
F5EFF1
F4F1F0
F4F1F0
F4F1F0
F4F1F0
F4F1F0
F4F1F0
F3F0EF
F4F1F0
F4F1F0
F4F1F0
F4F1F0
F4F1F0
F4F1F0
F4F1F0
F4F1F0
F3F0EF
F1EEED
F2EFEE
F4F1F0
F4F1F0
F3F0EF
E8E5E4
F1EEED
F4F1F0
F4F1F0
F4F1F0
F4F1F0
F4F1F0
F4F1F0
F4F1F0
F6F2F3
E5E1E2
B8B9C2
BCBDC6
BABEC9
BABEC9
BABEC9
BABEC9
BABEC9
BABEC9
BFBEC8
B5B4BE
DDD7D9
F9F3F5
F5F0F0
F5F0F0
F2EDED
F2EDED
F6EBED
B3A8AA
BFADAD
C6B4B4
C4B2B2
C4B2B2
C4B2B2
C4B2B2
C4B2B2
C4B2B2
C5B3B3
BBA9A9
8E7C7C
BFADAD
C5B3B3
C3B1B1
C4B2B2
C4B2B2
C4B2B2
C4B2B2
C4B2B2
C5B3B3
C1AFAF
B09E9E
C8B4B5
C5B1B2
C5B1B2
C6B2B3
BAA1A1
BDA4A4
C5B3B3
C5B3B3
C3B3B3
C2B2B2
CAB3B2
B49D9C
AC8E8E
BFA1A1
C5B4B1
C4B3B0
C4B3B0
C4B3B0
C4B3B0
C4B3B0
C4B3B0
C4B3B0
C4B3B0
C4B3B0
C4B3B0
C4B3B0
C4B3B0
C4B3B0
C6B3B1
C6B3B1
C0AAAC
C2ACAE
C4B2B2
C4B2B2
C4B2B2
C5B3B3
C0AEAE
B7A5A5
C5B3B3
C4B2B2
C4B2B2
C4B2B2
C4B3B0
C4B3B0
C4B3B0
C4B3B0
C4B3B0
C4B3B0
C4B3B0
C4B3B0
C5B1B2
C5B1B2
C5B1B2
C8B4B5
BDA9AA
AE9A9B
C7B6B3
C5B4B1
C4B3B0
C4B3B0
C4B3B0
C4B3B0
C4B3B0
C4B3B0
C4B3B0
C4B3B0
C4B3B0
C4B3B0
C4B3B0
C4B3B0
C4B3B0
C4B3B0
C4B3B0
C4B3B0
C4B3B0
C4B3B0
C3B2AF
C5B4B1
B9A8A5
B9A8A5
C4B3B0
C5B4B1
C4B3B0
C7B6B3
BEA5A5
A68D8D
BFACAA
C6B3B1
C2B3B0
C2B3B0
C4B3B0
C4B3B0
C4B3B0
C4B3B0
C6B3B1
C6B3B1
B1908F
B1908F
B79494
926F6F
67626B
423D46
3D4353
3D4353
3D4353
3D4353
3C4453
3B4352
3B3F4D
3B3F4D
44414A
69666F
C4C2C3
FEFCFD
FFFFFF
FFFEFF
F7F3F4
EDE9EA
EEEAEB
F3EFF0
F5F1F2
F5F1F2
F4F0F1
F4F0F1
F4F0F1
F3EFF0
F4F1F0
F4F1F0
F4F1F0
F3F0EF
EEECED
FAF8F9
FFFFFF
FFFFFF
FFFFFF
FFFFFF
FFFFFF
FFFFFF
FFFFFF
FFFFFF
FFFFFF
FFFFFF
FFFFFF
FFFFFF
FFFFFF
FFFFFF
FFFFFF
FFFFFF
FFFFFF
FFFFFF
FFFFFF
FFFFFF
FFFFFF
FFFFFF
FFFFFF
FFFFFF
FFFFFF
FFFFFF
FFFFFF
FFFFFF
FFFFFF
FFFFFF
FFFFFF
FFFFFF
FFFFFF
FFFFFF
FFFFFF
FFFFFF
FFFFFF
FFFFFF
FFFFFF
FFFFFF
FFFFFF
FFFFFF
FFFFFF
FFFFFF
FFFFFF
FFFFFF
FFFEFF
FFFEFF
FBF7F8
EFEBEC
F2ECEE
F5EFF1
F4F1F0
F4F1F0
F4F1F0
F4F1F0
F4F1F0
F4F1F0
F4F1F0
F4F1F0
F4F1F0
F4F1F0
F4F1F0
F4F1F0
F4F1F0
F4F1F0
F4F1F0
F4F1F0
F2EFEE
EDEAE9
F2EFEE
F4F1F0
F4F1F0
EBE8E7
EDEAE9
F4F1F0
F4F1F0
F4F1F0
F4F1F0
F4F1F0
F2F1F0
F2F1F0
F5F1F2
F0ECED
BBBCC3
BCBDC4
B8BFC9
B8BFC9
BABEC9
BABEC9
BABEC9
BABEC9
BEBDC7
B4B3BD
DBD2D7
F7EEF3
F7F2F2
F5F0F0
EEE9E9
F8F3F3
C3B5B4
B4A6A5
C7B4B2
C5B2B0
C4B2B2
C4B2B2
C4B2B2
C4B2B2
C4B2B2
C3B1B1
C6B4B4
9A8888
AC9A9A
C7B5B5
C3B2AF
C3B2AF
C4B3B0
C4B3B0
C4B2B2
C4B2B2
C4B2B2
C7B5B5
BBA9A9
BCAAAA
C5B4B1
C4B3B0
C4B3B0
C5B4B1
B69F9C
BCA5A2
C5B3B3
C4B2B2
C4B2B2
C4B2B2
C6B3B1
BBA8A6
AF8D90
B89699
C0AFAC
C4B3B0
C5B2B0
C5B2B0
C4B3B0
C4B3B0
C4B3B0
C4B3B0
C4B3B0
C4B3B0
C4B3B0
C4B3B0
C4B3B0
C4B3B0
C3B2AF
C4B3B0
CAB7B5
C1AEAC
C0ADAB
C5B2B0
C1B1B1
C1B1B1
C5B3B3
BBA9A9
B9A8A5
C5B4B1
C4B3B0
C3B2AF
C3B2AF
C4B3B0
C4B3B0
C4B3B0
C4B3B0
C4B3B0
C4B3B0
C4B3B0
C4B3B0
C4B3B0
C4B3B0
C4B3B0
C8B4B5
B09C9D
A49091
C7B3B4
C3AFB0
C2AEAF
C4B0B1
C5B1B2
C4B3B0
C4B3B0
C4B3B0
C4B3B0
C4B3B0
C4B3B0
C4B3B0
C4B3B0
C4B3B0
C4B3B0
C2B3B0
C2B3B0
C4B3B0
C4B3B0
C3B2AF
C4B3B0
C5B4B1
B8A7A4
B8A7A4
C4B3B0
C4B3B0
C3B2AF
C7B4B2
BAA7A5
AB9493
C3ACAB
C4B3B0
C5B4B1
C4B3B0
C4B3B0
C4B3B0
C4B3B0
C4B3B0
C5B4B1
CAB1AF
A68D8B
B5908C
AF8A86
948284
867476
363C4C
3C4252
3C4350
3C4350
3C4350
3C4350
3D4451
3D4451
3E424D
3A3E49
3C3D44
67686F
C0C0C2
FCFCFE
FFFFFF
FEFCFD
F3F1F2
EDEBEC
F0ECED
F4F0F1
F4F0F1
F4F0F1
F4F1F0
F4F1F0
F4F0F1
F4F0F1
F3EFF0
F4F0F1
F1EFF0
EEECED
F5F3F4
FEFCFD
FFFFFF
FEFEFE
FFFFFF
FFFFFF
FFFFFF
FFFFFF
FFFFFF
FFFFFF
FFFFFF
FFFFFF
FFFFFF
FFFFFF
FFFFFF
FFFFFF
FFFFFF
FFFFFF
FFFFFF
FFFFFF
FFFFFF
FFFFFF
FFFFFF
FFFFFF
FFFFFF
FFFFFF
FFFFFF
FFFFFF
FFFFFF
FFFFFF
FFFFFF
FFFFFF
FFFFFF
FFFFFF
FFFFFF
FFFFFF
FFFFFF
FFFFFF
FFFFFF
FFFFFF
FFFFFF
FFFFFF
FFFFFF
FFFFFF
FFFFFF
FFFFFF
FFFFFF
FFFFFF
FFFFFF
FEFCFD
F6F4F5
EFEDEE
F4F1F0
F4F1F0
F4F1F0
F4F1F0
F4F1F0
F4F1F0
F4F1F0
F4F1F0
F4F1F0
F4F1F0
F4F1F0
F4F1F0
F4F1F0
F4F1F0
F4F1F0
F4F1F0
F4F1F0
EFECEB
EBE8E7
F3F0EF
F4F1F0
F0EDEC
E8E5E4
F4F1F0
F4F1F0
F4F1F0
F4F1F0
F4F1F0
F2F1F0
F2F1F0
F4F0F1
F6F2F3
C6C7CE
B9BAC1
BABEC9
BABEC9
BABEC9
BABEC9
BABEC9
BABEC9
BFBEC8
B5B4BE
E0D7DC
F1E8ED
F3EBEC
F1E9EA
FAF1F0
D5CCCB
AE9E9E
C4B4B4
C4B3B0
C4B3B0
C4B2B2
C4B2B2
C4B2B2
C4B2B2
C3B1B1
C6B4B4
B19F9F
968484
C6B4B4
C4B2B2
C4B3B0
C4B3B0
C4B3B0
C4B3B0
C4B2B2
C4B2B2
C4B2B2
C7B5B5
BAA8A8
C3B1B1
C4B3B0
C4B3B0
C4B3B0
C5B4B1
B59E9B
BCA5A2
C5B3B3
C4B2B2
C4B2B2
C4B2B2
C5B1B2
C2AEAF
B6989A
B59799
B8A1A0
C8B1B0
C4B3B0
C4B3B0
C4B3B0
C4B3B0
C4B3B0
C4B3B0
C4B3B0
C4B3B0
C4B3B0
C4B3B0
C4B3B0
C4B3B0
C4B3B0
C4B3B0
C6B3B1
CEBBB9
BEABA9
C0ADAB
C4B2B2
C3B1B1
C3B4B1
C4B5B2
B5A4A1
B8A7A4
C6B5B2
C3B2AF
C3B2AF
C4B3B0
C4B3B0
C4B3B0
C4B3B0
C4B3B0
C4B3B0
C4B3B0
C4B3B0
C4B3B0
C4B3B0
C4B3B0
C5B1B2
C7B3B4
A38F90
A08C8D
C7B3B4
C2AEAF
C4B0B1
C5B1B2
C4B3B0
C4B3B0
C4B3B0
C4B3B0
C4B3B0
C4B3B0
C4B3B0
C4B3B0
C4B3B0
C4B3B0
C4B3B0
C4B3B0
C4B3B0
C4B3B0
C4B3B0
C3B2AF
C4B3B0
C5B4B1
BAA9A6
B8A7A4
C5B4B1
C4B3B0
C3B2AF
C6B5B2
BAA5A4
AC9796
C4B1AF
C5B2B0
C5B4B1
C4B3B0
C4B3B0
C4B3B0
C4B3B0
C4B3B0
C8B3B2
C2ADAC
AA8988
B39291
9E8583
AF9694
7F8089
3C3D46
424A5D
434B5E
444C5F
444C5F
434B5E
41495C
3E4657
3D4556
3C4350
363D4A
393A43
686972
CBC9CC
FFFFFF
FFFFFF
FEFCFF
F7F3F6
EFEBEE
F0ECED
F4F0F1
F4F0F1
F4F0F1
F4F0F1
F4F0F1
F4F0F1
F4F0F1
F2F0F1
F2F0F1
EFEDEE
F0EEEF
FCFAFB
FFFEFF
FEFEFE
FEFEFE
FFFFFF
FFFFFF
FEFEFE
FFFFFF
FFFFFF
FFFFFF
FFFFFF
FFFFFF
FFFFFF
FFFFFF
FFFFFF
FFFFFF
FFFFFF
FFFFFF
FFFFFF
FFFFFF
FFFFFF
FFFFFF
FFFFFF
FFFFFF
FFFFFF
FFFFFF
FFFFFF
FFFFFF
FFFFFF
FFFFFF
FFFFFF
FFFFFF
FFFFFF
FFFFFF
FFFFFF
FFFFFF
FFFFFF
FFFFFF
FFFFFF
FFFFFF
FFFFFF
FFFFFF
FFFFFF
FFFFFF
FFFFFF
FFFFFF
FFFEFF
FFFEFF
FFFFFF
FDFBFC
F4F1F0
F4F1F0
F4F1F0
F4F1F0
F4F1F0
F4F1F0
F4F1F0
F4F1F0
F4F1F0
F4F1F0
F4F1F0
F4F1F0
F4F1F0
F4F1F0
F4F1F0
F4F1F0
F4F1F0
F4F1F0
EDEAE9
EAE7E6
F3EEEE
F6F1F1
E9E6E5
EEEBEA
F4F1F0
F4F1F0
F4F1F0
F4F1F0
F4F1F0
F4F1F0
F4F0F1
F6F2F3
D6D5DC
B6B5BC
BABEC9
BABEC9
BABEC9
BABEC9
BABEC9
BABEC9
BEBFC8
B2B3BC
DAD1D6
FEF5FA
EFE4E4
F5EAEA
EDDFDE
AD9F9E
C4B3B0
C4B3B0
C4B3B0
C4B3B0
C4B2B2
C4B2B2
C4B2B2
C4B2B2
C4B2B2
C4B2B2
928080
B9A7A7
C6B4B4
C4B2B2
C4B3B0
C4B3B0
C4B3B0
C4B3B0
C4B2B2
C4B2B2
C4B2B2
C7B5B5
BBA9A9
C5B3B3
C4B3B0
C4B3B0
C4B3B0
C5B4B1
B59E9B
BCA5A2
C6B4B4
C4B2B2
C4B2B2
C4B2B2
C4B2B2
C4B2B2
B79E9E
BFA6A6
B19594
C7ABAA
C5B4B1
C4B3B0
C4B3B0
C4B3B0
C4B3B0
C4B3B0
C4B3B0
C4B3B0
C4B3B0
C4B3B0
C4B3B0
C4B3B0
C4B3B0
C4B3B0
C3B2AF
C5B4B1
CFBCBA
BEABA9
C0AFAC
C5B4B1
C2B3B0
C2B3B0
C4B3B0
AD9C99
BAA9A6
C6B5B2
C3B2AF
C4B3B0
C4B3B0
C4B3B0
C4B3B0
C4B3B0
C4B3B0
C4B3B0
C4B3B0
C4B3B0
C4B3B0
C4B3B0
C4B3B0
C5B4B1
C7B3B4
937F80
9C8889
C4B0B1
C0ACAD
C6B2B3
C4B3B0
C4B3B0
C4B3B0
C4B3B0
C4B3B0
C4B3B0
C3B2AF
C4B3B0
C3B2AF
C3B2AF
C5B2B0
C5B2B0
C3B2AF
C4B3B0
C4B3B0
C4B3B0
C4B3B0
C4B3B0
C5B4B1
BAA9A6
B8A7A4
C5B4B1
C4B3B0
C3B2AF
C7B4B2
B7A4A2
B09B9A
C8B3B2
C5B4B1
C4B3B0
C4B3B0
C4B3B0
C4B3B0
C4B3B0
C4B3B0
C6B5B2
C4A6A6
A58787
B69592
9A7976
B7ADB0
887E81
47516E
58627F
576586
586687
5A6585
576282
535F7B
4D5975
49546C
444F67
404859
343C4D
3D3E45
86878E
EBE9EC
FFFFFF
FFFEFF
FFFBFE
F5F3F6
EFEDF0
F1EDEE
F4F0F1
F4F0F1
F4F0F1
F4F0F1
F4F0F1
F4F0F1
F4F0F1
F2F0F1
F0EEEF
EDEBEC
F6F4F5
FFFEFF
FFFDFE
FFFFFF
FFFFFF
FEFEFE
FEFEFE
FEFEFE
FFFFFF
FFFFFF
FFFFFF
FFFFFF
FFFFFF
FFFFFF
FFFFFF
FFFFFF
FFFFFF
FFFFFF
FFFFFF
FFFFFF
FFFFFF
FFFFFF
FFFFFF
FFFFFF
FFFFFF
FFFFFF
FFFFFF
FFFFFF
FFFFFF
FFFFFF
FFFFFF
FFFFFF
FFFFFF
FFFFFF
FFFFFF
FFFFFF
FFFFFF
FFFFFF
FFFFFF
FFFFFF
FFFFFF
FFFFFF
FFFFFF
FFFFFF
FFFFFF
FFFFFF
FFFFFF
FFFEFF
FFFDFE
F4F1F0
F4F1F0
F4F1F0
F4F1F0
F4F1F0
F4F1F0
F4F1F0
F4F1F0
F4F1F0
F4F1F0
F4F1F0
F4F1F0
F4F1F0
F4F1F0
F4F1F0
F4F1F0
F4F1F0
F4F1F0
F4F1F0
ECE9E8
E9E4E4
F2EDED
F0EBEB
E9E4E4
F3F0EF
F4F1F0
F4F1F0
F4F1F0
F4F1F0
F4F1F0
F4F0F1
F7F3F4
EAEAEE
B4B4B8
BBBEC9
BBBEC9
BABEC9
BABEC9
BABEC9
BABEC9
BCC0C8
B3B7BF
D3CACF
FEF5FA
FAECED
F5E7E8
B6A6A6
BCACAC
C5B4B1
C4B3B0
C4B3B0
C4B3B0
C4B2B2
C4B2B2
C4B2B2
C4B2B2
C7B5B5
A79595
A29090
C8B6B6
C3B1B1
C3B1B1
C4B3B0
C4B3B0
C4B3B0
C4B3B0
C4B2B2
C3B1B1
C6B4B4
C3B1B1
BFADAD
C4B2B2
C4B3B0
C4B3B0
C4B3B0
C5B4B1
B59E9B
BCA5A2
C6B4B4
C4B2B2
C4B2B2
C4B2B2
C4B2B2
C6B4B4
B6A0A2
C0AAAC
BA9D9B
BA9D9B
C5B4B1
C4B3B0
C4B3B0
C4B3B0
C4B3B0
C4B3B0
C4B3B0
C4B3B0
C4B3B0
C4B3B0
C4B3B0
C4B3B0
C4B3B0
C4B3B0
C4B3B0
C2B1AE
CAB7B5
D1BEBC
BEABA7
C1AEAA
C4B3B0
C3B2AF
C5B4B1
C2B1AE
A69592
BDACA9
C6B5B2
C4B3B0
C4B3B0
C4B3B0
C4B3B0
C4B3B0
C4B3B0
C4B3B0
C4B3B0
C4B3B0
C4B3B0
C4B3B0
C4B3B0
C4B3B0
C7B3B4
BEAAAB
836F70
A38F90
C0ACAD
C6B2B3
C4B3B0
C4B3B0
C4B3B0
C4B3B0
C4B3B0
C4B3B0
C0B3AF
DBCECA
E2D8D3
C9BFBA
C2AFAD
CCB9B7
D7C6C3
C4B3B0
C4B3B0
C4B3B0
C4B3B0
C4B3B0
C3B2AF
C5B4B1
BCABA8
B8A7A4
C3B2AF
C3B2AF
C4B3B0
C6B5B2
B8A3A2
B7A2A1
C7B6B3
C5B4B1
C4B3B0
C4B3B0
C4B3B0
C4B3B0
C1B1B1
C1B1B1
C8B3B2
B8A3A2
AB8A87
AF8E8B
978183
C6B0B2
797E96
595E76
607098
64749C
6574A1
6675A2
6675A0
64739E
62729A
5F6F97
5B698A
515F80
4C546B
3C445B
55595F
BDC1C7
FFFFFF
FFFFFF
FFFFFF
FDFDFF
F5F3F6
EEECEF
F2EEEF
F4F0F1
F4F0F1
F4F0F1
F4F0F1
F4F0F1
F4F0F1
F4F0F1
F3F1F2
EFEDEE
F1EFF0
FDFBFC
FFFFFF
FEFEFE
FEFEFE
FEFEFE
FEFEFE
FFFFFF
FFFFFF
FFFFFF
FFFFFF
FFFFFF
FFFFFF
FFFFFF
FFFFFF
FFFFFF
FFFFFF
FFFFFF
FFFFFF
FFFFFF
FFFFFF
FFFFFF
FFFFFF
FFFFFF
FFFFFF
FFFFFF
FFFFFF
FFFFFF
FFFFFF
FFFFFF
FFFFFF
FFFFFF
FFFFFF
FFFFFF
FFFFFF
FFFFFF
FFFFFF
FFFFFF
FFFFFF
FFFFFF
FFFFFF
FFFFFF
FFFFFF
FFFFFF
FFFFFF
FFFFFF
FFFFFF
FFFFFF
F4F1F0
F4F1F0
F4F1F0
F4F1F0
F4F1F0
F4F1F0
F4F1F0
F4F1F0
F4F1F0
F4F1F0
F4F1F0
F4F1F0
F4F1F0
F4F1F0
F4F1F0
F4F1F0
F4F1F0
F4F1F0
F4F1F0
F4F1F0
ECE7E7
E8E3E3
ECE7E7
E7E2E2
EFECEB
F4F1F0
F4F1F0
F4F1F0
F4F1F0
F4F1F0
F4F0F1
F4F0F1
F5F3F8
C3C1C6
B7BAC5
BBBEC9
BABEC9
BABEC9
BABEC9
BABEC9
BBBFC7
B8BCC4
C8C2C6
FBF5F9
FFF6F7
CEC0C1
B4A3A0
C7B6B3
C2B3B0
C2B3B0
C4B3B0
C4B3B0
C4B2B2
C4B2B2
C4B2B2
C4B2B2
BFADAD
978585
C1AFAF
C5B3B3
C3B1B1
C3B1B1
C4B3B0
C4B3B0
C4B3B0
C4B3B0
C4B2B2
C2B0B0
C7B5B5
C1AFAF
C3B1B1
C4B2B2
C4B3B0
C4B3B0
C4B3B0
C6B5B2
B59E9B
BBA4A1
C6B4B4
C4B2B2
C4B2B2
C4B2B2
C4B2B2
C5B3B3
BBA7A8
B7A3A4
CBAEAC
B59896
C1ACA9
C7B2AF
C2B3B0
C2B3B0
C4B3B0
C4B3B0
C4B3B0
C4B3B0
C4B3B0
C4B3B0
C4B3B0
C4B3B0
C4B3B0
C4B3B0
C4B3B0
C4B3B0
C3B2AF
CCBBB8
CDBAB6
BEABA7
BFAEAB
C4B3B0
C4B3B0
C5B4B1
BDACA9
A1908D
C0AFAC
C5B4B1
C4B3B0
C4B3B0
C4B3B0
C4B3B0
C4B3B0
C4B3B0
C4B3B0
C4B3B0
C4B3B0
C4B3B0
C4B3B0
C4B3B0
C4B0B1
C8B4B5
AD999A
816D6E
A89495
C2AEAF
C4B3B0
C4B3B0
C4B3B0
C4B3B0
C4B3B0
C4B3B0
BBB3AD
DFD7D1
F2EEE7
E7E3DC
CCBDBA
C1B2AF
DECDCA
C9B8B5
C3B2AF
C4B3B0
C4B3B0
C4B3B0
C4B3B0
C2B1AE
C4B3B0
BBAAA7
B9A8A5
C4B3B0
C4B3B0
C4B3B0
C6B3B1
B4A19F
B8A7A4
C7B6B3
C4B3B0
C4B3B0
C4B3B0
C5B4B1
C7B7B7
C1B1B1
C4B3B0
C5B4B1
B79898
AC8D8D
9C8081
B19596
BAB6C6
878393
58658B
68759B
6A7BAD
6C7DAF
6D7DB2
6D7DB2
6E7EB3
6E7EB3
7081B1
6C7DAD
6A77A3
63709C
596079
4B526B
9B9CA3
F4F5FC
FFFFFF
FEFEFE
FFFEFF
FCFAFD
F5F1F2
F0ECED
F2EEEF
F4F0F1
F4F0F1
F3EFF0
F3EFF0
F4F0F1
F4F0F1
F6F2F3
F2F0F1
EFEDEE
F8F8F8
FFFFFF
FEFEFE
FEFEFE
FFFFFF
FFFFFF
FEFEFE
FFFFFF
FFFFFF
FFFFFF
FFFFFF
FFFFFF
FFFFFF
FFFFFF
FFFFFF
FFFFFF
FFFFFF
FFFFFF
FFFFFF
FFFFFF
FFFFFF
FFFFFF
FFFFFF
FFFFFF
FFFFFF
FFFFFF
FFFFFF
FFFFFF
FFFFFF
FFFFFF
FFFFFF
FFFFFF
FFFFFF
FFFFFF
FFFFFF
FFFFFF
FFFFFF
FFFFFF
FFFFFF
FFFFFF
FFFFFF
FFFFFF
FFFFFF
FFFFFF
FFFFFF
FFFFFF
F4F1F0
F4F1F0
F4F1F0
F4F1F0
F4F1F0
F4F1F0
F4F1F0
F4F1F0
F4F1F0
F4F1F0
F4F1F0
F4F1F0
F4F1F0
F4F1F0
F4F1F0
F4F1F0
F4F1F0
F4F1F0
F4F1F0
F4F1F0
F5F0F0
EBE6E6
E7E2E2
E7E2E2
EAE5E5
F5F0F0
F5F0F0
F5F0F0
F4F1F0
F4F1F0
F4F1F0
F4F1F0
F5F3F4
DCDADB
B1B5BD
BBBFC7
BABEC9
BABEC9
BABEC9
BABEC9
BABFC7
B9BEC6
BDBBBE
FDFBFE
EFDFDF
AD9D9D
C4B3B0
C4B3B0
C4B3B0
C4B3B0
C4B3B0
C4B3B0
C4B2B2
C4B2B2
C4B2B2
C6B4B4
A79595
AE9C9C
C6B4B4
C3B1B1
C4B2B2
C4B2B2
C4B3B0
C4B3B0
C4B3B0
C4B3B0
C4B3B0
C3B2AF
C6B5B2
C0AFAC
C4B3B0
C4B3B0
C4B3B0
C4B3B0
C4B3B0
C6B5B2
B49D9A
B9A29F
C5B3B3
C4B2B2
C4B2B2
C4B2B2
C4B2B2
C4B2B2
C2B0B0
B09E9E
CBB3AF
BDA5A1
B6A09B
C9B3AE
C2B3B0
C2B3B0
C4B3B0
C4B3B0
C4B3B0
C4B3B0
C4B3B0
C4B3B0
C4B3B0
C4B3B0
C4B3B0
C4B3B0
C4B3B0
C4B3B0
C2B3B0
C3B4B1
CFBEBB
CAB9B6
C1AEAC
C0ADAB
C4B3B0
C4B3B0
C6B5B2
B6A5A2
9F8E8B
C3B2AF
C5B4B1
C4B3B0
C4B3B0
C4B3B0
C4B3B0
C4B3B0
C4B3B0
C4B3B0
C4B3B0
C4B3B0
C4B3B0
C4B3B0
C5B1B2
C4B0B1
C7B3B4
958182
877374
B09C9D
C7B4B2
C5B2B0
C4B3B0
C4B3B0
C4B3B0
C4B3B0
BEB1AD
CDC0BC
ECE9E4
EEEBE6
E0D5D3
BDB2B0
C7B6B3
C7B6B3
C4B3B0
C4B3B0
C3B2AF
C4B3B0
C4B3B0
C2B1AE
C2B1AE
C5B4B1
C3B2AF
C4B3B0
C4B3B0
C4B3B0
C4B3B0
C5B4B1
B6A3A1
C0ADAB
C5B4B1
C4B3B0
C0B0B0
CBBBBB
EBE2DF
CFC6C3
C1B1B1
C6B6B6
C8AFAF
AE9595
AD908E
9A7D7B
C2B0B4
C6B4B8
9896B0
74728C
656B91
61678D
5A5E7B
585C79
636784
676B88
61678B
646A8E
66709A
646E98
667098
646E96
565C70
73798D
E1E3E2
FFFFFF
FFFDFE
FFFEFF
FFFEFF
FBF9FA
F3EFF0
F0ECED
F4F0F1
F4F0F1
F3EFF0
F4F0F1
F4F0F1
F4F0F1
F6F2F3
F6F2F3
F1EFF0
F3F1F2
FDFDFD
FFFFFF
FFFFFF
FFFFFF
FFFFFF
FFFFFF
FFFFFF
FFFFFF
FFFFFF
FFFFFF
FFFFFF
FFFFFF
FFFFFF
FFFFFF
FFFFFF
FFFFFF
FFFFFF
FFFFFF
FFFFFF
FFFFFF
FFFFFF
FFFFFF
FFFFFF
FFFFFF
FFFFFF
FFFFFF
FFFFFF
FFFFFF
FFFFFF
FFFFFF
FFFFFF
FFFFFF
FFFFFF
FFFFFF
FFFFFF
FFFFFF
FFFFFF
FFFFFF
FFFFFF
FFFFFF
FFFFFF
FFFFFF
FFFFFF
FFFFFF
F4F1F0
F4F1F0
F4F1F0
F4F1F0
F4F1F0
F4F1F0
F4F1F0
F4F1F0
F4F1F0
F4F1F0
F4F1F0
F4F1F0
F4F1F0
F4F1F0
F4F1F0
F4F1F0
F4F1F0
F4F1F0
F4F1F0
F3F0EF
F5F0F0
F4EFEF
EDE8E8
E8E3E3
E6E1E1
EFEAEA
F6F1F1
F5F0F0
F4F1F0
F4F1F0
F4F1F0
F4F1F0
F4F0F1
F3EFF0
B8B9C0
BCBDC4
BABEC9
BABEC9
BABEC9
BABEC9
BABFC7
BABFC7
BAB6BB
EBE7EC
BCACAE
BCACAE
C6B5B2
C4B3B0
C4B3B0
C4B3B0
C4B3B0
C4B3B0
C4B2B2
C4B2B2
C5B3B3
BFADAD
9F8D8D
C5B3B3
C4B2B2
C4B2B2
C4B2B2
C4B2B2
C4B3B0
C4B3B0
C4B3B0
C4B3B0
C4B3B0
C5B4B1
C7B6B3
C2B1AE
C4B3B0
C4B3B0
C4B3B0
C4B3B0
C4B3B0
C6B5B2
B49D9A
B8A19E
C6B4B4
C4B2B2
C4B2B2
C4B2B2
C4B2B2
C4B2B2
C6B2B3
B19D9E
C1ACAB
C6B1B0
B39B97
C2AAA6
C5B4B1
C4B3B0
C4B3B0
C4B3B0
C4B3B0
C4B3B0
C4B3B0
C4B3B0
C4B3B0
C4B3B0
C4B3B0
C4B3B0
C4B3B0
C4B3B0
C4B3B0
C3B2AF
C8B7B4
CEBDBA
CAB5B4
C2ADAC
C0AFAC
C4B3B0
C1B2AF
C4B5B2
AA9996
A3928F
C6B5B2
C4B3B0
C4B3B0
C4B3B0
C4B3B0
C4B3B0
C4B3B0
C4B3B0
C4B3B0
C4B3B0
C4B3B0
C4B3B0
C5B1B2
C5B1B2
C6B2B3
BAA6A7
877374
8F7B7C
C0ADAB
C6B3B1
C4B3B0
C4B3B0
C4B3B0
C4B3B0
C1B2AF
C1B2AF
DBD3D0
F2EAE7
EFE4E4
C4B9B9
C1AFAF
C3B1B1
C4B3B0
C4B3B0
C4B3B0
C4B3B0
C4B3B0
C2B1AE
BEADAA
C4B3B0
C6B5B2
C7B6B3
C0AFAC
C4B3B0
C3B2AF
C4B3B0
C4AFAE
B49F9E
C3B0AE
C6B3B1
C0B0B2
C8B8BA
F0E7E6
E9E0DF
C9BBBC
E9DBDC
CDB9BA
C2AEAF
B29492
A48684
A78E8C
CCB3B1
C6B5BF
BFAEB8
ABA0AA
AEA3AD
B2A7A5
B2A7A5
B8ABA7
BAADA9
B6A5AB
B6A5AB
ABA1AC
9C929D
878499
706D82
716F88
58566F
575B61
D1D5DB
FFFFFF
FDFFFE
FFFDFF
FFFEFF
FFFDFE
F8F6F7
F0ECED
F2EEEF
F4F0F1
F4F0F1
F4F0F1
F4F0F1
F4F0F1
F6F2F3
F7F5F6
F1EFF0
EDEDED
F9F9F9
FFFFFF
FFFFFF
FFFFFF
FFFFFF
FFFFFF
FFFFFF
FFFFFF
FFFFFF
FFFFFF
FFFFFF
FFFFFF
FFFFFF
FFFFFF
FFFFFF
FFFFFF
FFFFFF
FFFFFF
FFFFFF
FFFFFF
FFFFFF
FFFFFF
FFFFFF
FFFFFF
FFFFFF
FFFFFF
FFFFFF
FFFFFF
FFFFFF
FFFFFF
FFFFFF
FFFFFF
FFFFFF
FFFFFF
FFFFFF
FFFFFF
FFFFFF
FFFFFF
FFFFFF
FFFFFF
FFFFFF
FFFFFF
FFFFFF
F4F1F0
F4F1F0
F4F1F0
F4F1F0
F4F1F0
F4F1F0
F4F1F0
F4F1F0
F4F1F0
F4F1F0
F4F1F0
F4F1F0
F4F1F0
F4F1F0
F4F1F0
F4F1F0
F4F1F0
F4F1F0
F4F1F0
F4F1F0
F5F0F0
F5F0F0
F4EFEF
EBE6E6
E6E1E1
E8E3E3
F3EEEE
F5F0F0
F4F1F0
F4F1F0
F4F1F0
F3F0EF
F4F0F1
F7F3F4
CECFD5
B4B5BB
BBBFCA
BABEC9
BABEC9
BABEC9
B9BDC8
B9BDC8
C3BDC3
ABA5AB
B8A6A6
C4B2B2
BDACA9
C4B3B0
C4B3B0
C4B3B0
C4B3B0
C4B3B0
C4B2B2
C4B2B2
C7B5B5
AD9B9B
B2A0A0
C7B5B5
C4B2B2
C4B2B2
C4B2B2
C4B2B2
C4B3B0
C4B3B0
C4B3B0
C4B3B0
C3B2AF
C6B5B2
C7B6B3
C2B1AE
C4B3B0
C4B3B0
C4B3B0
C4B3B0
C4B3B0
C6B5B2
B69F9C
B8A19E
C7B5B5
C4B2B2
C4B2B2
C4B2B2
C4B2B2
C4B2B2
C5B3B3
BAA8A8
B8A6A6
C8B6B6
C4A9A6
B69B98
C4B1AD
C5B2AE
C4B3B0
C4B3B0
C4B3B0
C4B3B0
C4B3B0
C4B3B0
C4B3B0
C4B3B0
C4B3B0
C4B3B0
C4B3B0
C4B3B0
C4B3B0
C4B3B0
C3B2AF
CBBAB7
CBB8B6
C7B4B2
BEABA9
C1AEAC
C2B2B2
C1B1B1
C5B3B3
9E8C8C
AE9C9C
C6B4B4
C4B3B0
C4B3B0
C4B3B0
C4B3B0
C4B3B0
C4B3B0
C4B3B0
C4B3B0
C4B3B0
C4B3B0
C4B3B0
C4B3B0
C5B1B2
C9B5B6
A38F90
806C6D
AA9594
C7B2B1
C0ADAB
C5B2B0
C4B3B0
C4B3B0
C4B3B0
C3B2AF
C1B6B4
D5CAC8
DBCDCC
C4B6B5
C3B1B1
C4B2B2
C4B3B0
C4B3B0
C4B3B0
C4B3B0
C3B2AF
C4B3B0
BDAAA8
C3B0AE
C4B3B0
C9B8B5
C0AFAC
C2B1AE
C4B3B0
C3B2AF
C7B2B1
BEA9A8
B39E9D
C7B2B1
C1B1B3
C1B1B3
E0D8D7
F2EAE9
D8CDCD
D8CDCD
D0C0C0
C1B1B1
C2A4A4
AB8D8D
99807E
BAA19F
BBA6A3
BEA9A6
C3B0AE
C6B3B1
C5B4AF
C5B4AF
C4B6AF
C3B5AE
C6B4AC
C6B4AC
C7B4B2
C9B6B4
C6B7B4
C2B3B0
B1A5AB
A99DA3
999598
8A8689
CCCCCC
FEFEFE
FEFEFF
FEFEFF
FEFEFE
FFFFFF
FDFBFC
F3F1F2
F0ECED
F2EEEF
F5F1F2
F4F0F1
F4F0F1
F4F0F1
F5F1F2
F9F5F6
F5F3F4
EDEBEC
F3F3F3
FEFEFE
FFFFFF
FEFEFE
FEFEFE
FFFFFF
FFFFFF
FFFFFF
FFFFFF
FFFFFF
FFFFFF
FFFFFF
FFFFFF
FFFFFF
FFFFFF
FFFFFF
FFFFFF
FFFFFF
FFFFFF
FFFFFF
FFFFFF
FFFFFF
FFFFFF
FFFFFF
FFFFFF
FFFFFF
FFFFFF
FFFFFF
FFFFFF
FFFFFF
FFFFFF
FFFFFF
FFFFFF
FFFFFF
FFFFFF
FFFFFF
FFFFFF
FFFFFF
FFFFFF
FFFFFF
FFFFFF
FFFFFF
F4F1F0
F4F1F0
F4F1F0
F4F1F0
F4F1F0
F4F1F0
F4F1F0
F4F1F0
F4F1F0
F4F1F0
F4F1F0
F4F1F0
F4F1F0
F4F1F0
F4F1F0
F4F1F0
F4F1F0
F4F1F0
F4F1F0
F4F1F0
F4F1F0
F4F1F0
F5F0F0
F4EFEF
EAE5E5
E5E0E0
EBE6E6
F5F0F0
F4F1F0
F4F1F0
F4F1F0
F4F1F0
F4F0F1
F4F0F1
EBEBEF
B3B3B7
BABFC7
BABFC7
BABEC9
BABEC9
B8BFC9
B9C0CA
BAB4BA
989298
C7B4B2
B09D9B
B2A19E
C6B5B2
C4B3B0
C4B3B0
C4B3B0
C4B3B0
C4B2B2
C4B2B2
C4B2B2
AA9898
C3B1B1
C4B2B2
C4B2B2
C4B2B2
C4B2B2
C4B2B2
C4B3B0
C4B3B0
C4B3B0
C4B3B0
C3B2AF
C7B6B3
C6B5B2
C3B2AF
C4B3B0
C4B3B0
C4B3B0
C4B3B0
C4B3B0
C6B5B2
B8A19E
B8A19E
C6B4B4
C4B2B2
C4B2B2
C4B2B2
C4B2B2
C4B2B2
C4B2B2
C1AFAF
B39FA0
C8B4B5
CBB2B0
B89F9D
BAA5A2
C7B2AF
C4B3B0
C4B3B0
C4B3B0
C4B3B0
C4B3B0
C4B3B0
C4B3B0
C4B3B0
C4B3B0
C4B3B0
C4B3B0
C4B3B0
C4B3B0
C4B3B0
C3B2AF
C3B2AF
CDBCB9
C6B5B2
C6B3B1
BEABA9
C2AEAF
C6B2B3
C5B3B3
BFADAD
988686
BCAAAA
C6B4B4
C4B2B2
C4B3B0
C4B3B0
C4B3B0
C4B3B0
C4B3B0
C4B3B0
C4B3B0
C4B3B0
C4B3B0
C4B3B0
C4B2B2
C5B3B3
C1ADAE
877374
95807F
C7B2B1
BEABA9
C4B1AF
C4B3B0
C4B3B0
C4B3B0
C4B3B0
C1B2AF
C0B1AE
C2B0B0
C4B2B2
C4B2B2
C4B2B2
C4B3B0
C4B3B0
C4B3B0
C4B3B0
C5B2B0
C6B3B1
BEA9A8
C1ACAB
C4B3B0
C5B4B1
CAB9B6
BFAEAB
C1B0AD
C3B2AF
C4B1AF
C6B3B1
B9A2A1
B9A2A1
C5B3B5
C2B0B2
CCC3C2
F0E7E6
ECE1E1
C4B9B9
C2B2B2
C2B2B2
CBB4B3
B7A09F
A58787
AE9090
C5AEAB
B69F9C
B69594
B99897
BCA19C
C5AAA5
C4B2AC
C7B5AF
C4B5B0
C3B4AF
C5B2B0
C5B2B0
C5B1B2
C6B2B3
C7B6B1
C4B3AE
BAABA6
BBACA7
C4C1C0
FCF9F8
FFFFFF
FEFFFF
FFFFFF
FEFEFE
FFFFFF
FFFFFF
FCF8F9
F2EEEF
F0ECED
F4F0F1
F4F0F1
F4F0F1
F4F0F1
F6F2F3
F7F5F6
F7F5F6
EFEFEF
EDEDED
F9F9F9
FEFEFE
FEFEFE
FFFFFF
FFFFFF
FFFFFF
FFFFFF
FFFFFF
FFFFFF
FFFFFF
FFFFFF
FFFFFF
FFFFFF
FFFFFF
FFFFFF
FFFFFF
FFFFFF
FFFFFF
FFFFFF
FFFFFF
FFFFFF
FFFFFF
FFFFFF
FFFFFF
FFFFFF
FFFFFF
FFFFFF
FFFFFF
FFFFFF
FFFFFF
FFFFFF
FFFFFF
FFFFFF
FFFFFF
FFFFFF
FFFFFF
FFFFFF
FFFFFF
FFFFFF
FFFFFF
F4F1F0
F4F1F0
F4F1F0
F4F1F0
F4F1F0
F4F1F0
F1EEED
F1EEED
F3F0EF
F3F0EF
F5F0F0
F5F0F0
F5F0F0
F5F0F0
F4F1F0
F4F1F0
F4F1F0
F4F1F0
F4F1F0
F4F1F0
F4F1F0
F4F1F0
F4F1F0
F4F1F0
F2EFEE
EAE7E6
E6E1E1
F1ECEC
F5F2F1
F4F1F0
F4F1F0
F4F1F0
F4F1F0
F4F1F0
F5F3F4
D0CECF
B1B5BD
BCC0C8
BABEC9
BABEC9
B8BFC9
BBC2CC
A3999C
B7ADB0
C0ADAB
A59290
C3B2AF
C4B3B0
C4B3B0
C4B3B0
C4B3B0
C4B3B0
C4B2B2
C5B3B3
BDABAB
B4A2A2
C6B4B4
C4B2B2
C4B3B0
C4B3B0
C4B3B0
C4B3B0
C4B3B0
C4B3B0
C4B3B0
C4B3B0
C3B2AF
C8B7B4
C5B4B1
C4B3B0
C4B3B0
C4B3B0
C4B3B0
C4B3B0
C4B3B0
C6B5B2
B9A4A3
B6A1A0
C6B4B4
C4B2B2
C4B2B2
C4B2B2
C4B3B0
C4B3B0
C4B2B2
C5B3B3
B5A1A2
C2AEAF
C7B2B1
C5B0AF
B69F9C
C5AEAB
C2B3B0
C2B3B0
C4B3B0
C4B3B0
C4B3B0
C4B3B0
C4B3B0
C4B3B0
C4B3B0
C4B3B0
C4B3B0
C4B3B0
C4B3B0
C4B3B0
C3B2AF
C2B1AE
C7B6B3
CDBCB9
C3B2AF
C4B3B0
BCA9A7
C1AEAC
C5B3B3
C7B5B5
B19D9E
9B8788
C5B3B3
C5B3B3
C4B3B0
C4B3B0
C4B3B0
C4B3B0
C4B3B0
C4B3B0
C4B3B0
C4B3B0
C4B3B0
C4B3B0
C4B3B0
C4B3B0
C9B6B4
A69391
887170
C2ABAA
C0ABAA
C1ACAB
C4B3B0
C4B3B0
C4B3B0
C4B3B0
C4B3B0
C4B3B0
C5B2B0
C5B2B0
C4B3B0
C4B3B0
C4B3B0
C4B3B0
C4B3B0
C4B3B0
C4B3B0
C5B4B1
C2ABAA
C0A9A8
C5B3B3
C4B2B2
C6B4B4
CAB8B8
B9A7A7
C4B2B2
C3B1B1
C4B2B2
C9B2B1
B19A99
BBA5A7
C7B1B3
BEB3B3
D8CDCD
EFE1E0
CCBEBD
C2B1AE
C3B2AF
C6B3B1
C6B3B1
AD9190
9C807F
C1AEAA
C6B3AF
C5A8A6
BB9E9C
B69391
B18E8C
B09290
B89A98
BAA5A2
C1ACA9
C5B2AE
C7B4B0
C5B3B3
C4B2B2
C3B2AF
C4B3B0
C7B4B2
C0ADAB
B1A3A2
BCAEAD
E2DFDE
FFFFFF
FFFFFF
FDFFFE
FEFEFE
FEFEFE
FFFFFF
FFFDFE
F5F3F4
EDEBEC
F1EDEE
F4F0F1
F4F0F1
F3EFF0
F5F1F2
F8F4F5
F6F4F5
F3F1F2
EDEDED
F0F0F0
FEFCFD
FFFFFF
FFFFFF
FFFFFF
FFFFFF
FFFFFF
FFFFFF
FFFFFF
FFFFFF
FFFFFF
FFFFFF
FFFFFF
FFFFFF
FFFFFF
FFFFFF
FFFFFF
FFFFFF
FFFFFF
FFFFFF
FFFFFF
FFFFFF
FFFFFF
FFFFFF
FFFFFF
FFFFFF
FFFFFF
FFFFFF
FFFFFF
FFFFFF
FFFFFF
FFFFFF
FFFFFF
FFFFFF
FFFFFF
FFFFFF
FFFFFF
FFFFFF
FFFFFF
F4F1F0
F4F1F0
F4F1F0
F4F1F0
F4F1F0
F5F2F1
F3F0EF
F0EDEC
F0EDEC
F1EEED
F3EEEE
F5F0F0
F6F1F1
F5F0F0
F4F1F0
F4F1F0
F4F1F0
F4F1F0
F4F1F0
F4F1F0
F4F1F0
F4F1F0
F4F1F0
F4F1F0
F4F1F0
F3F0EF
E9E4E4
E9E4E4
F3F0EF
F4F1F0
F4F1F0
F4F1F0
F4F1F0
F4F1F0
F5F2F1
F2EFEE
B5B6BD
BABBC2
B8BFC9
B8BFC9
BDC0CB
AFB2BD
A79799
C5B5B7
A89696
B8A6A6
C5B3B3
C4B2B2
C4B3B0
C4B3B0
C4B3B0
C4B3B0
C3B1B1
C5B3B3
B5A3A3
C0AEAE
C4B2B2
C3B1B1
C4B3B0
C4B3B0
C4B3B0
C4B3B0
C4B3B0
C4B3B0
C4B3B0
C4B3B0
C3B2AF
C8B7B4
C5B4B1
C4B3B0
C4B3B0
C4B3B0
C4B3B0
C4B3B0
C4B3B0
C5B4B1
BDA8A7
B5A09F
C5B3B3
C4B2B2
C4B3B0
C4B3B0
C4B3B0
C4B3B0
C4B3B0
C4B3B0
BDABAB
B9A7A7
C7B3B4
C6B2B3
C0A9A6
BCA5A2
C5B4B1
C4B3B0
C4B3B0
C4B3B0
C4B3B0
C4B3B0
C4B3B0
C4B3B0
C4B3B0
C4B3B0
C4B3B0
C4B3B0
C4B3B0
C4B3B0
C4B3B0
C3B2AF
C4B3B0
CCBBB8
C9B8B5
C3B2AF
C4B1AF
B6A3A1
C1AEAC
C6B3B1
C6B2B3
9F8B8C
A89495
C9B5B6
C4B3B0
C4B3B0
C4B3B0
C4B3B0
C4B3B0
C4B3B0
C4B3B0
C4B3B0
C4B3B0
C4B3B0
C4B3B0
C4B3B0
C5B4B1
C1B0AD
866D6D
B19898
C7B0AF
BEA7A6
C5B4B1
C4B3B0
C4B3B0
C4B3B0
C4B3B0
C4B3B0
C4B3B0
C4B3B0
C4B3B0
C4B3B0
C4B3B0
C4B3B0
C4B3B0
C4B3B0
C4B3AE
C4B3AE
C6ADAD
BDA4A4
C5B1B2
C5B1B2
C4B2B2
C9B7B7
C9B7B7
B8A6A6
C2B2B2
C2B2B2
C9B2B1
C3ACAB
AF9696
C2A9A9
C3B3B5
C3B3B5
C8B8B8
C4B4B4
C4B3B0
C4B3B0
C4B3B0
C6B5B2
C3A7A6
977B7A
A28D8A
CAB5B2
C6B3AF
C6B3AF
C8ADAA
BDA29F
B69592
B2918E
B09290
B09290
AF9895
B8A19E
BEA9A6
C3AEAB
C6B3B1
C5B2B0
C3B2AF
C3B2AF
C6B3B1
C0ADAB
AEA0A1
BDAFB0
E5E4E3
FFFFFF
FFFFFF
FEFFFF
FEFFFF
FEFFFF
FFFFFF
FDFBFC
F2F0F1
ECEAEB
F3EFF0
F4F0F1
F3EFF0
F4F0F1
F5F3F4
F7F5F6
F5F3F4
EFEDEE
EAE8E9
F4F2F3
FFFEFF
FFFEFF
FFFFFF
FFFFFF
FFFFFF
FFFFFF
FFFFFF
FFFFFF
FFFFFF
FFFFFF
FFFFFF
FFFFFF
FFFFFF
FFFFFF
FFFFFF
FFFFFF
FFFFFF
FFFFFF
FFFFFF
FFFFFF
FFFFFF
FFFFFF
FFFFFF
FFFFFF
FFFFFF
FFFFFF
FFFFFF
FFFFFF
FFFFFF
FFFFFF
FFFFFF
FFFFFF
FFFFFF
FFFFFF
FFFFFF
FFFFFF
F4F1F0
F4F1F0
F4F1F0
F4F1F0
F4F1F0
F5F2F1
F5F2F1
F2EFEE
EFECEB
EFECEB
F1ECEC
F4EFEF
F5F0F0
F5F0F0
F4F1F0
F4F1F0
F4F1F0
F4F1F0
F4F1F0
F4F1F0
F4F1F0
F4F1F0
F4F1F0
F4F1F0
F4F1F0
F4F1F0
F4EFEF
EBE6E6
ECE9E8
F4F1F0
F4F1F0
F4F1F0
F4F1F0
F4F1F0
F4F1F0
F7F4F3
DDDDE1
AEAEB2
B8BFC9
B7BEC8
C1BEC6
9D9AA2
C0AEAE
BCAAAA
A69494
C4B2B2
C3B1B1
C4B2B2
C4B3B0
C4B3B0
C4B3B0
C4B3B0
C4B2B2
C1AFAF
B3A1A1
C4B2B2
C3B1B1
C3B1B1
C4B3B0
C4B3B0
C4B3B0
C4B3B0
C4B3B0
C4B3B0
C4B3B0
C4B3B0
C4B3B0
C8B7B4
C4B3B0
C4B3B0
C4B3B0
C4B3B0
C4B3B0
C4B3B0
C4B3B0
C5B4B1
C1ACAB
B39E9D
C5B3B3
C4B2B2
C4B2B2
C4B2B2
C4B3B0
C4B3B0
C4B3B0
C4B3B0
C5B1B2
B4A0A1
C3AFB0
C4B0B1
C9B2B1
BAA3A2
C1AEAC
C6B3B1
C4B3B0
C4B3B0
C4B3B0
C4B3B0
C4B3B0
C4B3B0
C4B3B0
C4B3B0
C4B3B0
C4B3B0
C4B3B0
C4B3B0
C4B3B0
C4B3B0
C3B2AF
C4B3B0
CEBDBA
C4B3B0
C5B2B0
C3B0AE
B29F9D
C1AEAC
C8B4B5
BEAAAB
917D7E
B9A5A6
C6B5B2
C4B3B0
C4B3B0
C4B3B0
C4B3B0
C4B3B0
C4B3B0
C4B3B0
C4B3B0
C4B3B0
C4B3B0
C4B3B0
C4B3B0
C8B7B4
A18888
957C7C
C8B3B2
BAA5A4
C4B3B0
C4B3B0
C4B3B0
C4B3B0
C4B3B0
C4B3B0
C4B3B0
C4B3B0
C4B3B0
C4B3B0
C4B3B0
C4B3B0
C4B3B0
C4B3B0
C4B3B0
C4B3B0
C8B1B0
B8A1A0
C2AEAF
C5B1B2
C4B2B2
C2B0B0
CCBABA
C0AEAE
BAAAAA
C3B3B3
C5B0AF
C8B3B2
C1A3A3
B39595
BFADAD
C4B2B2
C0B0B2
C1B1B3
C4B3B0
C4B3B0
C4B3B0
C4B3B0
CBB4B1
AF9895
816866
C3AAA8
C5B4AF
C4B3AE
C4B3AE
C5B4AF
C6AEAA
BEA6A2
B99696
B59292
B49191
B69393
B59797
B49696
B29997
BEA5A3
C3B0AE
C7B4B2
C7B3B4
C5B1B2
C6B2B3
BEAAAB
ABA0A0
C5BABA
F0EFEE
FFFFFF
FFFFFF
FDFFFE
FFFFFF
FFFFFF
FFFEFF
F8F6F7
EDEBEC
EFEDEE
F4F0F1
F3EFF0
F2F0F1
F6F4F5
F5F3F4
F4F2F3
F3F1F2
EAE8E9
ECEAEB
FAF8F9
FFFFFF
FFFFFF
FFFFFF
FFFFFF
FFFFFF
FFFFFF
FFFFFF
FFFFFF
FFFFFF
FFFFFF
FFFFFF
FFFFFF
FFFFFF
FFFFFF
FFFFFF
FFFFFF
FFFFFF
FFFFFF
FFFFFF
FFFFFF
FFFFFF
FFFFFF
FFFFFF
FFFFFF
FFFFFF
FFFFFF
FFFFFF
FFFFFF
FFFFFF
FFFFFF
FFFFFF
FFFFFF
FFFFFF
FFFFFF
F4F1F0
F4F1F0
F4F1F0
F4F1F0
F4F1F0
F4F1F0
F4F1F0
F5F2F1
F3F0EF
F0EDEC
F0EBEB
EFEAEA
F2EDED
F4EFEF
F4F1F0
F4F1F0
F4F1F0
F4F1F0
F4F1F0
F4F1F0
F4F1F0
F4F1F0
F4F1F0
F4F1F0
F4F1F0
F4F1F0
F5F0F0
F5F0F0
EEEBEA
EDEAE9
F4F1F0
F4F1F0
F4F1F0
F4F1F0
F4F1F0
F4F1F0
F8F4F5
CFCBCC
AFB3B9
BDC1C7
B9B0B5
A49BA0
CAB7B5
AA9795
BAA8A8
C6B4B4
C4B2B2
C4B2B2
C4B3B0
C4B3B0
C4B3B0
C4B3B0
C6B4B4
B8A6A6
BCAAAA
C5B3B3
C4B2B2
C4B2B2
C4B3B0
C4B3B0
C4B3B0
C4B3B0
C4B3B0
C4B3B0
C4B3B0
C4B3B0
C4B3B0
C6B5B2
C4B3B0
C4B3B0
C4B3B0
C4B3B0
C4B3B0
C4B3B0
C4B3B0
C4B3B0
C2ADAC
B49F9E
C6B4B4
C4B2B2
C4B2B2
C4B2B2
C4B3B0
C4B3B0
C4B3B0
C4B3B0
C6B2B3
BCA8A9
BCA8A9
C5B1B2
C7B2B1
C2ADAC
B8A3A2
C7B2B1
C4B3B0
C4B3B0
C4B3B0
C4B3B0
C4B3B0
C4B3B0
C4B3B0
C4B3B0
C4B3B0
C4B3B0
C4B3B0
C4B3B0
C4B3B0
C4B3B0
C4B3B0
C4B3B0
C7B6B3
CBBAB7
C1B0AD
C6B5B2
C1AEAC
AE9B99
C3AFB0
C9B5B6
AA9697
927E7F
C3AFB0
C5B1B2
C4B3B0
C4B3B0
C4B3B0
C4B3B0
C4B3B0
C4B3B0
C4B3B0
C4B3B0
C4B3B0
C4B3B0
C4B3B0
C5B4B1
C0A7A7
886F6F
C4ADAC
BEA7A6
BFAEAB
C5B4B1
C4B3B0
C4B3B0
C4B3B0
C4B3B0
C4B3B0
C4B3B0
C4B3B0
C4B3B0
C4B3B0
C4B3B0
C4B3B0
C4B3B0
C4B3B0
C4B3B0
C9B2B1
BBA4A3
BDA7A9
C7B1B3
C4B2B2
C4B2B2
C4B2B2
CEBCBC
B8A6A6
BFADAD
C5B1B2
C5B1B2
CBAFAE
B69A99
B39A98
C6ADAB
C6B4B4
C4B2B2
C4B3B0
C4B3B0
C4B3B0
C4B3B0
C5B2B0
C6B3B1
977E7C
917876
CBB8B4
C4B1AD
C2B3AE
C2B3AE
C4B3AE
C5B4AF
C7AFAB
BEA6A2
BC9797
B79292
B69393
B79494
B19391
B29492
9E8784
A68F8C
B8A5A3
C6B3B1
C8B4B5
C7B3B4
C7B5B5
BBA9A9
ACA3A4
CFC6C7
FAF8F9
FFFFFF
FEFEFE
FEFEFE
FFFFFF
FFFFFF
FDFBFC
F1EFF0
ECEAEB
F1EFF0
F2F0F1
F2F0F1
F5F3F4
F5F3F4
F4F2F3
F5F3F4
F2F0F1
EBE9EA
EEECED
F8F6F7
FDFDFD
FEFEFE
FEFEFE
FFFFFF
FFFFFF
FFFFFF
FFFFFF
FFFFFF
FFFFFF
FFFFFF
FFFFFF
FFFFFF
FFFFFF
FFFFFF
FFFFFF
FFFFFF
FFFFFF
FFFFFF
FFFFFF
FFFFFF
FFFFFF
FFFFFF
FFFFFF
FFFFFF
FFFFFF
FFFFFF
FFFFFF
FFFFFF
FFFFFF
FFFFFF
FFFFFF
FFFFFF
F4F1F0
F4F1F0
F4F1F0
F4F1F0
F4F1F0
F4F1F0
F4F1F0
F4F1F0
F4F1F0
F2EFEE
F1ECEC
F1ECEC
EFEAEA
F1ECEC
F3F0EF
F4F1F0
F4F1F0
F4F1F0
F4F1F0
F4F1F0
F4F1F0
F4F1F0
F4F1F0
F4F1F0
F4F1F0
F4F1F0
F5F0F0
F5F0F0
F5F2F1
EFECEB
ECE9E8
F3F0EF
F4F1F0
F4F1F0
F4F1F0
F4F1F0
F5F2EF
F6F3F0
C0C0C2
B5B5B7
A89FA0
B7AEAF
BFACAA
A89593
C5B3B3
C4B2B2
C4B2B2
C4B2B2
C4B3B0
C4B3B0
C4B3B0
C4B3B0
C4B2B2
B4A2A2
C3B1B1
C4B2B2
C4B2B2
C4B2B2
C4B3B0
C4B3B0
C4B3B0
C4B3B0
C4B3B0
C4B3B0
C4B3B0
C4B3B0
C5B4B1
C5B4B1
C4B3B0
C4B3B0
C4B3B0
C4B3B0
C4B3B0
C4B3B0
C4B3B0
C4B3B0
C3AEAD
B49F9E
C5B3B3
C4B2B2
C4B2B2
C4B2B2
C4B3B0
C4B3B0
C4B3B0
C4B3B0
C5B1B2
C3AFB0
BAA6A7
C6B2B3
C4B0B1
C7B3B4
BCA7A4
BFAAA7
C5B4B1
C4B3B0
C4B3B0
C4B3B0
C4B3B0
C4B3B0
C4B3B0
C4B3B0
C4B3B0
C4B3B0
C4B3B0
C4B3B0
C4B3B0
C4B3B0
C4B3B0
C4B3B0
C2B1AE
CAB9B6
C8B7B4
C2B1AE
C7B4B2
BFACAA
B09C9D
C7B3B4
C5B1B2
958182
A49091
C8B4B5
C4B3B0
C4B3B0
C4B3B0
C4B3B0
C4B3B0
C4B3B0
C4B3B0
C4B3B0
C4B3B0
C4B3B0
C4B3B0
C3B2AF
CCB3B3
9F8686
B59C9C
C4ABAB
BAA7A5
C6B3B1
C4B3B0
C4B3B0
C4B3B0
C4B3B0
C4B3B0
C4B3B0
C4B3B0
C4B3B0
C4B3B0
C4B3B0
C4B3B0
C4B3B0
C4B3B0
C4B3B0
C7B2B1
C1ACAB
B7A2A1
C7B2B1
C4B2B2
C4B2B2
C2B0B0
CAB8B8
CCBABA
B5A3A3
C1AFAF
C4B2B2
C9B3AE
BFA9A4
B0928E
B79995
C2AFAD
C6B3B1
C4B3B0
C4B3B0
C4B3B0
C4B3B0
C3B2AF
C5B4B1
C4ABA9
7D6462
A28F8B
C9B6B2
C3B2AD
C4B3AE
C2B3AE
C2B3AE
C5B4AF
C5B4AF
C7B1AC
BEA8A3
BA9996
B69592
B79290
B79290
A48986
8B706D
887774
968582
A49294
BEACAE
BFABAC
C6B2B3
C5B3B3
B5A3A3
B1A8A9
E0D7D8
FFFFFF
FFFFFF
FEFFFF
FDFFFE
FEFEFE
FEFEFE
F9F7F8
EEECED
EDEBEC
F2F0F1
F3F1F2
F6F4F5
F5F3F4
F3F1F2
F3F1F2
F5F3F4
F2F0F1
EDEBEC
EEECED
F5F3F4
FDFBFC
FFFEFF
FFFFFF
FFFFFF
FFFFFF
FFFFFF
FFFFFF
FFFFFF
FFFFFF
FFFFFF
FFFFFF
FFFFFF
FFFFFF
FFFFFF
FFFFFF
FFFFFF
FFFFFF
FFFFFF
FFFFFF
FFFFFF
FFFFFF
FFFFFF
FFFFFF
FFFFFF
FFFFFF
FFFFFF
FFFFFF
FFFFFF
FFFFFF
FFFFFF
F4F1F0
F4F1F0
F4F1F0
F4F1F0
F4F1F0
F4F1F0
F4F1F0
F4F1F0
F4F1F0
F4F1F0
F1ECEC
F2EDED
F4EFEF
F1ECEC
F0EBEB
F2EDED
F4EFEF
F5F0F0
F4F1F0
F4F1F0
F4F1F0
F4F1F0
F4F1F0
F4F1F0
F4F1F0
F4F1F0
F4F1F0
F4F1F0
F5F0F0
F6F1F1
F2EDED
EDE8E8
F3EEEE
F5F0F0
F5F0F0
F5F0F0
F5F0F0
F6F1F1
F7EEF1
C7BEC1
9E8C8E
C9B7B9
B19F9F
B9A7A7
C5B3B3
C4B2B2
C4B2B2
C4B2B2
C4B2B2
C4B2B2
C4B2B2
C5B3B3
BEACAC
B7A5A5
C5B3B3
C4B2B2
C4B2B2
C4B2B2
C4B3B0
C4B3B0
C4B3B0
C4B3B0
C4B3B0
C4B3B0
C5B2B0
C5B2B0
C3B0AE
C5B2B0
C4B3B0
C4B3B0
C4B3B0
C4B3B0
C4B3B0
C4B3B0
C4B3B0
C4B3B0
C3B0AE
B8A5A3
C4B2B2
C4B2B2
C4B2B2
C4B2B2
C4B3B0
C4B3B0
C4B3B0
C4B3B0
C3B2AF
C4B3B0
BCAAAA
C2B0B0
C5B1B2
C5B1B2
C7B0AF
BAA3A2
C3B0AE
C5B2B0
C4B3B0
C4B3B0
C4B3B0
C4B3B0
C4B3B0
C4B3B0
C4B3B0
C4B3B0
C4B3B0
C4B3B0
C4B3B0
C4B3B0
C2B3B0
C2B3B0
C3B2AF
C5B4B1
CCBBB8
C3B2AF
C4B1AF
C7B4B2
BDAAA8
AF9C9A
C9B5B6
B7A3A4
8A7677
BAA6A7
C5B3B3
C3B1B1
C4B3B0
C4B3B0
C4B3B0
C4B3B0
C4B3B0
C4B3B0
C4B3B0
C4B3B0
C4B3B0
C4B3B0
C8B3B2
BAA5A4
AF9696
C8AFAF
B7A2A1
C7B2B1
C4B3B0
C4B3B0
C4B3B0
C4B3B0
C4B3B0
C4B3B0
C4B3B0
C4B3B0
C4B3B0
C4B3B0
C4B3B0
C4B3B0
C4B3B0
C4B3B0
C5B2B0
C5B2B0
B59E9D
C5AEAD
C4B2B2
C4B2B2
C3B1B1
C4B2B2
CFBDBD
C3B1B1
B5A1A2
C5B1B2
C5B2AE
C4B1AD
BE9B97
B3908C
B59A97
C9AEAB
C5B3B3
C4B2B2
C4B3B0
C4B3B0
C3B2AF
C3B2AF
CAB5B4
A79291
705D5B
AC9997
C7B6B1
C2B1AC
C4B3AE
C4B3AE
C4B3B0
C4B3B0
C4B3B0
C5B4B1
C7B0AD
BDA6A3
BB9694
B6918F
B59491
A1807D
8C7776
8B7675
7F7172
CABCBD
CCC1C1
B5AAAA
BBA9A9
C4B2B2
C1AFAF
B09E9E
BAB2B1
F1E9E8
FFFFFF
FEFEFE
FEFEFE
FEFEFE
FFFEFF
FEFCFD
F3F1F2
ECEAEB
F1EFF0
F3F1F2
F5F3F4
F5F3F4
F3F1F2
F2F0F1
F4F2F3
F5F3F4
F3F1F2
EEECED
EDEBEC
F1EFF0
FAF8F9
FFFEFF
FFFEFF
FFFDFE
FFFDFE
FFFEFF
FFFFFF
FFFFFF
FFFFFF
FFFFFF
FFFFFF
FFFFFF
FFFFFF
FFFFFF
FFFFFF
FFFFFF
FFFFFF
FFFFFF
FFFFFF
FFFFFF
FFFFFF
FFFFFF
FFFFFF
FFFFFF
FFFFFF
FFFFFF
FFFFFF
FFFFFF
F4F1F0
F4F1F0
F4F1F0
F4F1F0
F4F1F0
F4F1F0
F4F1F0
F4F1F0
F4F1F0
F4F1F0
F5F0F0
F0EBEB
F5F0F0
F6F1F1
F4EFEF
F0EBEB
F1ECEC
F3EEEE
F5F0F0
F5F0F0
F4F1F0
F4F1F0
F4F1F0
F4F1F0
F4F1F0
F4F1F0
F4F1F0
F4F1F0
F5F0F0
F4EFEF
F5F0F0
F3EEEE
EEE9E9
EFEAEA
F5F0F0
F5F0F0
F5F0F0
F5F0F0
FDF4F5
D5CCCD
B09EA0
C6B4B6
B09E9E
C4B2B2
C4B2B2
C4B2B2
C4B2B2
C4B2B2
C4B2B2
C4B2B2
C4B2B2
C5B3B3
B7A5A5
BEACAC
C4B2B2
C4B2B2
C4B2B2
C4B2B2
C4B3B0
C4B3B0
C4B3B0
C4B3B0
C4B3B0
C4B3B0
C5B2B0
C5B2B0
BCA9A7
C4B1AF
C4B3B0
C4B3B0
C4B3B0
C4B3B0
C4B3B0
C4B3B0
C4B3B0
C4B3B0
C5B2B0
B9A6A4
C3B1B1
C4B2B2
C4B2B2
C4B2B2
C4B3B0
C4B3B0
C4B3B0
C4B3B0
C4B3B0
C4B3B0
C1AFAF
BFADAD
C6B2B3
C5B1B2
C7B2B1
C1ACAB
BAA7A5
C5B2B0
C4B3B0
C4B3B0
C4B3B0
C4B3B0
C4B3B0
C4B3B0
C4B3B0
C4B3B0
C4B3B0
C4B3B0
C4B3B0
C4B3B0
C4B3B0
C4B3B0
C3B2AF
C3B2AF
C8B7B4
C8B7B4
C4B1AF
C5B2B0
C7B4B2
B8A5A3
AA9697
C8B4B5
A08C8D
968283
C4B2B2
C4B2B2
C4B3B0
C4B3B0
C4B3B0
C4B3B0
C4B3B0
C4B3B0
C4B3B0
C4B3B0
C4B3B0
C4B3B0
C5B2B0
C4B1AF
AF9897
C7B0AF
B9A2A1
C7B0AF
C4B3B0
C4B3B0
C4B3B0
C4B3B0
C4B3B0
C4B3B0
C4B3B0
C4B3B0
C4B3B0
C4B3B0
C4B3B0
C4B3B0
C4B3B0
C4B3B0
C4B1AF
C6B3B1
BBA4A3
BCA5A4
C6B4B4
C4B2B2
C4B2B2
C3B1B1
C8B6B6
D0BEBE
BEAAAB
BAA6A7
C6B3B1
C5B2B0
C9ABA7
B49692
B3908E
BB9896
C3B0AE
C6B3B1
C2B3B0
C2B3B0
C4B3B0
C4B3B0
C5B2B0
C5B2B0
816E6C
7C6967
AF9E9B
C8B7B4
C4B3AE
C4B3AE
C4B3B0
C4B3B0
C4B3B0
C4B3B0
C4B3B0
C5B4B1
C8ADAA
BCA19E
B79492
B3908E
937A78
8D7472
7C7171
A49999
FFFFFF
F3EEEE
D7CECD
BBB2B1
BCAAAA
C2B0B0
BDABAB
B19F9F
CAC7C6
FCF9F8
FFFFFF
FEFEFE
FEFEFE
FEFEFE
FFFFFF
F9F9F9
EDEBEC
ECEAEB
F2F0F1
F4F2F3
F5F3F4
F3F1F2
F3F1F2
F2F0F1
F3F1F2
F4F2F3
F4F2F3
F1EFF0
EEECED
F0EEEF
F6F4F5
FCFAFB
FFFEFF
FFFFFF
FFFFFF
FFFFFF
FFFFFF
FFFFFF
FFFFFF
FFFFFF
FFFFFF
FFFFFF
FFFFFF
FFFFFF
FFFFFF
FFFFFF
FFFFFF
FFFFFF
FFFFFF
FFFFFF
FFFFFF
FFFFFF
FFFFFF
FFFFFF
FFFFFF
FFFFFF
F4F1F0
F4F1F0
F4F1F0
F4F1F0
F4F1F0
F4F1F0
F4F1F0
F4F1F0
F4F1F0
F4F1F0
F4F1F0
F1EEED
EBE6E6
F5F0F0
F5F0F0
F4EFEF
F2EDED
F1ECEC
F3EEEE
F4EFEF
F4F1F0
F4F1F0
F4F1F0
F4F1F0
F4F1F0
F4F1F0
F4F1F0
F4F1F0
F4F1F0
F4F1F0
F4F1F0
F4F1F0
F5F0F0
F1ECEC
EFEAEA
F3EEEE
F5F0F0
F4EFEF
FAEFF1
B3A8AA
BFADAD
BAA8A8
B7A5A5
C6B4B4
C4B2B2
C4B2B2
C4B2B2
C4B2B2
C4B2B2
C4B2B2
C4B2B2
C4B2B2
B5A3A3
C3B1B1
C4B2B2
C4B2B2
C4B2B2
C4B2B2
C4B3B0
C4B3B0
C4B3B0
C4B3B0
C4B3B0
C4B3B0
C5B2B0
C4B1AF
BEABA9
C4B1AF
C4B3B0
C4B3B0
C4B3B0
C4B3B0
C4B3B0
C4B3B0
C4B3B0
C4B3B0
C5B2B0
B9A6A4
C4B2B2
C4B2B2
C4B2B2
C4B2B2
C4B3B0
C4B3B0
C4B3B0
C4B3B0
C4B3B0
C4B3B0
C4B2B2
BDABAB
C4B2B2
C4B2B2
C5B1B2
C6B2B3
BCA7A6
C0ABAA
C4B3B0
C4B3B0
C4B3B0
C4B3B0
C4B3B0
C4B3B0
C4B3B0
C4B3B0
C4B3B0
C4B3B0
C2B3B0
C3B4B1
C3B2AF
C4B3B0
C7B6B3
C5B4B1
C4B3B0
C9B8B5
C5B4B1
C4B3B0
C5B2B0
C9B6B4
AC9899
A59192
C3AFB0
8F7B7C
A89495
C7B3B4
C4B3B0
C4B3B0
C4B3B0
C4B3B0
C4B3B0
C4B3B0
C4B3B0
C4B3B0
C4B3B0
C4B3B0
C5B2B0
C7B4B2
B7A09F
C4ADAC
BCA5A2
C3ACA9
C5B4B1
C4B3B0
C4B3B0
C4B3B0
C4B3B0
C4B3B0
C4B3B0
C4B3B0
C4B3B0
C4B3B0
C4B3B0
C4B3B0
C4B3B0
C4B3B0
C4B3B0
C4B3B0
C2ABA8
B69F9C
C6B3B1
C4B1AF
C4B3B0
C3B2AF
C3B2AF
CBBAB7
CBB7B8
B8A4A5
C0ACAD
C6B2B3
CBB3AF
BAA29E
B7908D
B68F8C
B59C9A
C7AEAC
C3B4B1
C2B3B0
C4B3B0
C4B3B0
C4B1AF
C9B6B4
A08D8B
7B6866
816E6C
B4A19F
C8B7B4
C3B2AF
C3B2AF
C4B3B0
C4B3B0
C4B3B0
C4B3B0
C3B2AF
C5B4B1
C4B3B0
C6A8A6
B99B99
AA8F8C
8E7370
817678
827779
E0DDDC
FFFFFF
FFFFFF
FBFAF9
E3DBDA
C3BBBA
BCA8A9
C2AEAF
B5A5A5
B8A8A8
E1DEDD
FFFFFF
FFFFFF
FDFFFE
FEFEFE
FFFFFF
FEFEFE
F3F3F3
EBE9EA
F0EEEF
F5F3F4
F5F3F4
F4F2F3
F2F0F1
F2F0F1
F2F0F1
F2F0F1
F3F1F2
F4F2F3
F5F3F4
F1EFF0
EFEDEE
F1EFF0
F7F5F6
FCFAFB
FFFEFF
FFFFFF
FFFEFF
FFFFFF
FFFFFF
FFFFFF
FFFFFF
FFFFFF
FFFFFF
FFFFFF
FFFFFF
FFFFFF
FFFFFF
FFFFFF
FFFFFF
FFFFFF
FFFFFF
FFFFFF
FFFFFF
FFFFFF
FFFFFF
F4F1F0
F2EFEE
F3F0EF
F4F1F0
F4F1F0
F4F1F0
F4F1F0
F4F1F0
F4F1F0
F4F1F0
F4F1F0
F5F2F1
EFEAEA
EDE8E8
F5F0F0
F5F0F0
F5F0F0
F4EFEF
F2EDED
F2EDED
F3F0EF
F4F1F0
F4F1F0
F4F1F0
F4F1F0
F4F1F0
F4F1F0
F4F1F0
F4F1F0
F4F1F0
F4F1F0
F4F1F0
F4F1F0
F4F1F0
F3EEEE
EEE9E9
EFEAEA
F8F3F3
E7D9DC
AB9DA0
C7B5B5
B5A3A3
C0AEAE
C4B2B2
C4B2B2
C4B2B2
C4B2B2
C4B2B2
C4B2B2
C4B2B2
C4B2B2
C0AEAE
B5A3A3
C6B4B4
C4B2B2
C4B2B2
C4B2B2
C4B2B2
C4B3B0
C4B3B0
C4B3B0
C4B3B0
C4B3B0
C4B3B0
C5B2B0
C3B0AE
B8A5A3
C5B2B0
C4B3B0
C4B3B0
C4B3B0
C4B3B0
C4B3B0
C4B3B0
C4B3B0
C4B3B0
C6B3B1
BCA9A7
C5B3B3
C4B2B2
C4B2B2
C4B2B2
C4B3B0
C4B3B0
C4B3B0
C4B3B0
C4B3B0
C4B3B0
C4B2B2
C0AEAE
C1AFAF
C4B2B2
C5B1B2
C4B0B1
C4AEB0
BDA7A9
C3B0AE
C5B2B0
C4B3B0
C4B3B0
C4B3B0
C4B3B0
C4B3B0
C4B3B0
C1B2AF
CABBB8
E0D6D1
DFD5D0
CABBB8
C3B4B1
E4D5D2
E2D3D0
C7B6B3
C6B5B2
C8B7B4
C4B3B0
C5B2B0
C5B2B0
C7B3B4
9E8A8B
A69293
B19D9E
8A7677
BAA6A7
C6B5B2
C4B3B0
C4B3B0
C4B3B0
C4B3B0
C4B3B0
C4B3B0
C4B3B0
C4B3B0
C4B3B0
C4B3B0
C5B4B1
BEA7A6
C0A9A8
C1AAA7
BEA7A4
C6B5B2
C4B3B0
C4B3B0
C4B3B0
C4B3B0
C4B3B0
C4B3B0
C4B3B0
C4B3B0
C4B3B0
C4B3B0
C4B3B0
C4B3B0
C4B3B0
C4B3B0
C3B2AF
C8AFAD
B59C9A
C1AEAA
C6B3AF
C2B3B0
C1B2AF
C4B3B0
C5B4B1
D0BCBD
C5B1B2
B7A3A4
C4B0B1
C6B1AE
C3AEAB
B8948D
B7938C
B3928F
BC9B98
C3B0AE
C5B2B0
C4B3B0
C4B3B0
C5B2B0
C5B2B0
C1AEAC
7B6866
84716F
7F6C6A
B7A6A3
C8B7B4
C3B2AF
C4B3B0
C4B3B0
C4B3B0
C4B3B0
C4B3B0
C2B3B0
C1B2AF
C6B1B0
C4AFAE
BEA19F
A68987
837171
827070
9D9898
FFFBFB
FEFFFD
FFFFFF
FFFFFF
FDFFFD
EEE6E5
CAC2C1
BCAAAA
BCAAAA
B2A7A7
C8BDBD
F2EFEE
FFFFFF
FFFFFF
FEFFFF
FFFFFF
FFFFFF
F9F9F9
ECECEC
EBE9EA
F3F1F2
F6F4F5
F4F2F3
F3F1F2
F3F1F2
F4F0F1
F4F0F1
F2F0F1
F2F0F1
F4F2F3
F5F3F4
F4F2F3
F1EFF0
EFEDEE
F0EEEF
F4F2F3
FAF8F9
FEFCFD
FFFEFF
FFFFFF
FFFFFF
FFFFFF
FFFFFF
FFFFFF
FFFFFF
FFFFFF
FFFFFF
FFFFFF
FFFFFF
FFFFFF
FFFFFF
FFFFFF
FFFFFF
FFFFFF
FFFFFF
EDEAE9
F5F2F1
F4F1F0
F4F1F0
F4F1F0
F4F1F0
F4F1F0
F4F1F0
F4F1F0
F4F1F0
F4F1F0
F4F1F0
F7EFF0
F0E8E9
F0EBEB
F4EFEF
F5F0F0
F5F0F0
F5F0F0
F3EEEE
F1EEED
F2EFEE
F4F1F0
F4F1F0
F4F1F0
F4F1F0
F4F1F0
F4F1F0
F4F1F0
F4F1F0
F4F1F0
F4F1F0
F4F1F0
F4F1F0
F6F1F1
F4EFEF
F1ECEC
F3EEEE
C2B2B6
B8A8AC
C6B5B2
B8A7A4
C4B2B2
C3B1B1
C4B2B2
C4B2B2
C4B2B2
C4B2B2
C4B2B2
C4B2B2
C4B2B2
B9A7A7
BAA8A8
C5B3B3
C4B2B2
C4B2B2
C4B3B0
C4B3B0
C4B3B0
C4B3B0
C4B3B0
C4B3B0
C4B3B0
C4B3B0
C5B2B0
C2AFAD
B6A3A1
C6B3B1
C4B3B0
C4B3B0
C4B3B0
C4B3B0
C4B3B0
C4B3B0
C4B3B0
C4B3B0
C5B4B1
BBAAA7
C5B3B3
C4B2B2
C3B2AF
C4B3B0
C4B3B0
C4B3B0
C4B3B0
C4B3B0
C4B3B0
C4B3B0
C4B2B2
C4B2B2
C1AFAF
C4B2B2
C4B2B2
C3B1B1
C6B0B2
C2ACAE
BDAAA8
C5B2B0
C4B3B0
C4B3B0
C4B3B0
C4B3B0
C4B3B0
C4B3B0
C0B1AE
D6C7C4
F4EDE7
F2EBE5
EAE0DB
CCC2BD
D6C9C5
EDE0DC
CCBDBA
C0B1AE
C8B7B4
C5B4B1
C3B2AF
C4B3B0
C6B2B3
C5B1B2
937D7F
A89294
9D898A
948081
C3B2AF
C5B4B1
C4B3B0
C4B3B0
C4B3B0
C4B3B0
C4B3B0
C4B3B0
C4B3B0
C4B3B0
C4B3B0
C4B3B0
C3ACAB
BCA5A4
C5AEAB
B9A29F
C6B5B2
C4B3B0
C4B3B0
C4B3B0
C4B3B0
C4B3B0
C4B3B0
C4B3B0
C4B3B0
C4B3B0
C4B3B0
C4B3B0
C4B3B0
C4B3B0
C4B3B0
C4B3B0
CAB1AF
BBA2A0
BAA5A2
C8B3B0
C2B3AE
C1B2AD
C3B2AF
C4B3B0
CCB8B9
CEBABB
BEABA9
B8A5A3
C6B1B0
C8B3B2
C2A19C
B1908B
B8918E
B7908D
B8A19E
C8B1AE
C4B3B0
C4B3B0
C5B2B0
C4B1AF
CAB7B5
94817F
7C6967
887573
7F6C6A
BAA7A5
C7B6B3
C3B2AF
C4B3B0
C4B3B0
C4B3B0
C4B3B0
C4B3B0
C4B3B0
C2B3B0
C2B3B0
CCB0AF
C0A4A3
9A8382
866F6E
7E7576
D1C8C9
FFFFFF
FFFFFE
FDFFFD
FDFFFD
FFFFFF
FFFFFF
F2EDEB
CDC8C6
BFADAD
B6A4A4
B6ABAB
D5CACA
ECEDEB
FFFFFF
FFFFFF
FDFFFE
FFFFFF
FEFEFE
F4F2F3
EBE9EA
F1EFF0
F6F4F5
F4F2F3
F3F1F2
F4F0F1
F4F0F1
F2F0F1
F2F0F1
F1EFF0
F2F0F1
F3F1F2
F5F3F4
F7F5F6
F6F4F5
F3F1F2
F0EEEF
EEECED
F0EEEF
F5F5F5
FBFBFB
FEFEFE
FFFFFF
FFFFFF
FFFFFF
FFFFFF
FFFFFF
FFFFFF
FFFFFF
FFFFFF
FFFFFF
FFFFFF
FFFFFF
FFFFFF
FFFFFF
EEE9E7
F3EEEC
F4F1F0
F4F1F0
F4F1F0
F4F1F0
F4F1F0
F4F1F0
F4F1F0
F4F1F0
F4F1F0
F4F1F0
F4EFEF
F2EDED
F2EAEB
F2EAEB
F2EDED
F4EFEF
F4F1F0
F4F1F0
F3F0EF
F1EEED
F2EFEE
F3F0EF
F4F1F0
F4F1F0
F4F1F0
F4F1F0
F4F1F0
F4F1F0
F4F1F0
F4F1F0
F4F1F0
F4F1F0
F2F1F0
F2F1F0
F7F2F2
EEE9E9
AD9D9D
C1B1B1
C1AFAF
B9A7A7
C5B4B1
C4B3B0
C4B3B0
C4B3B0
C4B3B0
C4B3B0
C4B2B2
C3B1B1
C4B2B2
B5A3A3
C0AFAC
C4B3B0
C4B3B0
C4B3B0
C4B3B0
C4B3B0
C4B3B0
C1B0AD
C3B2AF
C4B3B0
C4B3B0
C4B3B0
C6B1B0
C1ACAB
B5A09F
C7B2B1
C4B3B0
C4B3B0
C4B3B0
C4B3B0
C4B3B0
C4B3B0
C4B3B0
C4B3B0
C4B3B0
BBAAA7
C4B3B0
C5B4B1
C3B2AF
C4B3B0
C4B3B0
C4B3B0
C4B3B0
C4B3B0
C4B3B0
C4B3B0
C4B3B0
C4B3B0
C4B2B2
C4B2B2
C4B2B2
C4B2B2
C4B2B2
C4B2B2
BDAAA8
C1AEAC
C5B4B1
C4B3B0
C4B3B0
C4B3B0
C4B3B0
C4B3B0
C1B2AF
C9BAB7
E9E1DE
F1E9E6
EEE9E5
E4DFDB
C9BBBA
C6B8B7
C5B3B3
C4B2B2
C5B3B3
C8B6B6
C4B2B2
C4B2B2
C4B2B2
C7B5B5
BFA1A3
8A6C6E
9E8A8B
8A7677
A69391
C7B4B2
C4B3B0
C4B3B0
C4B3B0
C4B3B0
C4B3B0
C4B3B0
C4B3B0
C4B3B0
C4B3B0
C4B3B0
C6AFAE
BCA5A4
C7B0AD
B8A19E
C5B4B1
C4B3B0
C4B3B0
C4B3B0
C4B3B0
C4B3B0
C4B3B0
C4B3B0
C4B3B0
C4B3B0
C4B3B0
C4B3B0
C4B3B0
C4B3B0
C4B3B0
C4B3B0
C7B2AF
C0ABA8
B59E9B
C8B1AE
C4B3AE
C3B2AD
C3B2AF
C4B3B0
C5B4B1
CFBEBB
C4B2B2
B7A5A5
BFACAA
C7B4B2
CBB0AD
B19693
B78F8A
B9918C
B19292
BFA0A0
C5B4B1
C3B2AF
C4B1AF
C5B2B0
C8B5B3
B5A2A0
786563
A18E8C
8D7A78
776462
B9A8A5
C6B5B2
C3B2AF
C4B3B0
C4B3B0
C4B3B0
C4B3B0
C4B3B0
C4B3B0
C4B3B0
C5B2B0
C5B2B0
C0ADAB
927F7D
7E6E70
978789
F8F5F4
FFFFFE
FEFEFE
FFFFFF
FFFFFF
FFFFFF
FFFFFF
FFFFFF
F6F1F1
D2CDCD
BCACAE
B3A3A5
B2A4A5
C2B4B5
E0DFDE
FCFBFA
FFFFFF
FFFFFF
FFFEFF
FBF9FA
EFEDEE
EEECED
F5F4F3
F6F5F4
F5F2F1
F4F1F0
F4F1F0
F4F1F0
F4F1F0
F4F1F0
F4F1F0
F4F1F0
F3F1F2
F4F2F3
F6F4F5
F8F6F7
F8F6F7
F5F3F4
F2F0F1
EFEDEE
EEECED
F0EEEF
F5F3F4
F9F7F8
FDFBFC
FFFEFF
FFFFFF
FFFFFF
FFFFFF
FFFFFF
FFFFFF
FFFFFF
FFFFFF
FFFFFF
FAF1F0
EEE5E4
F3EEEE
F4EFEF
F4EFEF
F3EEEE
F3F0EF
F4F1F0
F5F2F1
F5F2F1
F4F1F0
F4F1F0
F4EFEF
F6F1F1
F2EAEB
F9F1F2
F3EBEC
F4ECED
F5F0F0
F4EFEF
F4F1F0
F4F1F0
F2EFEE
F1EEED
F2EFEE
F4F1F0
F4F1F0
F4F1F0
F4F1F0
F4F1F0
F4F1F0
F4F1F0
F4F1F0
F4F1F0
F4F1F0
F4F1F0
FAF2F3
D4CCCD
B19F9F
C6B4B4
BCAAAA
BAA8A8
C5B4B1
C4B3B0
C4B3B0
C4B3B0
C4B3B0
C4B3B0
C4B2B2
C3B1B1
C3B1B1
B3A1A1
C3B2AF
C4B3B0
C4B3B0
C4B3B0
C4B3B0
C4B3B0
C5B4B1
BCABA8
C2B1AE
C5B4B1
C4B3B0
C4B3B0
C9B2B1
B9A2A1
B09B98
C8B3B0
C4B3B0
C4B3B0
C4B3B0
C4B3B0
C4B3B0
C4B3B0
C4B3B0
C4B3B0
C4B3B0
BFAEAB
C0AFAC
C7B6B3
C3B2AF
C4B3B0
C4B3B0
C4B3B0
C4B3B0
C4B3B0
C4B3B0
C4B3B0
C4B3B0
C4B3B0
C4B3B0
C4B3B0
C4B2B2
C4B2B2
C4B2B2
C4B2B2
C4B1AF
BCA9A7
C3B2AF
C5B4B1
C4B3B0
C4B3B0
C4B3B0
C4B3B0
C4B3B0
C2B1AE
D1C8C5
EFE6E3
EEE9E5
EEE9E5
DDCFCE
C0B2B1
C4B2B2
C4B2B2
C3B1B1
C8B6B6
C6B4B4
C4B2B2
C2B2B2
C1B1B1
D2B3B5
A8898B
7F6568
8F7578
887475
B7A3A4
C7B3B4
C5B1B2
C2B3B0
C2B3B0
C4B3B0
C4B3B0
C4B3B0
C4B3B0
C4B3B0
C4B3B0
C6B1B0
B8A3A2
C7B0AF
B9A2A1
C3B0AE
C5B2B0
C4B3B0
C4B3B0
C4B3B0
C4B3B0
C4B3B0
C4B3B0
C4B3B0
C4B3B0
C4B3B0
C4B3B0
C4B3B0
C4B3B0
C4B3B0
C4B3B0
C5B2AE
C5B2AE
B39C99
C1AAA7
C5B4AF
C3B2AD
C3B2AF
C4B3B0
C3B2AF
C9B8B5
CCB9B7
C3B0AE
B7A4A2
C5B2B0
C9B2AF
C0A9A6
B28D89
B7928E
B89190
B89190
BCA5A2
C9B2AF
C3B2AF
C4B3B0
C6B3B1
C7B4B2
826F6D
A08D8B
C2AFAD
917E7C
756260
BDAAA8
C7B6B3
C4B3B0
C3B2AF
C4B3B0
C4B3B0
C4B3B0
C4B3B0
C4B3B0
C5B2B0
C4B1AF
C7B4B2
C0ADAB
867474
7E6C6C
B7B2B2
FFFFFF
FFFFFF
FFFFFF
FFFFFF
FFFFFF
FFFFFF
FEFEFE
FFFFFF
FFFFFF
F7F2F2
D3CECE
BDADAF
B5A5A7
B5A7AA
C1B3B6
D6D2D3
F5F1F2
FFFFFF
FFFFFF
FFFEFF
F4F2F3
ECEBEA
F3F2F1
F9F6F5
F5F2F1
F4F1F0
F3F0EF
F4F1F0
F4F1F0
F4F1F0
F4F1F0
F4F1F0
F4F1F0
F4F1F0
F5F2F1
F5F3F4
F6F4F5
F8F6F7
F8F6F7
F7F5F6
F4F2F3
F1EFF0
EFEDEE
EEECED
EEECED
EFEFEF
F4F4F4
F5F5F5
FAFAFA
FDFDFD
FEFEFE
FFFFFF
FFFFFF
F8EDED
F0E5E5
EBE6E4
F3EEEC
F1ECEC
F0EBEB
F0EBEB
EFEAEA
EFEAEA
F1ECEC
F3F0EF
F4F1F0
F4EFEF
F5F0F0
F4ECED
F4ECED
FCF4F5
F3EBEC
F2EDED
F5F0F0
F3F0EF
F3F0EF
F4F1F0
F3F0EF
F2EFEE
F2EFEE
F2EFEE
F3F0EF
F3EEEE
F1ECEC
F3EEEE
F3EEEE
F2EFEE
F1EEED
F3EEEE
F2EDED
F8EDEF
B4A9AB
BBA9A9
C5B3B3
BAA8A8
C0AEAE
C4B3B0
C4B3B0
C4B3B0
C4B3B0
C4B3B0
C4B3B0
C4B2B2
C4B2B2
C2B0B0
B2A0A0
C5B4B1
C4B3B0
C4B3B0
C4B3B0
C4B3B0
C3B2AF
C5B4B1
BBAAA7
C1B0AD
C4B3B0
C3B2AF
C4B3B0
CCB3B3
B49B9B
B09996
CBB4B1
C4B3B0
C4B3B0
C4B3B0
C4B3B0
C4B3B0
C4B3B0
C4B3B0
C4B3B0
C4B3B0
C2B1AE
BDACA9
C9B8B5
C3B2AF
C4B3B0
C4B3B0
C4B3B0
C4B3B0
C4B3B0
C4B3B0
C4B3B0
C4B3B0
C4B3B0
C4B3AE
C3B2AD
C5B2B0
C5B2B0
C4B2B2
C4B2B2
C4B3B0
C0AFAC
BDAAA6
C5B2AE
C4B3B0
C4B3B0
C4B3B0
C4B3B0
C4B3B0
C3B2AF
C1B4B0
DCCFCB
EFE7E4
F1E9E6
E5D7D6
C3B5B4
C3B1B1
C4B2B2
C3B1B1
C4B2B2
C9B7B7
C3B1B1
C4B2B2
C4B2B2
C9B1B3
C9B1B3
906267
8D5F64
837373
918181
C4B0B1
C6B2B3
C4B3B0
C4B3B0
C4B3B0
C4B3B0
C4B3B0
C4B3B0
C4B3B0
C4B3B0
C7B2B1
BAA5A4
C6AFAE
BDA6A5
BFACAA
C6B3B1
C4B3B0
C4B3B0
C4B3B0
C4B3B0
C4B3B0
C4B3B0
C4B3B0
C4B3B0
C4B3B0
C4B3B0
C4B3B0
C4B3B0
C4B3B0
C4B3B0
C5B2B0
C6B3B1
BBA2A0
B9A09E
C5B4AF
C3B2AD
C4B3B0
C4B3B0
C4B3B0
C3B2AF
CEBDBA
C8B7B4
BFACAA
BAA7A5
C7B4B2
C8B5B3
BB9D9B
AE908E
BB9290
B88F8D
B29492
C4A6A4
C6B5B2
C5B4B1
C5B2B0
CAB7B5
9F8C8A
857270
C8B5B3
C8B5B3
9E8B89
7D6A68
BDACA9
C6B5B2
C4B3B0
C4B3B0
C4B3B0
C4B3B0
C4B3B0
C4B3B0
C4B3B0
C4B3B0
C4B3B0
C7B6B3
B7A6A3
857471
827978
E9E0DF
FFFFFF
FFFFFF
FFFFFF
FFFFFF
FFFFFF
FFFFFF
FDFFFE
FDFFFE
FFFFFF
FFFFFF
FAF5F5
D8D3D3
C5B3B7
BCAAAE
B4A4A8
B8A8AC
C4BFBF
E2DDDD
F7F8F6
FFFFFF
FEFFFD
EFF0EE
EDEEEC
F5F6F4
F4F3F2
F2F1F0
F4F1F0
F4F1F0
F4F1F0
F4F1F0
F4F1F0
F4F1F0
F4F1F0
F3F0EF
F3F0EF
F4F1F0
F5F1F2
F6F2F3
F6F4F5
F8F6F7
F9F7F8
F9F7F8
F8F6F7
F6F4F5
F4F2F3
F1EFF0
EEECED
EDEBEC
EDEBEC
EEECED
F1EFF0
F2F0F1
FDF4F3
FDF4F3
ECE7E5
F2EDEB
F6F1F1
F5F0F0
F5F0F0
F4EFEF
F2EDED
F1ECEC
F4EFEF
F4EFEF
F4F1F0
F4F1F0
F8F0F1
F0E8E9
FBF2F3
FDF4F5
F0EBEB
F0EBEB
F3F0EF
F4F1F0
F3F0EF
F3F0EF
F3F0EF
F3F0EF
F0EBEB
EEE9E9
F0EBEB
F3EEEE
F3EEEE
F2EDED
F2EDED
F1ECEC
F3EBEC
F4ECED
E8DDDF
A69B9D
C4B2B2
C4B2B2
B6A4A4
C2B0B0
C4B3B0
C4B3B0
C4B3B0
C4B3B0
C4B3B0
C4B3B0
C4B2B2
C5B3B3
BEACAC
B6A4A4
C6B5B2
C4B3B0
C4B3B0
C4B3B0
C4B3B0
C4B3B0
C5B4B1
BCABA8
C1B0AD
C4B3B0
C3B1B1
C4B2B2
CBB2B0
B89F9D
B59E9B
CBB4B1
C4B3B0
C4B3B0
C4B3B0
C4B3B0
C4B3B0
C4B3B0
C4B3B0
C4B3B0
C4B3B0
C4B3B0
BBAAA7
CCBBB8
C3B2AF
C4B3B0
C4B3B0
C4B3B0
C4B3B0
C4B3B0
C4B3B0
C4B3B0
C4B3B0
C4B3B0
C6B1AE
C2ADAA
B9A4A3
C7B2B1
C4B2B2
C4B2B2
C4B2B2
C5B3B3
BDAAA6
BFACA8
C5B4B1
C4B3B0
C4B3B0
C4B3B0
C4B3B0
C4B3B0
C3B2AF
C5B4B1
D3C5C4
DDCFCE
CEBEBE
C2B2B2
C4B2B2
C4B2B2
C4B2B2
C3B1B1
C7B5B5
C5B3B3
C3B1B1
C4B2B2
C2B3B0
C4B5B2
CE9C9F
885659
886C6D
8B6F70
A29292
C5B5B5
C5B4B1
C4B3B0
C4B3B0
C4B3B0
C4B3B0
C4B3B0
C4B3B0
C4B3B0
C7B2B1
BBA6A5
C5AEAD
C1AAA9
BCA9A7
C6B3B1
C4B3B0
C4B3B0
C4B3B0
C4B3B0
C4B3B0
C4B3B0
C4B3B0
C4B3B0
C4B3B0
C4B3B0
C4B3B0
C4B3B0
C4B3B0
C4B3B0
C4B3B0
C5B4B1
C3ABA7
B29A96
C1B1AA
C4B4AD
C4B3B0
C4B3B0
C4B3B0
C3B2AF
CAB9B6
CDBCB9
C7B4B2
BAA7A5
C1B0AD
C6B5B2
CBB2B0
AB9290
B78E8C
B9908E
B5908E
B89391
C0ABAA
C8B3B2
C4B3B0
C6B5B2
BEABA9
7A6765
BCA9A7
C8B5B3
CBB8B6
A3908E
917E7C
BEABA9
C6B5B2
C4B3B0
C4B3B0
C4B3B0
C4B3B0
C4B3B0
C4B3B0
C4B3B0
C4B3B0
C4B3B0
C7B6B3
B1A09D
7D6F70
A19394
FDFBFC
FFFFFF
FFFFFF
FFFFFF
FFFFFF
FFFFFF
FFFFFF
FFFFFF
FFFFFF
FFFFFF
FEFFFF
FFFFFF
FDFAF9
EEEBEA
DBD0D2
C4B9BB
BAAAAE
B4A4A8
BBB0B2
D1C6C8
E4DFDF
F5F0F0
F0EFEE
ECEBEA
F4F3F2
F5F4F3
F5F2F1
F5F2F1
F4F1F0
F4F1F0
F4F1F0
F4F1F0
F4F1F0
F4F1F0
F4F1F0
F4F1F0
F4F0F1
F4F0F1
F3F1F2
F3F1F2
F4F2F3
F6F4F5
F7F5F6
F8F6F7
F8F6F7
F9F7F8
F9F7F8
F9F7F8
F7F5F6
F6F4F5
F4F2F3
F3F1F2
FEF9F7
FAF5F3
F9F1F0
EDE5E4
F4EFEF
F5F0F0
F4F1F0
F3F0EF
F5F0F0
F6F1F1
F4F1F0
F4F1F0
F4F1F0
F4F1F0
F5F0F0
F2EDED
F4EBEC
FFF6F7
FDF8F8
F3EEEE
EFEAEA
F3EEEE
F5F2F1
F4F1F0
F4F1F0
F4F1F0
F3EEEE
F1ECEC
F0E8E9
EAE2E3
EEE5E4
F2E9E8
F5ECEB
F2E9E8
F0E7E6
F8EFEE
CFBFC1
AD9D9F
C5B3B3
C2B0B0
B9A7A7
C4B2B2
C4B3B0
C4B3B0
C4B3B0
C4B3B0
C4B3B0
C4B3B0
C4B2B2
C5B3B3
BAA8A8
B9A7A7
C5B4B1
C4B3B0
C4B3B0
C4B3B0
C4B3B0
C4B3B0
C5B4B1
BBAAA7
BEADAA
C5B4B1
C4B3B0
C4B3B0
CDB2AF
B69B98
B59E9B
CAB3B0
C4B3B0
C4B3B0
C4B3B0
C4B3B0
C4B3B0
C4B3B0
C4B3B0
C4B3B0
C4B3B0
C5B4B1
BCABA8
CCBBB8
C5B4B1
C4B3B0
C4B3B0
C4B3B0
C4B3B0
C4B3B0
C4B3B0
C4B3B0
C4B3B0
C4B3B0
C5B2AE
C6B3AF
B29A96
C3ABA7
C6B3B1
C5B2B0
C4B3B0
C4B3B0
C4B1AD
BBA8A4
C3B0AE
C5B2B0
C4B3B0
C4B3B0
C4B3B0
C4B3B0
C4B3B0
C3B2AF
C2B1AE
C3B2AF
C3B2AF
C4B3B0
C4B3B0
C4B3B0
C4B2B2
C4B2B2
C4B2B2
C8B6B6
C1B1B1
C2B2B2
C2B3B0
C0B1AE
D6B1AD
B38E8A
905E61
956366
847476
B3A3A5
C7B6B3
C4B3B0
C4B3B0
C4B3B0
C4B3B0
C4B3B0
C4B3B0
C4B3B0
C7B2B1
BFAAA9
C0A9A8
C5AEAD
B8A3A2
C7B2B1
C4B3B0
C4B3B0
C4B3B0
C4B3B0
C4B3B0
C4B3B0
C4B3B0
C4B3B0
C4B3B0
C4B3B0
C4B3B0
C4B3B0
C4B3B0
C4B3B0
C4B3B0
C4B3B0
C9B0AE
B49B99
BDA7A2
C8B2AD
C4B3B0
C4B3B0
C4B3B0
C4B3B0
C4B3B0
D0BFBC
C9B6B4
C2AFAD
B7A6A3
C4B3B0
C9B4B1
BCA7A4
AB8684
B89391
B7908D
B7908D
B39595
C6A8A8
C5B4B1
C4B3B0
C9B6B4
897674
AA9795
C9B6B4
C5B4B1
C4B3B0
9E8D8A
A49390
B8A7A4
C6B5B2
C3B2AF
C4B3B0
C4B3B0
C4B3B0
C4B3B0
C4B3B0
C4B3B0
C4B3B0
C3B2AF
C7B6B3
A39393
786868
C8C5C4
FFFFFF
FEFEFE
FEFEFE
FFFFFF
FFFFFF
FFFEFF
FFFEFF
FFFFFF
FFFFFF
FFFFFF
FEFEFE
FDFFFE
FFFFFF
FFFFFF
FBFBFB
F0E7E8
D6CDCE
C4B4B8
BAAAAE
BBADAE
C0B2B3
C7BCBC
CDC2C2
CEC6C7
DFD7D8
ECE9E8
EEEBEA
F4F1F0
F6F3F2
F7F4F3
F6F3F2
F4F1F0
F4F1F0
F3F0EF
F4F1F0
F4F1F0
F4F1F0
F4F0F1
F4F0F1
F4F0F1
F4F0F1
F5F1F2
F6F2F3
F7F4F3
F8F5F4
F9F6F5
FBF8F7
F8F6F7
F8F6F7
F8F6F7
F9F7F8
FFFDFA
FBF8F5
FCF4F3
F7EFEE
ECE7E7
F5F0F0
F5F0F0
F5F0F0
F5F0F0
F5F0F0
F4F1F0
F4F1F0
F4F1F0
F4F1F0
F4F1F0
F4F1F0
EFE7E8
FAF2F3
FFFAFA
FDF8F8
F5F0F0
F0EBEB
EFEAEA
F4EFEF
F5F2F1
F4F1F0
F5F0F0
F6F1F1
F7EFEE
F5EDEC
F2E9E8
EEE5E4
F1E8E7
F5ECEB
F7EEED
FAF1F0
B7A5A7
BCAAAC
C4B2B2
C1AFAF
B3A1A1
C5B3B3
C4B3B0
C4B3B0
C4B3B0
C4B3B0
C4B3B0
C4B3B0
C4B2B2
C6B4B4
B5A3A3
BEACAC
C5B4B1
C4B3B0
C4B3B0
C4B3B0
C4B3B0
C4B3B0
C5B4B1
BCABA8
B8A7A4
C6B5B2
C4B3B0
C4B3B0
D3B2AF
A3827F
B39A98
CCB3B1
C4B3B0
C4B3B0
C4B3B0
C4B3B0
C4B3B0
C4B3B0
C4B3B0
C4B3B0
C4B3B0
C4B3B0
C0AFAC
C7B6B3
CAB9B6
C3B2AF
C4B3B0
C4B3B0
C4B3B0
C4B3B0
C4B3B0
C4B3B0
C4B3B0
C4B3B0
C4B3AE
C4B3AE
C3A5A1
AB8D89
C8B3B0
C5B0AD
C4B3B0
C4B3B0
C5B2AE
C2AFAB
BAA7A5
C5B2B0
C4B3B0
C4B3B0
C4B3B0
C4B3B0
C4B3B0
C4B3B0
C4B3B0
C4B3B0
C4B3B0
C4B3B0
C4B3B0
C4B3B0
C4B2B2
C4B2B2
C3B1B1
C7B5B5
C6B4B4
C3B1B1
C2B2B2
C1B1B1
C7B1AC
C7B1AC
AF7377
AB6F73
836C6B
947D7C
C1B0AD
C5B4B1
C4B3B0
C4B3B0
C4B3B0
C4B3B0
C4B3B0
C4B3B0
C6B3B1
C0ADAB
BBA2A2
CAB1B1
A89190
C6AFAE
C4B3B0
C4B3B0
C4B3B0
C4B3B0
C4B3B0
C4B3B0
C4B3B0
C4B3B0
C4B3B0
C4B3B0
C4B3B0
C4B3B0
C4B3B0
C4B3B0
C2B3B0
C2B3B0
C9B2AF
BBA4A1
B49C98
C9B1AD
C4B3B0
C4B3B0
C4B3B0
C4B3B0
C3B2AF
CAB9B6
CDBCB9
C4B3B0
BDAAA8
BDAAA8
C6B3B1
C8B5B3
B69594
AC8B8A
BA918F
B9908E
B49191
B99696
C1AEAC
C6B3B1
C8B5B3
AA9795
9A8785
C9B6B4
C4B3B0
C6B5B2
B4A3A0
AF9E9B
B1A09D
B5A4A1
C7B6B3
C4B3B0
C4B3B0
C4B3B0
C4B3B0
C4B3B0
C4B3B0
C4B3B0
C4B3B0
C5B4B1
C7B5B5
978585
7F7776
EFE7E6
FFFFFF
FEFEFE
FFFFFF
FFFFFF
FFFFFF
FFFFFF
FFFFFF
FFFFFF
FFFFFF
FFFFFF
FFFFFF
FFFFFF
FEFFFF
FEFFFF
FFFFFF
FFFFFF
FDF8F8
E9E4E4
D3C5C6
BEB0B1
B9ABAC
BDAFB0
C1B6B6
C6BBBB
CAC1C2
CDC4C5
D1C8C9
D8CFD0
E3DBDC
F0E8E9
F4EFEF
F7F2F2
F8F3F3
F7F2F2
F4F0F1
F4F0F1
F4F0F1
F4F0F1
F4F0F1
F4F0F1
F4F0F1
F4F0F1
F4F1F0
F4F1F0
F5F2F1
F7F4F3
F8F5F4
F9F6F5
F8F6F7
F8F6F7
FFFDFC
FFFCFB
FBF6F6
FAF5F5
F4ECED
F1E9EA
F6F1F1
F5F0F0
F5F0F0
F5F0F0
F4F1F0
F4F1F0
F4F1F0
F4F1F0
F4F1F0
F4F1F0
F0E8E9
F3EBEC
FEF9F9
FFFDFD
FEF9F9
FBF6F6
F7EFF0
EFE7E8
F0EBEB
F1ECEC
F2EDED
F4EFEF
F5F0EE
F6F1EF
F6F1EF
F6F1EF
F1ECEA
EBE6E4
F3EAE9
F1E8E7
AB999B
C5B3B5
C5B3B3
BAA8A8
B7A5A5
C6B4B4
C4B3B0
C4B3B0
C4B3B0
C4B3B0
C4B3B0
C4B3B0
C4B2B2
C6B4B4
B3A1A1
BFADAD
C5B4B1
C4B3B0
C4B3B0
C4B3B0
C4B3B0
C4B3B0
C5B4B1
BCABA8
B1A09D
C6B5B2
C2B3B0
C2B3B0
D4ABAB
8F6666
B79B9A
CEB2B1
C2B3B0
C2B3B0
C4B3B0
C4B3B0
C4B3B0
C4B3B0
C4B3B0
C4B3B0
C4B3B0
C4B3B0
C3B2AF
C1B0AD
CFBEBB
C3B2AF
C4B3B0
C4B3B0
C4B3B0
C4B3B0
C4B3B0
C4B3B0
C4B3B0
C4B3B0
C4B3B0
C4B3B0
D3B2AF
A1807D
B59A95
CEB3AE
C2B2B2
C2B2B2
C4B3B0
C5B4B1
BFACAA
BBA8A6
C5B4B1
C4B3B0
C4B3B0
C4B3B0
C4B3B0
C4B3B0
C4B3B0
C4B3B0
C4B3B0
C4B3B0
C4B3B0
C4B3B0
C4B2B2
C4B2B2
C4B2B2
C4B2B2
C8B6B6
C3B1B1
C4B2B2
C4B2B2
C4B3B0
C6B5B2
C89697
C39192
AE8283
8A5E5F
9D8E8B
C5B6B3
C2B3B0
C2B3B0
C5B2B0
C5B2B0
C4B3B0
C3B2AF
C5B2B0
C4B1AF
B9A0A0
CEB5B5
A48B8B
B79E9E
C6B5B2
C4B3B0
C4B3B0
C4B3B0
C4B3B0
C4B3B0
C4B3B0
C4B3B0
C4B3B0
C4B3B0
C4B3B0
C4B3B0
C4B3B0
C4B3B0
C4B3B0
C4B3B0
C7B2AF
C1ACA9
AE9593
C3AAA8
C5B4B1
C4B3B0
C4B3B0
C4B3B0
C4B3B0
C5B4B1
CEBDBA
C5B4B1
C6B3B1
BDAAA8
C1B2AF
C3B4B1
C9B0AE
A88F8D
B48D8A
B9928F
B8918E
B7908D
B49B99
C7AEAC
C6B3B1
C0ADAB
917E7C
C5B2B0
C4B3B0
C4B3B0
C6B5B2
A49390
CEBEBE
B2A2A2
B3A1A1
C8B6B6
C4B3B0
C4B3B0
C4B3B0
C4B3B0
C4B3B0
C4B3B0
C4B3B0
C4B3B0
C5B4B1
C4B3B0
877C7C
9D9292
FDFDFD
FFFFFF
FFFFFF
FFFFFF
FFFFFF
FFFFFF
FFFFFF
FFFFFF
FFFFFF
FFFFFF
FFFFFF
FFFFFF
FFFFFF
FEFEFE
FDFFFE
FDFFFE
FDFFFD
FFFFFF
FFFFFE
F8F5F2
E3DBDA
C7BFBE
BCAEAF
BAACAD
C0B0B2
C7B7B9
CABABC
CCBCBE
CABCBF
CCBEC1
CDC4C5
D4CBCC
E0D8D9
ECE4E5
F5EFF1
F9F3F5
F7F3F4
F5F1F2
F4F0F1
F4F0F1
F4F0F1
F3EFF0
F3F0EF
F3F0EF
F3F0EF
F3F0EF
F4F1F0
F5F2F1
F4F2F3
F5F3F4
FFFEFD
FFFEFD
FFFDFC
FBF8F7
FDF5F6
F2EAEB
F2EAEB
F8F0F1
F5F0F0
F5F0F0
F4F1F0
F4F1F0
F4F1F0
F4F1F0
F4F1F0
F4F1F0
F6EEEF
ECE4E5
FAF5F5
FFFEFE
FFFEFD
FEFBFA
FEF6F7
F7EFF0
EEE6E7
EFE7E8
EEE6E7
ECE4E5
EDE5E4
EEE6E5
EEE6E5
F1E9E8
F4EFED
F6F1EF
FAF1F0
CDC4C3
AC989B
C8B4B7
C7B4B2
B4A19F
B7A6A3
C6B5B2
C4B3B0
C4B3B0
C4B3B0
C4B3B0
C4B3B0
C4B3B0
C4B2B2
C5B3B3
B2A0A0
C1AFAF
C4B3B0
C4B3B0
C4B3B0
C4B3B0
C4B3B0
C4B3B0
C5B4B1
BBAAA7
A59491
C6B5B2
C2B3B0
C3B4B1
D09E9F
814F50
B89B99
CEB1AF
C2B3B0
C2B3B0
C4B3B0
C4B3B0
C4B3B0
C4B3B0
C4B3B0
C4B3B0
C4B3B0
C4B3B0
C4B3B0
C0AFAC
CEBDBA
C6B5B2
C4B3B0
C4B3B0
C4B3B0
C4B3B0
C4B3B0
C4B3B0
C4B3B0
C4B3B0
C4B3B0
C4B3B0
CEB1AF
BDA09E
926B68
D3ACA9
C6B5B2
C4B3B0
C4B3B0
C4B3B0
C6B3B1
BAA7A5
BDAAA8
C6B3B1
C4B3B0
C4B3B0
C4B3B0
C4B3B0
C4B3B0
C4B3B0
C4B3B0
C4B3B0
C4B3B0
C4B3B0
C4B2B2
C4B2B2
C4B2B2
C4B2B2
C7B5B5
C6B4B4
C4B2B2
C4B2B2
C2B2B2
C2B2B2
D5B0AC
AD8884
E9B4B3
B37E7D
806864
B39B97
C6B3AF
C2AFAB
C3B0AC
C5B2AE
C4B3B0
C4B3B0
C5B2B0
C6B3B1
B79E9E
CCB3B3
B09699
9F8588
C7B6B3
C4B3B0
C4B3B0
C4B3B0
C4B3B0
C4B3B0
C4B3B0
C4B3B0
C4B3B0
C4B3B0
C4B3B0
C4B3B0
C4B3B0
C4B3B0
C4B3B0
C4B3B0
C5B2B0
C5B2B0
B29997
B69D9B
C5B4B1
C4B3B0
C4B3B0
C4B3B0
C4B3B0
C3B2AF
CAB9B6
CCBBB8
C4B3B0
C3B2AF
BDAEAB
C2B3B0
C7B2B1
C0ABAA
A98686
B59292
B9908E
B88F8D
B39291
BC9B9A
C4AFAE
CAB5B4
9A8986
B5A4A1
C6B5B2
C4B3B0
C5B4B1
C0AFAC
A39393
EBDBDB
B1A1A3
AE9EA0
C7B6B3
C4B3B0
C4B3B0
C4B3B0
C4B3B0
C4B3B0
C4B3B0
C4B3B0
C3B2AF
C6B5B2
BDADAD
837373
C0BDBC
FFFFFF
FEFEFE
FFFFFF
FFFFFF
FFFFFF
FFFFFF
FFFFFF
FFFFFF
FFFFFF
FFFFFF
FFFFFF
FFFFFF
FEFEFE
FEFCFD
FFFDFE
FEFEFE
FEFEFE
FEFFFD
FEFFFD
FFFFFF
FFFFFF
F8F0EF
DCD4D3
C5B7B8
B7A9AA
BBABAD
C1B1B3
C5B5B7
CBBBBD
CFC1C2
D0C2C3
CBC0C2
C8BDBF
C8BFC2
CEC5C8
DBD2D5
EBE2E5
F4EEF0
F9F3F5
F7F3F4
F6F2F3
F4F1F0
F4F1F0
F3F0EF
F3F0EF
F3F0EF
F4F1F0
F4F1F0
F4F1F0
FFFEFD
FFFEFD
FFFEFD
FFFEFD
FFF7F8
FCF4F5
EFE7E8
F2EAEB
F6F1F1
F5F0F0
F4F1F0
F4F1F0
F4F1F0
F4F1F0
F4F1F0
F4F1F0
F6F1F1
F0EBEB
EFEAEA
FFFBFB
FFFEFD
FFFEFD
FFFAFA
FDF8F8
F2E9EA
EFE6E7
F1E9EA
F1E9EA
F2E9E8
F7EEED
F6EDEC
F3EAE9
EDE5E4
EDE5E4
F5ECEB
B5ACAB
B8A4A7
C6B2B5
C7B4B2
B09D9B
BEADAA
C5B4B1
C4B3B0
C4B3B0
C4B3B0
C4B3B0
C4B3B0
C4B3B0
C4B2B2
C4B2B2
B09E9E
C2B0B0
C4B3B0
C4B3B0
C4B3B0
C4B3B0
C4B3B0
C4B3B0
C5B4B1
BFAEAB
A3928F
C4B3B0
C3B4B1
C5B6B3
BC8283
8E5455
B99C9A
CFB2B0
C2B3B0
C2B3B0
C4B3B0
C4B3B0
C4B3B0
C4B3B0
C4B3B0
C4B3B0
C4B3B0
C4B3B0
C4B3B0
C3B2AF
CAB9B6
CAB9B6
C3B2AF
C4B3B0
C4B3B0
C4B3B0
C4B3B0
C4B3B0
C4B3B0
C2B1AE
C4B3B0
C3B2AF
C7B0AD
CBB4B1
A07372
B18483
CAB7B3
C5B2AE
C2B3B0
C2B3B0
C4B3B0
C4B3B0
B7A2A1
C0ABAA
C5B4B1
C4B3B0
C4B3B0
C4B3B0
C4B3B0
C4B3B0
C4B3B0
C4B3B0
C4B3B0
C4B3B0
C4B2B2
C4B2B2
C4B2B2
C4B2B2
C3B3B3
C5B5B5
C5B3B3
C5B3B3
C3B4B1
C0B1AE
C9ABA9
B09290
B17C7B
E8B3B2
9B7471
845D5A
B39D98
C3ADA8
BFAEA9
BEADA8
BEAFAC
C2B3B0
C5B2B0
C6B3B1
BFA8A7
C7B0AF
C1A7AA
8E7477
C2B1AE
C5B4B1
C4B3B0
C4B3B0
C4B3B0
C4B3B0
C4B3B0
C4B3B0
C4B3B0
C4B3B0
C4B3B0
C4B3B0
C4B3B0
C4B3B0
C4B3B0
C4B3B0
C4B3B0
C5B4B1
C0A4A3
AE9291
C2B1AE
C4B3B0
C4B3B0
C4B3B0
C4B3B0
C4B3B0
C5B4B1
CDBCB9
C4B3B0
C5B4B1
C3B2AF
C2B1AE
C5B2B0
C9B6B4
BE9F9F
A88989
BA918F
B9908E
B79091
B68F90
B89F9D
CAB1AF
B1A09D
A08F8C
C8B7B4
C4B3B0
C4B3B0
C6B5B2
AB9D9C
BFB1B0
F6E8EB
B5A7AA
A99797
C7B5B5
C4B3B0
C4B3B0
C4B3B0
C4B3B0
C4B3B0
C4B3B0
C4B3B0
C4B3B0
C7B6B3
B8A7A4
81797A
E3DBDC
FFFFFF
FDFFFE
FEFEFE
FEFEFE
FFFFFF
FFFFFF
FFFFFF
FFFFFF
FFFFFF
FFFFFF
FFFFFF
FEFEFE
FDFDFD
FEFEFE
FFFEFF
FFFDFE
FEFFFD
FDFEFC
FCFFFC
FCFFFC
FFFFFE
FFFFFF
FFFEFD
EDEAE9
D5CACC
BDB2B4
B8A8AA
BCACAE
C1B1B3
C4B4B6
C7B7B9
CDBDBF
D0C5C7
D0C5C7
C9C0C1
C2B9BA
C3BABB
CBC2C3
DAD5D5
EDE8E8
F5F2F1
F8F5F4
F6F3F2
F4F1F0
F3F0EF
F4F1F0
F4F1F0
F4F1F0
FFFEFD
FFFEFD
FFFEFD
FFFEFD
FFFDFD
FDF8F8
FBF2F3
F0E7E8
F0EBEB
F7F2F2
F5F0F0
F5F0F0
F4F1F0
F4F1F0
F4F1F0
F4F1F0
F4F1F0
F4F1F0
EDE8E6
FAF5F3
FFFFFF
FEFEFE
FFFDFE
FFFCFD
FEF6F7
F0E8E9
EFE7E8
F1E9EA
EEE6E7
F1E9EA
FEF6F7
FFF7F8
FDF8F6
FBF6F4
F3E8E8
A39898
C2B0B0
C4B2B2
C6B3AF
A6938F
C0AFAC
C5B4B1
C4B2B2
C4B2B2
C4B2B2
C3B1B1
C3B1B1
C2B0B0
C4B2B2
C4B2B2
AF9D9D
C3B1B1
C4B3B0
C4B3B0
C4B3B0
C4B3B0
C2B3B0
C1B2AF
C4B3B0
C3B2AF
9B8B8B
BCACAC
C6B3B1
C3B0AE
A06968
B07978
B99E9B
CEB3B0
C2B3B0
C2B3B0
C4B3B0
C4B3B0
C4B3B0
C4B3B0
C4B3B0
C4B3B0
C4B3B0
C4B3B0
C4B3B0
C3B2AF
C7B6B3
CEBDBA
C4B3B0
C4B3B0
C4B3B0
C4B3B0
C2B3B0
C2B3B0
C4B7B3
CBBEBA
C1B4B0
C3B6B2
C9BAB7
C4B5B2
C69593
A06F6D
BDA1A0
CDB1B0
C1B2AF
C2B3B0
C4B3B0
C5B4B1
C6ADAD
B79E9E
C0ADAB
C5B2B0
C2B3B0
C2B3B0
C4B3B0
C4B3B0
C4B3B0
C4B3B0
C4B3B0
C4B3B0
C2B2B2
C2B2B2
C4B2B2
C4B2B2
C6B3B1
C9B6B4
C8B1AE
BBA4A1
B69B98
B69B98
B8A09C
C1A9A5
AC8582
E0B9B6
FBD9D2
A6847D
967975
CDB0AC
C3B4B1
C2B3B0
C2B3B0
C2B3B0
C4B3B0
C5B4B1
BDA6A5
C2ABAA
CDB3B6
856B6E
B5A3A3
C6B4B4
C4B2B2
C4B2B2
C4B2B2
C4B2B2
C4B3B0
C4B3B0
C4B3B0
C4B3B0
C4B3B0
C4B3B0
C4B3B0
C4B3B0
C4B3B0
C4B3B0
C5B2B0
C6B3B1
C6ADAB
AE9593
B5A2A0
C6B3B1
C3B2AF
C4B3B0
C4B3B0
C4B3B0
C3B2AF
CAB9B6
C9B8B5
C2B1AE
C4B3B0
C2B1AE
C4B3B0
C4B3B0
CBB4B3
AE9796
B18E8C
B79492
B8918E
B8918E
B3928F
C2A19E
C4B1AF
9A8785
C3B2AF
C4B3B0
C4B3B0
C4B3B0
C3B6B2
A49793
E3DAD7
FAF1EE
BEAEB0
A09092
C5B4B1
C6B5B2
C4B3B0
C4B3B0
C4B3B0
C4B3B0
C4B3B0
C4B3B0
C4B3B0
C8B7B4
AC9E9D
908281
F3F1F2
FFFFFF
FDFDFD
FDFDFD
FEFEFE
FEFEFE
FEFEFE
FEFEFE
FDFDFD
FEFEFE
FEFEFE
FEFEFE
FFFFFF
FFFFFF
FFFFFF
FFFFFF
FEFEFE
FEFEFE
FEFEFE
FEFEFE
FFFFFF
FEFEFE
FFFFFF
FFFFFF
FFFFFF
FBF9FA
E8E0DF
CAC2C1
BAAAAC
B9A9AB
C3B2AF
C4B3B0
C0B1AE
C5B6B3
CCBEBF
D3C5C6
D4CBCC
CEC5C6
C2BABB
B9B1B2
BDB5B4
D1C9C8
E5E0E0
F2EDED
F3F2F1
F1F0EF
F1EEED
F1EEED
FFFEFD
FFFEFD
FFFEFD
FFFEFD
FFFEFD
FFFEFD
FFF7F8
FBF3F4
EEE6E7
F3EBEC
F6F1F1
F5F0F0
F4F1F0
F4F1F0
F4F1F0
F4F1F0
F4F1F0
F4F1F0
F1ECEA
F1ECEA
FFFDFE
FFFDFE
FEFCFD
FFFDFE
FFFEFD
F9F6F5
EFE7E8
F1E9EA
F2E9EA
EEE5E6
F6F1F1
FFFBFB
FFFEFD
FFFFFF
EFE1E2
A49697
C6B5B2
C5B4B1
C0ADA9
A79490
C4B1AF
C5B2B0
C4B2B2
C4B2B2
C3B3B3
C2B2B2
C3B1B1
CDBBBB
C5B3B3
C3B1B1
AF9D9D
C4B2B2
C4B3B0
C4B3B0
C4B3B0
C4B3B0
C2B3B0
C1B2AF
C4B3B0
C3B2AF
998787
B5A3A3
CAB5B2
B5A09D
986361
D5A09E
B39895
CEB3B0
C2B3B0
C2B3B0
C4B3B0
C4B3B0
C4B3B0
C4B3B0
C4B3B0
C4B3B0
C4B3B0
C4B3B0
C4B3B0
C3B2AF
C4B3B0
D0BFBC
C7B6B3
C3B2AF
C4B3B0
C4B3B0
C4B3B0
C2B1AE
CDC3BE
F1E7E2
D9D1CB
D7CFC9
EFE8E2
E3DCD6
DCB6B0
AA847E
A88180
D0A9A8
C3B4B1
C2B3B0
C4B3B0
C4B3B0
C7B2B1
C0ABAA
B69D9D
C6ADAD
C2B3B0
C2B3B0
C4B3B0
C4B3B0
C4B3B0
C4B3B0
C2B3B0
C2B3B0
C4B3B0
C5B4B1
C8B3B2
C5B0AF
BEA5A3
B59C9A
B8A29D
BBA5A0
C0ADA9
C4B1AD
C6B3AF
C8B5B1
CBA6A4
BB9694
FFDEDA
FCD9D5
AC8B88
A3827F
C5B4B1
C4B3B0
C5B2B0
C5B2B0
C4B3B0
C5B4B1
C3AEAD
C0ABAA
D4BABD
886E71
A18F8F
C8B6B6
C4B2B2
C4B2B2
C4B2B2
C4B2B2
C4B3B0
C4B3B0
C4B3B0
C4B3B0
C4B3B0
C4B3B0
C4B3B0
C4B3B0
C4B3B0
C4B3B0
C4B3B0
C4B3B0
C9B0AE
B89F9D
AB9491
C5AEAB
C3B2AF
C4B3B0
C4B3B0
C4B3B0
C3B2AF
C5B4B1
CEBDBA
C3B2AF
C2B1AE
C6B5B2
C5B4B1
C4B3B0
C6B3B1
C5B2B0
AD8C8B
B29190
B8918E
B9928F
B79290
B79290
C2ADAA
A6918E
B1A09D
C6B5B2
C4B3B0
C4B3B0
C3B4B1
BCADAA
AEA5A2
F9F0ED
FCF1F3
CCC1C3
A38F90
C0ACAD
C6B5B2
C4B3B0
C4B3B0
C4B3B0
C4B3B0
C4B3B0
C4B3B0
C4B3B0
C6B6B6
A69696
9D9898
FFFAFA
FFFFFF
FDFDFD
FEFEFE
FEFEFE
FEFEFE
FEFEFE
FEFEFE
FEFEFE
FEFEFE
FEFEFE
FFFFFF
FFFFFF
FFFFFF
FFFFFF
FFFFFF
FFFFFF
FFFFFF
FFFFFF
FFFFFF
FFFFFF
FFFFFF
FFFFFF
FFFFFF
FFFFFF
FFFFFF
FFFFFF
F8F0F1
D3CBCC
B4A19F
B3A09E
C0ACA7
C6B2AD
C2B1AC
C3B2AD
C6B6B6
CCBCBC
D4C4C4
DACACA
D1C8C5
C4BBB8
BAB1B0
BDB4B3
CEC9C9
E8E3E3
F7F2F2
F9F4F4
FFFEFD
FFFEFD
FFFEFD
FFFEFD
FFFEFD
FFFEFD
FFFDFD
FDF8F8
FDF4F5
F1E8E9
EFEAEA
F5F0F0
F5F0F0
F5F0F0
F4F1F0
F4F1F0
F4F1F0
F4F1F0
F5F0EE
EDE8E6
F9F6F5
FFFFFE
FFFDFE
FEFCFD
FFFDFE
FFFDFE
F8F3F3
ECE7E7
F4EBEC
F1E8E9
EDE5E6
FEF6F7
FFFDFC
FFFFFF
D5C7C6
AA9C9B
C7B4B2
C7B4B2
B8A5A1
A4918D
C5B4B1
C4B3B0
C4B2B2
C3B1B1
DACCCB
E7D9D8
C8B8B8
E1D1D1
CBB9B9
C1AFAF
B09E9E
C4B2B2
C3B2AF
C4B3B0
C4B3B0
C4B3B0
C2B3B0
C1B2AF
C4B3B0
C7B6B3
A69293
A99596
CCB5B2
A38C89
A87673
E7B5B2
A88C8B
CEB2B1
C2B3B0
C2B3B0
C4B3B0
C4B3B0
C4B3B0
C4B3B0
C4B3B0
C4B3B0
C4B3B0
C4B3B0
C4B3B0
C4B3B0
C3B2AF
CCBBB8
CDBCB9
C2B1AE
C4B3B0
C4B3B0
C4B3B0
C4B3B0
C2B8B3
E5DBD6
F0E8E2
DBD3CD
EBE8E3
F0EDE8
F8E0DC
BBA39F
BF8D8B
BC8A88
C8B7B4
C4B3B0
C1B2AF
C2B3B0
C5B2B0
C6B3B1
C0A4A5
B79B9C
C2AFAB
C5B2AE
C2B3B0
C2B3B0
C4B3B0
C4B3B0
C3B2AF
C4B3B0
C7B4B2
C1AEAC
B69F9E
B39C9B
BCA3A1
C6ADAB
C9B6B2
C8B5B1
C4B3B0
C4B3B0
C2B3AE
C2B3AE
D3B0B0
B89595
D1B3AF
FFE9E5
FFD8D7
C19A99
A58787
C9ABAB
C3B4B1
C1B2AF
C3B2AF
C4B3B0
C2AFAD
BBA8A6
D8BEC1
93797C
907C7D
C7B3B4
C4B2B2
C4B2B2
C4B2B2
C4B2B2
C4B3B0
C4B3B0
C4B3B0
C4B3B0
C4B3B0
C4B3B0
C4B3B0
C4B3B0
C4B3B0
C4B3B0
C4B3B0
C4B3B0
C9B2AF
C0A9A6
AF9191
BA9C9C
C6B5B2
C4B3B0
C4B3B0
C4B3B0
C4B3B0
C3B2AF
CCBBB8
C9B8B5
C2B1AE
C5B4B1
CAB9B6
C3B2AF
C4B3B0
C6B5B2
C1A6A3
A68B88
B89391
B79290
B99090
B88F8F
B49897
B99D9C
A28F8D
C8B5B3
C4B3B0
C4B3B0
C4B3B0
C7B6B3
ACA29D
CCC2BD
FAF5F3
FAF5F3
E2D2D4
A59597
B8A6A6
C6B4B4
C3B2AF
C4B3B0
C4B3B0
C4B3B0
C4B3B0
C4B3B0
C3B2AF
C7B6B3
A39898
BDB2B2
FFFFFF
FFFDFE
FEFEFE
FEFEFE
FEFEFE
FEFEFE
FDFDFD
FEFEFE
FEFEFE
FEFEFE
FFFFFF
FFFFFF
FFFFFF
FFFFFF
FFFFFF
FFFFFF
FFFFFF
FFFFFF
FFFFFF
FFFFFF
FFFFFF
FFFFFF
FFFFFF
FFFFFF
FCFEFD
FDFFFE
FFFFFF
FFFFFF
FBF2EF
CFC6C3
AF9B96
A4908B
AE938E
B49994
B7A19C
C1ABA6
C1B0AB
C9B8B3
CABCBB
D2C4C3
D8CDCB
D3C8C6
C4B9B9
BCB1B1
C1B8B9
DCD3D4
F8F7F6
FEFDFC
FFFEFD
FFFEFD
FFFEFD
FFFEFD
FFFEFD
FFFEFD
FFFAFA
FBF6F6
F4ECED
EFE7E8
F4EFEF
F6F1F1
F5F0F0
F5F0F0
F4F1F0
F4F1F0
F5F0EE
F3EEEC
EFECEB
FFFDFC
FFFEFF
FFFDFE
FFFDFE
FFFDFE
FFFDFE
F5F1F2
EDE5E6
F1E9EA
ECE4E5
F2EAEB
FFFDFC
FFFFFF
BCAFAB
B5A8A4
C6B3AF
C7B4B0
B09B98
A89390
C5B4B1
C4B3B0
C3B1B1
C1AFAF
DCD3D0
F6EDEA
DCCECD
C6B8B7
C6B4B4
C1AFAF
B2A0A0
C4B2B2
C3B2AF
C4B3B0
C4B3B0
C4B3B0
C4B3B0
C5B4B1
C5B4B1
C9B8B5
AA9496
9C8688
C9B0B0
917878
BF8E8B
EFBEBB
AA8E8D
CDB1B0
C2B3B0
C2B3B0
C4B3B0
C4B3B0
C4B3B0
C4B3B0
C4B3B0
C4B3B0
C4B3B0
C4B3B0
C4B3B0
C4B3B0
C4B3B0
C5B4B1
D1C0BD
C6B5B2
C3B2AF
C4B3B0
C4B3B0
C4B3B0
C1B2AF
C3B4B1
D1C4C0
C3B6B2
D0C8C5
EEE6E3
FAEAEA
DCCCCC
C6918F
CB9694
B49C98
CCB4B0
C2B3B0
C2B3B0
C4B3B0
C4B3B0
CAB1AF
BCA3A1
B59F9A
C6B0AB
C3B4B1
C2B3B0
C4B3B0
C4B3B0
C7B2B1
C2ADAC
B7A09F
B39C9B
BCA7A6
C5B0AF
C6B3B1
C5B2B0
C5B4B1
C7B6B3
C6B3B1
C6B3B1
C2B3B0
C2B3B0
C9B1AD
C4ACA8
AE908A
F0D2CC
FFEEEE
F8DADA
CFA5A9
B2888C
BEABA9
C6B3B1
C4B3B0
C4B3B0
C4B1AF
BDAAA8
DAC2C4
9D8587
857172
BEAAAB
C6B4B4
C4B2B2
C4B2B2
C4B2B2
C4B3B0
C4B3B0
C4B3B0
C4B3B0
C4B3B0
C4B3B0
C4B3B0
C4B3B0
C4B3B0
C4B3B0
C4B3B0
C4B3B0
C9B2AF
C5AEAB
B99B99
AE908E
C2AFAB
C6B3AF
C4B3B0
C4B3B0
C4B3B0
C4B3B0
C6B5B2
CDBCB9
C4B3B0
C3B2AF
C7B6B3
C8B7B4
C3B2AF
C4B3B0
CBB4B1
B69F9C
AE8989
B89393
B99090
B99090
B29190
BA9998
9C8786
C1ACAB
C4B3B0
C4B3B0
C3B2AF
C3B2AF
C3B4B1
AC9D9A
E5E0DE
F6F1EF
FAF2F3
ECE4E5
AD9D9F
AD9D9F
C6B5B2
C4B3B0
C4B3B0
C4B3B0
C4B3B0
C4B3B0
C4B3B0
C3B2AF
C2B2B2
AA9A9A
CCC7C7
FFFFFF
FEFEFE
FEFEFE
FEFEFE
FEFEFE
FEFEFE
FEFEFE
FEFEFE
FFFFFF
FFFFFF
FFFFFF
FFFFFF
FFFFFF
FFFFFF
FFFFFF
FFFFFF
FFFFFF
FFFFFF
FFFFFF
FFFFFF
FFFFFF
FFFFFF
FFFFFF
FFFFFF
FFFFFF
FEFFFF
FEFFFF
FFFFFF
FFFFFF
FFF4F4
DBD0D0
BBA4A3
A89190
AA8F8C
AB908D
A7908D
AE9794
B7A4A2
C0ADAB
C2B5B1
C8BBB7
D0C5C5
D9CECE
D0C7C8
C1B8B9
F2F1F0
F8F7F6
FFFEFD
FFFEFD
FFFEFD
FFFEFD
FFFEFD
FFFEFD
FFFEFD
FFFCFB
FFF7F8
F9F1F2
EFEAEA
F2EDED
F6F1F1
F5F0F0
F4F1F0
F4F1F0
F4EFEF
F4EFEF
F0EBEB
F7F2F2
FFFEFF
FFFDFE
FFFDFE
FFFDFE
FFFDFE
FFFEFF
F7F2F2
ECE7E7
F1E9EA
ECE4E5
F7F2F0
FFFAF8
A89B97
BDB0AC
C5B2B0
C7B4B2
AB9491
B39C99
C5B4B1
C4B3B0
C4B2B2
C1AFAF
CAC1BE
F1E8E5
EEE0DF
C5B7B6
C2B0B0
C1AFAF
B3A1A1
C4B2B2
C4B3B0
C4B3B0
C4B3B0
C4B3B0
C4B3B0
C4B3B0
C4B3B0
C7B6B3
B6A0A2
937D7F
B79B9A
8C706F
D3A4A0
F7C8C4
B19492
C9ACAA
C1B2AF
C2B3B0
C4B3B0
C4B3B0
C4B3B0
C4B3B0
C3B2AF
C3B2AF
C4B3B0
C4B3B0
C4B3B0
C4B3B0
C4B3B0
C3B2AF
CAB9B6
CDBCB9
C3B2AF
C4B3B0
B9A8A5
C4B3B0
C4B3B0
C3B2AF
C0B1AE
C1B2AF
BFB1B0
CBBDBC
E1D6D6
D7CCCC
BA8E89
E4B8B3
B6938F
C6A39F
C5B6B3
C2B3B0
C4B3B0
C4B3B0
C5B2AE
C5B2AE
BB9E9A
B79A96
C0AEA8
C7B5AF
C5B4B1
C5B4B1
BAA3A2
B59E9D
BDA8A7
C7B2B1
C5B4B1
C4B3B0
C4B3B0
C4B3B0
C4B3B0
C5B4B1
C3B4B1
C2B3B0
C4B3B0
C4B3B0
C4B3AE
C6B5B0
B99790
CDABA4
FDEDED
FFF3F3
FFD7DA
E4BCBF
B99597
C39FA1
C4B5B2
C1B2AF
C6B3B1
BCA9A7
DDC5C9
998185
826E6F
B29E9F
C8B6B6
C4B2B2
C4B2B2
C4B2B2
C4B3B0
C4B3B0
C4B3B0
C4B3B0
C4B3B0
C4B3B0
C4B3B0
C4B3B0
C4B3B0
C4B3B0
C4B3B0
C4B3B0
C6B1AE
C6B1AE
BF9E99
B3928D
B19D98
C8B4AF
C4B3B0
C4B3B0
C4B3B0
C4B3B0
C4B3B0
CCBBB8
C6B5B2
C2B1AE
C4B3B0
CBBAB7
C5B4B1
C3B2AF
C5B2B0
C7B4B2
B18D8F
B08C8E
BA9191
B99090
B79290
B99492
9C8584
B29B9A
C7B6B3
C4B3B0
C4B3B0
C3B2AF
C5B4B1
BEADAA
B8AFAC
FAF1EE
F2F1F0
F5F4F3
F9EEF0
BCB1B3
A79693
C3B2AF
C5B4B1
C4B3B0
C4B2B2
C4B2B2
C4B3B0
C3B2AF
C4B3B0
C4B3B0
B4A9A9
E1D6D6
FFFFFF
FFFDFE
FDFDFD
FEFEFE
FEFEFE
FEFEFE
FEFEFE
FFFFFF
FFFFFF
FFFFFF
FFFFFF
FFFFFF
FFFFFF
FFFFFF
FFFFFF
FFFFFF
FFFFFF
FFFFFF
FFFFFF
FFFFFF
FFFFFF
FFFFFF
FFFEFF
FFFEFF
FFFFFF
FFFFFF
FFFFFF
FEFEFE
FFFFFF
FFFFFF
FDF5F6
E0D8D9
C2ABAA
AF9897
B79898
B29393
AB8F8E
B29695
BCABA8
C7B6B3
CABFBD
C4B9B7
C8BFBE
CFC6C5
FDFCFB
F3F2F1
F6F5F4
FEFDFC
FFFEFD
FFFEFD
FFFEFD
FFFEFD
FFFEFD
FFFEFD
FFFDFC
FCF9F8
F8F3F3
F1ECEC
EFEAEA
F4EFEF
F6F1F1
F6F1F1
F6F1F1
F5F0F0
F3F0EF
EFECEB
FDFAF9
FFFEFD
FFFDFE
FFFDFE
FFFDFE
FFFDFE
FFFFFE
F5F4F3
EEE6E7
F0E8E9
F0E5E3
EEE3E1
A59693
C2B3B0
C3B0AE
C5B2B0
A78B8A
B99D9C
C5B4B1
C4B3B0
C2B2B2
C1B1B1
BEB3B1
E2D7D5
F5EAE8
CEC3C1
C3AFB0
C3AFB0
B3A1A1
C4B2B2
C4B3B0
C4B3B0
C4B3B0
C4B3B0
C4B3B0
C0AFAC
C4B1AF
C6B3B1
BBA5A7
907A7C
9F8080
8E6F6F
E1B5B0
F6CAC5
BA9C98
C5A7A3
C2B2B2
C2B2B2
C4B3B0
C4B3B0
C4B3B0
C4B3B0
C2B1AE
C1B0AD
C1B2AF
C2B3B0
C4B3B0
C4B3B0
C4B3B0
C4B3B0
C4B3B0
CAB9B6
C7B6B3
C5B4B1
B7A6A3
BEADAA
C5B4B1
C4B3B0
C2B3B0
C2B3B0
C2B3B0
C0B1AE
BFB2AE
C2B5B1
C7A09D
C59E9B
F0C4BD
B98D86
C2AFAB
C6B3AF
C2B2B2
C2B2B2
C2B3AE
C3B4AF
C9AEAB
B79C99
B39591
C1A39F
C6ADAB
B59C9A
B9A4A3
C6B1B0
C5B4B1
C4B3B0
C4B3B0
C4B3B0
C4B3B0
C4B3B0
C4B3B0
C4B3B0
C4B3B0
C4B3B0
C4B3B0
C4B3B0
C2B3B0
C2B3B0
CEADA8
AF8E89
EBD6D5
FFF2F1
FFF1ED
F3E0DC
F0C4C5
CB9FA0
B9A2A1
CAB3B2
C3B4AF
B8A9A4
DEC4C7
9B8184
826C6E
9D8789
C8B6B6
C4B2B2
C4B2B2
C4B2B2
C2B2B2
C2B2B2
C4B2B2
C4B2B2
C4B3B0
C4B3B0
C4B3B0
C4B3B0
C4B3B0
C4B3B0
C4B3B0
C4B3B0
C4B3B0
C6B5B2
C4A39E
B79691
A9918D
C3ABA7
C3B4B1
C1B2AF
C4B3B0
C4B3B0
C3B2AF
C7B6B3
CCBBB8
C2B1AE
C4B3B0
C8B7B4
C7B8B5
C1B2AF
C3B2AF
C4B3B0
C8ACAB
A38786
B88F8F
B99090
B8918E
B9928F
A88B89
9D807E
C7B6B3
C4B3B0
C4B3B0
C4B3B0
C4B3B0
C5B4B1
AEA49F
D1C7C2
F8F7F4
F0EFEC
F4F1F0
F9F6F5
D2C7C5
A19694
BAA6A7
C8B4B5
C4B2B2
C4B2B2
C4B2B2
C4B2B2
C2B2B2
C2B2B2
C4B4B4
B2A2A2
D0C8C9
FFFFFF
FFFFFF
FEFEFE
FEFEFE
FDFDFD
FDFDFD
FEFEFE
FFFFFF
FFFFFF
FFFFFF
FFFFFF
FFFFFF
FFFFFF
FFFFFF
FFFFFF
FFFFFF
FFFFFF
FFFFFF
FFFFFF
FFFFFF
FFFFFF
FFFFFF
FFFFFF
FFFFFF
FFFFFF
FFFFFF
FFFFFF
FFFFFF
FFFFFF
FFFFFF
FEFFFF
F7F2F0
D6D1CF
BAA5A4
B7A2A1
C4A2A3
BB999A
B19292
B49595
BCABA8
DAC9C6
E4DBD8
E9E0DD
FFFEFD
FFFEFD
F9F8F7
F5F4F3
FDFCFB
FFFEFD
FFFEFD
FFFEFD
FFFEFD
FFFEFD
FFFEFD
FFFDFC
FFFBFB
FDF8F8
F4EFEF
EFEAEA
F1ECEA
F6F1EF
F6F1F1
F6F1F1
F4F1F0
F2EFEE
F2EFEE
FFFDFC
FFFDFE
FFFDFE
FFFDFE
FFFDFE
FFFEFD
FFFEFD
FAF5F5
EDE8E8
F7E9E8
CFC1C0
A79492
C7B4B2
C6B1B0
C1ACAB
A78989
BC9E9E
C7B6B3
C4B3B0
C4B2B2
C4B2B2
BFB1B0
CDBFBE
E5D7D6
CABCBB
C4B0B1
C3AFB0
B2A0A0
C3B1B1
C4B3B0
C4B3B0
C4B3B0
C4B3B0
C4B3B0
C1B0AD
C2B1AE
C5B4B1
C2ACAE
937D7F
957374
987677
ECC1BC
F7CCC7
C9A6A2
C19E9A
C3B4B1
C2B3B0
C4B3B0
C4B3B0
C4B3B0
C3B2AF
C9BAB7
D0C1BE
C3B4B1
C1B2AF
C4B3B0
C4B3B0
C4B3B0
C4B3B0
C4B3B0
C4B3B0
C9B8B5
C6B5B2
BDACA9
B2A19E
C6B5B2
C4B3B0
C4B3B0
C4B3B0
C4B3B0
C4B3B0
C2B3B0
C2B3B0
D0AFAC
AD8C89
F2C3BF
E4B5B1
AD908E
CDB0AE
C2B5B1
C1B4B0
C2B3B0
C2B3B0
C6B4AE
C4B2AC
C29695
A37776
A88A86
CDAFAB
C5B6B3
C1B2AF
C3B2AF
C4B3B0
C4B3B0
C4B3B0
C4B3B0
C4B3B0
C4B3B0
C4B3B0
C4B3B0
C4B3B0
C4B3B0
C4B3B0
C2B3B0
C2B3B0
CFB2B0
B69997
C7ACA7
FFECE7
FFF6F4
FFF5F3
FFDEDB
EDCCC9
CCA7A7
C19C9C
C6B4B4
BCAAAA
DDC5C7
9B8385
856F71
8B7577
C4B0B1
C6B2B3
C4B2B2
C4B2B2
C4B2B2
C4B2B2
C4B2B2
C4B2B2
C4B3B0
C4B3B0
C4B3B0
C4B3B0
C4B3B0
C4B3B0
C4B3B0
C4B3B0
C4B3B0
C5B4B1
C8ABA7
B79A96
B1938F
B49692
C5B4B1
C4B3B0
C4B3B0
C4B3B0
C4B3B0
C4B3B0
CEBDBA
C5B4B1
C3B2AF
C5B4B1
CBBAB7
C4B3B0
C3B2AF
C3B2AF
C9B4B3
B29D9C
A67F80
BA9394
B9908E
B9908E
B69594
987776
BBA8A6
C6B3B1
C4B3B0
C4B3B0
C4B3B0
C3B2AF
C2B5B1
AC9F9B
E6E3E0
F5F2EF
F1F0EF
F1F0EF
FBF3F2
E9E1E0
B0A0A0
AA9A9A
C4B2B2
C5B3B3
C4B2B2
C4B2B2
C4B2B2
C3B1B1
C3B1B1
C5B3B3
ADA2A2
C8BDBD
FEFCFD
FFFFFF
FEFEFE
FEFEFE
FEFEFE
FEFEFE
FFFFFF
FFFFFF
FFFFFF
FFFFFF
FFFFFF
FFFFFF
FFFFFF
FFFFFF
FFFFFF
FFFFFF
FFFFFF
FFFFFF
FFFFFF
FFFFFF
FFFFFF
FFFFFF
FFFFFF
FFFFFF
FFFFFF
FFFFFF
FFFFFF
FFFFFF
FDFFFE
FCFEFD
FEFEFE
FDFDFD
F3EBEA
C7BFBE
B1A09D
BEADAA
CBACAE
C0A1A3
B19393
A98B8B
B39C99
D1BAB7
FFFEFD
FFFEFD
FFFFFE
FDFCFB
F9F8F7
FBFAF9
FEFDFC
FFFEFD
FFFEFD
FFFEFD
FFFEFD
FFFCFB
FDFAF9
FBF8F7
FFFAFA
FCF7F7
F3EEEE
F0EBEB
F3EEEE
F6F1F1
F6F1F1
F5F0F0
F2EFEE
F4F1F0
FFFDFE
FFFDFE
FFFDFE
FFFDFE
FFFDFE
FFFDFE
FFFEFF
FBF7F8
FBEDEE
B9ABAC
AE9B99
C8B5B3
C8B3B2
BAA5A4
A78989
BEA0A0
C7B6B3
C4B3B0
C4B2B2
C4B2B2
C4B2B2
C3B1B1
C2B2B2
C1B1B1
C4B2B2
C4B2B2
B2A0A0
C3B1B1
C4B3B0
C4B3B0
C4B3B0
C4B3B0
C5B2B0
C2AFAD
C0ADAB
C5B2B0
C9B1B3
988082
956F71
A37D7F
F3C8C4
F4C9C5
D9B2AF
BC9592
C7B6B3
C4B3B0
C2B3B0
C2B3B0
C4B3B0
C2B1AE
D2C5C1
F4E7E3
E1D2CF
C1B2AF
C4B3B0
C4B3B0
C4B3B0
C4B3B0
C4B3B0
C4B3B0
C5B4B1
C5B4B1
C4B3B0
A89794
C1B0AD
C4B3B0
C4B3B0
C4B3B0
C4B3B0
C4B3B0
C2B3B0
C1B2AF
CFB2B0
B19492
D2A39F
FDCECA
D2ABAA
B89190
C6B5B2
C4B3B0
C2B3B0
C1B2AF
C6B5B0
C5B4AF
BF9895
B08986
9F7674
C79E9C
C5B8B4
C0B3AF
C4B3B0
C4B3B0
C4B3B0
C4B3B0
C4B3B0
C4B3B0
C4B3B0
C4B3B0
C4B3B0
C4B3B0
C4B3B0
C4B3B0
C4B3B0
C4B3B0
CAB1AF
C8AFAD
B1908B
FAD9D4
FFF6F6
FFF4F4
FFF4EF
F3E2DD
F2CBCC
C9A2A3
B69D9D
C4ABAB
DBC3C5
9E8688
887072
887072
BAA6A7
C7B3B4
C5B1B2
C4B0B1
C4B2B2
C4B2B2
C4B2B2
C4B2B2
C4B3B0
C4B3B0
C4B3B0
C4B3B0
C4B3B0
C4B3B0
C4B3B0
C4B3B0
C4B3B0
C4B3B0
CBB0AD
BA9F9C
B89591
B18E8A
B9A6A4
C7B4B2
C4B3B0
C3B2AF
C4B3B0
C3B2AF
CAB9B6
CBBAB7
C4B3B0
C4B3B0
C6B5B2
C9B8B5
C3B2AF
C4B3B0
C4B3B0
C7B6B3
AE8C8D
A68485
B9908E
B88F8D
B69391
AA8785
A79291
CAB5B4
C4B3B0
C4B3B0
C4B3B0
C4B3B0
C3B4B1
BBACA9
B2AAA7
F9F1EE
F4F1EE
F3F0ED
F3F0ED
F7F4F1
F8EFEC
C9C0BD
A79797
B7A7A7
C7B5B5
C4B2B2
C3B1B1
C3B1B1
C3B1B1
C4B2B2
C5B5B5
B4A4A4
B9B1B2
FBF3F4
FFFFFF
FDFDFD
FEFEFE
FEFEFE
FFFFFF
FFFFFF
FFFFFF
FFFFFF
FFFFFF
FFFFFF
FFFFFF
FFFFFF
FFFFFF
FFFFFF
FFFFFF
FFFFFF
FFFFFF
FFFFFF
FFFFFF
FFFFFF
FFFFFF
FFFFFF
FFFFFF
FFFFFF
FFFFFF
FFFFFF
FFFFFF
FEFEFF
FEFEFE
FEFEFE
FFFFFF
FFFEFD
E8DFDE
B2A9A8
B39FA0
C5B1B2
CBAFAE
C2A6A5
B89796
AE8D8C
FFFEFD
FFFEFD
FFFEFD
FFFEFD
FFFEFD
FEFDFC
FDFCFB
FEFDFC
FEFDFC
FBFAF9
FBF8F7
FDFAF9
FFFEFD
FFFFFF
FFFFFF
FFFFFF
FFFEFE
FEF9F9
F6F1F1
F1ECEC
F2EDED
F5F0F0
F4F1F0
EFECEB
F5F1F2
FFFDFE
FFFDFE
FFFDFE
FFFDFE
FFFDFE
FFFDFE
FFFEFF
FFFCFC
AFA4A4
B8A5A3
C5B2B0
C7B2B1
B49F9E
A78E8C
BFA6A4
C4B5B2
C2B3B0
C4B2B2
C4B2B2
C4B2B2
C4B2B2
C4B2B2
C4B2B2
C4B2B2
C4B2B2
B19F9F
C3B1B1
C4B3B0
C4B3B0
C4B3B0
C4B3B0
C5B2B0
C5B2B0
BEABA9
C5B2B0
C9B3B5
A08A8C
91696C
AF878A
F3CBC6
F0C8C3
E8C0BB
BA928D
C5B4AF
C4B3AE
C4B3B0
C4B3B0
C4B3B0
C3B2AF
C2B3B0
D0C1BE
D7C8C5
C3B4B1
C4B3B0
C4B3B0
C4B3B0
C4B3B0
C4B3B0
C1B0AD
C0AFAC
C7B6B3
C6B5B2
AA9996
B3A29F
C6B5B2
C4B3B0
C4B3B0
C4B3B0
C4B3B0
C2B3B0
C2B3B0
C8B1AE
C0A9A6
B78B86
F4C8C3
F8CCCB
C99D9C
B39A9A
CBB2B2
C1B2AF
C3B4B1
C9B2B1
B69F9E
C1AAA7
C7B0AD
BE8D8B
986765
B89D9A
CFB4B1
C2B2B2
C2B2B2
C4B3B0
C4B3B0
C4B3B0
C4B3B0
C4B3B0
C4B3B0
C4B3B0
C4B3B0
C4B3B0
C4B3B0
C4B3B0
C4B3B0
C5B2B0
C8B5B3
BB9692
D6B1AD
FFF2F2
FFF1F1
FEF5F4
FFF6F5
FADCDA
EACCCA
C7A2A2
BE9999
DCC2C5
A08689
867072
826C6E
AB9597
C9B3B5
C5B1B2
C4B0B1
C1ADAE
C4B0B1
C5B3B3
C4B2B2
C4B3B0
C4B3B0
C4B3B0
C4B3B0
C4B3B0
C4B3B0
C4B3B0
C4B3B0
C4B3B0
C4B3B0
C9B3AE
BDA7A2
B8948D
BA968F
AE9996
C5B0AD
C4B3B0
C3B2AF
C4B3B0
C4B3B0
C5B4B1
CEBDBA
C5B4B1
C5B4B1
C3B2AF
CBBAB7
C6B5B2
C3B2AF
C4B3B0
C5B4B1
C7AEAC
9D8482
B18A89
B99291
B6918D
B6918D
9A8380
C7B0AD
C4B3B0
C4B3B0
C4B3B0
C4B3B0
C4B3B0
C7B6B3
ADA2A0
CCC1BF
FAF7F4
F4F1EE
F4F1EE
F4F1EE
F4F1EE
FAF7F4
EEE0DF
B8AAA9
AB9B9B
BDADAD
C5B3B3
C3B1B1
C3B1B1
C5B3B3
C5B3B3
C6B4B4
B8AAAB
B8AAAB
ECEAEB
FFFFFF
FEFEFE
FEFEFE
FFFFFF
FFFFFF
FFFFFF
FFFFFF
FFFFFF
FFFFFF
FFFFFF
FFFFFF
FFFFFF
FFFFFF
FFFFFF
FFFFFF
FFFFFF
FFFFFF
FFFFFF
FFFFFF
FFFFFF
FFFFFF
FFFFFF
FFFFFF
FFFFFF
FFFFFF
FFFFFF
FFFFFF
FFFFFF
FFFFFF
FFFFFF
FFFFFF
FFFFFF
FAF9F8
D6CECD
ADA5A4
BBA7A8
C7B3B4
C8B1B0
C1AAA9
FFFEFD
FFFEFD
FFFEFD
FFFEFD
FFFEFD
FFFEFD
FFFEFD
FDFCFB
FBF8F7
FFFCFB
FFFEFD
FCF9F8
F6F3F2
F2EFEE
EDE8E8
ECE7E7
F2EDED
F5F0F0
F7EFF0
F7EFF0
F5EDEE
F3EBEC
F5EDEE
F5EDEE
EFE9EB
F6F0F2
FFFDFE
FFFDFE
FEFCFD
FFFDFE
FEFEFE
FEFEFE
FFFAF9
A49B9A
BCABA8
C3B2AF
C6B1B0
AE9998
A88F8D
C1A8A6
C3B4B1
C2B3B0
C4B3B0
C4B3B0
C4B3B0
C4B3B0
C4B2B2
C4B2B2
C4B2B2
C5B3B3
B5A3A3
C1AFAF
C4B3B0
C4B3B0
C4B3B0
C4B3B0
C4B3B0
C5B4B1
BBA7A8
C3AFB0
C9B3B5
AF999B
8D6466
BD9496
F3CDC7
EEC8C2
F0C8C3
BC948F
C1AFA9
C5B3AD
C4B3B0
C4B3B0
C4B3B0
C4B3B0
C4B3B0
C2B1AE
C2B1AE
C4B3B0
C4B3B0
C4B3B0
C4B3B0
C4B3B0
C4B3B0
C3B2AF
B4A3A0
BDACA9
C7B6B3
B9A8A5
A08D8B
C6B3B1
C3B2AF
C4B3B0
C4B3B0
C4B3B0
C2B3B0
C2B3B0
C8B1B0
CAB3B2
B18681
E4B9B4
F7D3CC
F1CDC6
BA9595
C5A0A0
C8B5B3
C4B1AF
B39A9A
C1A8A8
C1B4B0
C1B4B0
D1A8A8
B08787
945D5D
C38C8C
C1B2AF
C4B5B2
C4B1AF
C5B2B0
C2B3AE
C2B3AE
C2B3AE
C2B3AE
C4B3B0
C4B3B0
C4B3B0
C4B3B0
C4B3B0
C4B3B0
C2B3B0
C2B3B0
CDAAA8
B4918F
F6E5E2
FFF4F1
FEF3F5
FFF5F7
FFF3F1
EEDBD9
EEC7C6
C59E9D
D7BBBC
A5898A
846E70
826C6E
9C8688
C8B2B4
C5B1B2
C4B0B1
C2AFAD
BDAAA8
C5B2B0
C5B2B0
C4B3B0
C4B3B0
C4B3B0
C4B3B0
C4B3B0
C4B3B0
C4B3B0
C4B3B0
C4B3B0
C4B3B0
C7B2AF
C2ADAA
B8948D
B9958E
B69E9A
B79F9B
C7B6B3
C3B2AF
C4B3B0
C4B3B0
C3B2AF
CBBAB7
C8B7B4
C3B2AF
C3B2AF
C6B5B2
CBBAB7
C3B2AF
C4B3B0
C4B3B0
C7B4B2
B7A4A2
A27E80
B38F91
B8918E
B8918E
A28A86
B09894
C5B6B3
C2B3B0
C5B2B0
C5B2B0
C4B3B0
C4B3B0
C3B4B1
A99A97
E1DCD8
F6F1ED
F1F0ED
F2F1EE
F3F0ED
F4F1EE
F8F3EF
F9F4F0
DED3D1
B0A5A3
AC9C9C
BEAEAE
C5B3B3
C4B2B2
C4B2B2
C4B2B2
C3B3B3
BEAEAE
B3ABAC
E0D8D9
FFFFFF
FFFEFF
FDFFFE
FDFFFE
FEFEFE
FEFEFE
FEFEFE
FEFEFE
FEFEFE
FEFEFE
FFFFFF
FFFFFF
FFFFFF
FFFFFF
FFFFFF
FFFFFF
FFFFFF
FFFFFF
FFFFFF
FFFFFF
FFFFFF
FFFFFF
FFFFFF
FFFFFF
FFFFFF
FFFFFF
FFFFFF
FFFFFF
FFFFFF
FFFFFF
FDFFFE
FDFFFE
FFFFFF
F5F4F3
CDC4C3
B0A7A6
BFADAD
C5B3B3
FFFEFD
FFFEFD
FFFEFD
FFFFFE
FFFFFE
FFFFFE
FFFEFD
FCF9F8
F7F4F3
EDEAE9
E1DEDD
D9D6D5
D8D3D3
D8D3D3
D7D2D2
D7D2D2
D9D1D2
D9D1D2
D9D1D2
DBD3D4
E1D9DA
E6DEDF
EAE2E3
F0E8E9
F0ECED
EEEAEB
F1EDEE
FEFAFB
FEFCFD
FFFDFE
FEFEFE
FFFFFF
FBF0F0
9F9494
C2B1AE
C4B3B0
C8B1B0
AC9594
AB8F8E
C2A6A5
C4B3B0
C4B3B0
C4B3B0
C4B3B0
C4B3B0
C4B3B0
C4B3B0
C4B3B0
C4B2B2
C6B4B4
B5A3A3
BEACAC
C5B4B1
C4B3B0
C4B3B0
C4B3B0
C4B3B0
C5B4B1
BEA8AA
C1ABAD
C9B4B3
BDA8A7
906362
C89B9A
F4CEC8
EEC8C2
F4C9C5
CA9F9B
BBA59E
C9B3AC
C4B3B0
C4B3B0
C4B3B0
C4B3B0
C4B3B0
C4B3B0
C4B3B0
C4B3B0
C4B3B0
C4B3B0
C4B3B0
C4B3B0
C4B3B0
C4B3B0
C1B0AD
A59491
BDAAA8
CAB7B5
9B8685
BCA7A6
C4B3B0
C3B2AF
C4B3B0
C4B3B0
C2B3B0
C2B3B0
C5B1B2
C8B4B5
BA928D
C8A09B
F5D4CF
FAD9D4
EEC2C3
B88C8D
C1A3A3
BA9C9C
BBA8A6
C7B4B2
C4B2B2
C4B2B2
C9B2AF
C6AFAC
BC7F80
AC6F70
B38A8A
C49B9B
C4B6B5
C0B2B1
C1B2AD
C2B3AE
C4B3AE
C3B2AD
C4B3B0
C5B4B1
C4B3B0
C4B3B0
C4B3B0
C4B3B0
C2B3B0
C2B3B0
CFB2AE
B29591
D8C1BE
FFF5F2
FEF5F4
FEF5F4
FFF4F3
FFF2F1
F5D4D3
DBBAB9
D9BBBD
A18385
866E70
876F71
8D797A
C5B1B2
C5B1B2
C4B0B1
C6B1B0
C2ADAC
BDA8A7
C6B1B0
C4B3B0
C4B3B0
C4B3B0
C4B3B0
C4B3B0
C4B3B0
C4B3B0
C4B3B0
C4B3B0
C4B3B0
C6B3AF
C5B2AE
BD9B94
B29089
BC9F9B
B69995
BCABA8
C5B4B1
C4B3B0
C4B3B0
C3B2AF
C7B6B3
CBBAB7
C3B2AF
C4B3B0
C2B1AE
CAB9B6
C6B5B2
C3B2AF
C4B3B0
C2B3B0
C5B6B3
B29496
A28486
B99090
B88F8F
B19391
A28482
C0AFAC
C5B4B1
C4B3B0
C4B3B0
C4B3B0
C3B2AF
C5B4B1
BCABA8
A9A19E
F0E8E5
ECE9E6
EEEBE8
F1EEEB
F3F0ED
F4F1EE
F5F2EF
FAF5F1
F6F1ED
D8CDCB
B2A7A5
B2A0A0
BFADAD
C5B3B3
C4B2B2
C4B2B2
C4B2B2
C2B2B4
B9A9AB
C9C1C2
F8F0F1
FFFFFF
FEFEFE
FFFFFF
FDFDFD
FDFDFD
FEFEFE
FEFEFE
FEFEFE
FFFFFF
FFFFFF
FFFFFF
FFFFFF
FFFFFF
FFFFFF
FFFFFF
FFFFFF
FFFFFF
FFFFFF
FFFFFF
FFFFFF
FFFFFF
FFFFFF
FFFFFF
FFFFFF
FFFFFF
FFFFFF
FFFFFF
FFFFFF
FFFFFF
FFFFFF
FEFEFE
FFFFFF
FFFFFF
F0EDEC
CBBDBE
B9ABAC
FFFFFE
FFFFFF
FFFEFD
FDFAF9
F6F3F2
EDEAE9
E4E1E0
DDDAD9
D9D6D5
D6D3D2
D7D2D2
D8D3D3
D9D4D4
DAD5D5
DDD5D6
DDD5D6
DDD5D6
DED6D7
DED6D7
DDD5D6
E2DADB
F5EDEE
F9F4F4
FCF7F7
FEFAFB
FCF8F9
F4F0F1
F2EEEF
FAF8F9
FEFCFD
FDFDFD
FFFFFF
F0E5E5
9D9292
C6B5B2
C3B2AF
C5ACAC
AD9494
AD8F8F
C4A6A6
C4B3B0
C4B3B0
C4B3B0
C4B3B0
C4B3B0
C4B3B0
C4B3B0
C4B3B0
C4B2B2
C5B3B3
BCAAAA
BDABAB
C5B4B1
C4B3B0
C4B3B0
C4B3B0
C4B3B0
C4B3B0
C3ADAF
BBA5A7
CAB3B2
C8B1B0
956867
CEA1A0
F3CFC8
EDC9C2
F2C7C3
E0B5B1
B59A95
CDB2AD
C2B3B0
C2B3B0
C4B3B0
C4B3B0
C4B3B0
C4B3B0
C4B3B0
C4B3B0
C4B3B0
C4B3B0
C4B3B0
C4B3B0
C4B3B0
C4B3B0
C5B4B1
BCABA8
9C8786
BDA8A7
B49D9C
A68F8E
C7B6B3
C3B2AF
C4B3B0
C4B3B0
C4B3B0
C4B3B0
C2B2B2
C3B3B3
CBA2A0
B28987
EACCC8
FFE1DD
FAD5D1
E4BFBB
AE8283
C29697
C9B7B9
C3B1B3
C5B1B2
C4B0B1
C1B3B2
C3B5B4
D0A7A5
A9807E
C68587
CF8E90
AC8D8D
CAABAB
C2B5B1
C0B3AF
C3B2AF
C4B3B0
C3B3B3
C3B3B3
C4B3B0
C4B3B0
C4B3B0
C4B3B0
C2B2B2
C2B2B2
CAB2AE
C3ABA7
B89B99
FFEDEB
FFF6F5
FDF4F3
FFF4F2
FFF5F3
FFEDEA
D8C3C0
DABCBE
AE9092
876A6E
8C6F73
837171
BEACAC
C6B2B3
C5B1B2
C5B0AF
C8B3B2
BFA8A7
BEA7A6
C6B3B1
C5B2B0
C4B3B0
C4B3B0
C4B3B0
C4B3B0
C4B3B0
C4B3B0
C4B3B0
C4B3B0
C5B2B0
C6B3B1
C5A49F
B2918C
B29490
C5A7A3
AC9794
C5B0AD
C5B2B0
C5B2B0
C4B3B0
C3B2AF
CBBAB7
C4B3B0
C4B3B0
C3B2AF
C5B4B1
CAB9B6
C5B2B0
C5B2B0
C2B3B0
C3B4B1
C3AEAD
A69190
B18C8C
B89393
B79292
AD8888
A89593
C8B5B3
C4B3B0
C4B3B0
C4B3B0
C3B2AF
C4B3B0
C6B5B2
ACA19F
CABFBD
F8F5F2
EFECE9
ECE9E6
EBE8E5
E9E8E5
EDECE9
F1EEEB
F2EFEC
F9F4F2
F7F2F0
DACFCD
B6ABA9
B6A4A4
C3B1B1
C5B3B3
C3B1B1
C5B1B2
C7B3B4
B9ABAC
B6A8A9
DBD7D8
F9F5F6
FBFBFB
FDFDFD
FEFEFE
FEFEFE
FDFDFD
FDFDFD
FEFEFE
FFFFFF
FFFFFF
FFFFFF
FFFFFF
FFFFFF
FFFFFF
FFFFFF
FFFFFF
FFFFFF
FFFFFF
FFFFFF
FFFFFF
FFFFFF
FFFFFF
FFFFFF
FFFFFF
FFFFFF
FFFFFF
FFFFFF
FFFFFF
FFFFFF
FFFFFF
FFFFFF
FDFFFE
FFFFFF
FFFFFF
EAE7E6
EFECEB
E8E5E4
E0DDDC
D9D6D5
D7D4D3
D7D4D3
D8D3D3
D9D4D4
DCD4D5
DBD3D4
DBD3D4
DBD3D4
DED6D7
E1D9DA
E2DADB
E2DADB
E2DADB
E2DADB
E0DBDB
DFDADA
DED6D7
E2DADB
FAF5F5
FFFFFF
FFFDFE
FFFEFF
FFFEFF
FEFCFD
FEFCFD
FFFDFE
FEFEFE
FFFFFF
E2D7D7
9C9191
C5B6B3
C2B3B0
C2A6A7
AA8E8F
AE9090
C5A7A7
C5B4B1
C4B3B0
C4B3B0
C4B3B0
C4B3B0
C4B3B0
C4B3B0
C4B3B0
C4B2B2
C5B3B3
BEACAC
B9A7A7
C5B4B1
C4B3B0
C4B3B0
C4B3B0
C4B3B0
C3B2AF
C6B3B1
B7A4A2
C6AFAE
CCB5B4
A5797A
D4A8A9
F6D5D0
ECCBC6
EFC7C2
EDC5C0
B59793
CDAFAB
C2B3B0
C2B3B0
C4B3B0
C4B3B0
C4B3B0
C4B3B0
C4B3B0
C4B3B0
C4B3B0
C4B3B0
C4B3B0
C4B3B0
C4B3B0
C4B3B0
C4B3B0
C7B6B3
BBA6A5
917C7B
AA9392
97807F
C1AEAC
C5B2B0
C4B3B0
C4B3B0
C4B2B2
C4B2B2
C2B2B2
C2B2B2
D4AFAD
AA8583
E0BFBC
F7D6D3
FFF0ED
EACFCC
DEAEAE
C89898
BEA0A2
CFB1B3
C2B2B2
C1B1B1
C4B2B2
C4B2B2
CAB3B0
C5AEAB
B07B79
D6A19F
DFADAA
B68481
B69E9A
CAB2AE
C3B4B1
C2B3B0
C4B3B0
C4B3B0
C4B3B0
C4B3B0
C4B3B0
C4B3B0
C2B3B0
C2B3B0
C5B2AE
C7B4B0
B29492
EFD1CF
FFF8F7
FCF3F2
FFF4F4
FFF4F4
FFF6F3
E6D7D4
D7B8B8
CEAFAF
A48285
8D6B6E
806C6D
B39FA0
C8B4B5
C5B1B2
C5B2B0
C7B4B2
C6B1B0
B8A3A2
C1ACAB
C8B3B2
C4B3B0
C4B3B0
C4B3B0
C4B3B0
C4B3B0
C4B3B0
C4B3B0
C4B3B0
C4B3B0
C5B4B1
C9ACA6
B39690
AA8984
C2A19C
B8A3A0
B19C99
C6B3B1
C5B2B0
C4B3B0
C3B2AF
C8B7B4
C8B7B4
C3B2AF
C4B3B0
C2B1AE
C6B5B2
C8B7B4
C4B3B0
C4B3B0
C3B2AF
C6B5B2
B7A6A3
AF9191
AC8E8E
B79292
B89393
9D8484
BEA5A5
C5B6B3
C2B3B0
C4B3B0
C4B3B0
C4B3B0
C4B3B0
C3B3B3
A69696
E3DEDC
FBF6F4
F5F2EF
F3F0ED
F1EEEB
F0EDEA
EDEAE7
EBE8E5
EBE8E5
EDEAE7
F4EFED
F5F0EE
DBD0D0
B6ABAB
BAA8A8
C4B2B2
C5B1B2
C5B1B2
C5B3B3
C4B2B2
BBB2B1
C7BEBD
E8E4E5
F2EEEF
F1F1F1
F8F8F8
FDFDFD
FEFEFE
FFFFFF
FFFFFF
FFFFFF
FFFFFF
FFFFFF
FFFFFF
FFFFFF
FFFFFF
FFFFFF
FFFFFF
FFFFFF
FFFFFF
FFFFFF
FFFFFF
FFFFFF
FFFFFF
FFFFFF
FFFFFF
FFFFFF
FFFFFF
FFFFFF
FFFFFF
FFFFFF
FFFFFF
FEFFFF
FEFFFF
FFFFFF
FFFFFF
D7D2D2
D9D4D4
D9D6D5
D9D6D5
D9D6D5
D9D6D5
DAD5D5
DAD5D5
DDD4D5
DCD3D4
DDD4D5
E0D7D8
E2DADB
E2DADB
E2DADB
E2DADB
E0DBDB
E0DBDB
E0DBDB
E0DBDB
E2DADB
DED6D7
DED6D7
F9F1F2
FFFEFF
FEFCFD
FFFDFE
FFFEFF
FFFDFE
FFFDFE
FEFEFE
FFFFFF
D6CBCB
A19696
C5B6B3
C3B4B1
BD9FA1
AE9092
AE9090
C4A6A6
C3B4B1
C2B3B0
C4B3B0
C4B3B0
C4B3B0
C4B3B0
C4B3B0
C4B3B0
C4B2B2
C4B2B2
C0AEAE
B7A5A5
C4B3B0
C4B3B0
C4B3B0
C4B3B0
C4B3B0
C4B3B0
C6B3B1
BCA9A7
BEA9A8
CAB5B4
BD9697
D5AEAF
FADDD7
EFD2CC
EEC8C2
F3CDC7
C3A5A1
C3A5A1
C3B4B1
C2B3B0
C4B3B0
C4B3B0
C4B3B0
C4B3B0
C4B3B0
C4B3B0
C4B3B0
C4B3B0
C4B3B0
C4B3B0
C4B3B0
C4B3B0
C4B3B0
C4B3B0
C8B5B3
B7A4A2
8F7676
897070
A79492
C8B5B3
C3B2AF
C4B3B0
C4B2B2
C4B2B2
C2B2B2
C2B2B2
D2B1B0
B39291
D1ABA5
F5CFC9
FFF1EE
FDEEEB
F5D2CE
EBC8C4
CA9E9D
BB8F8E
C0AEAE
C6B4B4
C4B3B0
C4B3B0
C4B2B2
C6B4B4
CEA9A7
A88381
DBAFAA
F5C9C4
C49798
B08384
BDA6A3
CAB3B0
C4B5B2
C3B4B1
C4B3B0
C4B3B0
C4B3B0
C4B3B0
C2B3AE
C2B3AE
C5B2B0
C6B3B1
C2A5A3
C8ABA9
FFF7F5
FFF4F2
FFF4F4
FEF3F3
FFF6F2
EBDEDA
D9B6B4
D6B3B1
D4ACAF
8A6265
836D6F
A89294
C8B6B6
C4B2B2
C3B2AF
C8B7B4
C9B4B3
C1ACAB
B49D9C
C5AEAD
C5B2B0
C5B2B0
C4B3B0
C4B3B0
C4B3B0
C4B3B0
C4B3B0
C4B3B0
C2B3B0
C2B3B0
CBB0AB
B99E99
B08F8A
AD8C87
C7B2AF
B19C99
BAA9A6
C7B6B3
C4B3B0
C4B3B0
C4B3B0
CAB9B6
C3B2AF
C4B3B0
C4B3B0
BEADAA
C6B5B2
C4B3B0
C4B3B0
C4B3B0
C2B3B0
C4B5B2
AF9A99
B19C9B
AB8888
B79494
AD8F8F
A18383
C4B3B0
C4B3B0
C4B3B0
C4B3B0
C4B3B0
C4B3B0
C4B2B2
BDABAB
ACA4A3
F7EFEE
F3F2EF
F2F1EE
F4F1EE
F4F1EE
F5F2EF
F4F1EE
F2EFEC
F0EDEA
EDEAE7
EEEBE8
F1ECEA
ECE7E5
D1C3C4
B4A6A7
BDACA9
C5B4B1
C4B3B0
C4B3B0
CBBBBB
CABABA
BAB2B3
E0D8D9
F0F0F0
E8E8E8
E8E8E8
ECECEC
F4F2F3
F9F7F8
FDFBFC
FFFEFF
FFFFFF
FFFFFF
FFFFFF
FFFFFF
FFFFFF
FFFFFF
FFFFFF
FFFFFF
FFFFFF
FFFFFF
FFFFFF
FFFFFF
FFFFFF
FFFFFF
FFFFFF
FFFFFF
FFFFFF
FFFFFF
FFFFFF
FFFFFF
FFFEFF
FFFEFF
FFFFFF
FFFFFF
E6E3E2
DAD7D6
DDD8D8
DDD8D8
D8D5D4
D9D6D5
DDD4D5
DCD3D4
DDD2D4
DDD2D4
DDD4D3
E0D7D6
E1D8DB
E1D8DB
E1D8DB
E2D9DC
E2D9DC
E2D9DC
E2DADB
E0D8D9
E0D7D8
DED5D6
DBD2D3
DFD6D7
FCF6F8
FFFCFE
FFFDFE
FFFDFE
FFFDFE
FFFDFE
FFFDFE
FFFFFF
CEC0C1
A59798
C7B6B3
C5B4B1
BE9D9C
B1908F
B09493
C3A7A6
C3B4B1
C2B3B0
C4B3B0
C4B3B0
C4B3B0
C4B3B0
C4B3B0
C4B3B0
C4B2B2
C4B2B2
C3B1B1
B4A2A2
C5B4B1
C4B3B0
C4B3B0
C4B3B0
C4B3B0
C4B3B0
C5B2B0
C3B0AE
B6A3A1
C8B5B3
C7A6A5
C9A8A7
F9DCD6
FBDED8
ECC6C0
F0CAC4
DAB7B5
B99694
C4B5B2
C2B3B0
C4B3B0
C4B3B0
C4B3B0
C4B3B0
C2B3B0
C2B3B0
C4B3B0
C4B3B0
C4B3B0
C4B3B0
C4B3B0
C4B3B0
C4B3B0
C4B3B0
C4B3B0
C7B6B3
B8A3A2
887372
8B7473
C2ABAA
C7B4B2
C4B1AF
C4B3B0
C4B3B0
C4B2B2
C4B2B2
CCB0AF
BDA1A0
BE9593
F3CAC8
F7E9E8
FFF5F4
FFF1EC
F3E2DD
F5CCCA
DBB2B0
B5928E
BE9B97
C2B3AE
C3B4AF
C1B2AF
C2B3B0
C8B3B0
C2ADAA
AD8484
DDB4B4
FFE1DD
E3C0BC
BD8D8D
B78787
C1ABA6
CBB5B0
C3B4B1
C2B3B0
C4B3B0
C4B3B0
C2B3B0
C2B3B0
C4B3B0
C4B3B0
C6B3B1
B09D9B
F5E7E6
FFF5F4
FDF4F3
FDF4F3
FFF4F3
EBDDDC
DAB9B6
D7B6B3
F6C9C8
9D706F
816A69
9E8786
C7B5B5
C4B2B2
C1B1B1
C8B8B8
C8B6B6
C4B2B2
B9A09E
B49B99
C6B3B1
C5B2B0
C4B3B0
C4B3B0
C4B3B0
C4B3B0
C4B3B0
C4B3B0
C4B3B0
C4B3B0
CAB2AE
C0A8A4
B5928E
AE8B87
B29D9A
C9B4B1
AD9C97
BFAEA9
C4B3B0
C4B3B0
C3B2AF
C8B7B4
C5B4B1
C4B3B0
C4B3B0
C2B1AE
B8A7A4
C7B6B3
C3B2AF
C3B2AF
C4B3B0
C6B5B2
BEABA7
AD9A96
BC9E9E
A68888
B89595
A98686
A6938F
C8B5B1
C4B3B0
C4B3B0
C4B3B0
C4B3B0
C4B2B2
C6B4B4
ACA19F
C3B8B6
FAF7F4
F4F1EE
F4F1F0
F4F1F0
F4F1F0
F4F1F0
F4F1F0
F4F1F0
F5F2F1
F5F2F1
F4F1F0
F4F1F0
F7F2F0
E8E3E1
C7BCBA
B3A8A6
C0B1AE
C5B6B3
C5B4B1
CCBBB8
D5C7C8
C0B2B3
C6C1C1
F1ECEC
F1EFF0
E8E6E7
E1E1E1
E0E0E0
E5E3E4
EAE8E9
EDEBEC
F1EFF0
F4F3F2
F7F6F5
FBFAF9
FEFDFC
FFFDFE
FFFEFF
FFFFFF
FFFFFF
FFFFFF
FFFFFF
FFFFFF
FFFFFF
FFFFFF
FFFFFF
FEFEFE
FFFFFF
FFFFFF
FFFFFF
FFFFFF
FFFFFF
FFFFFF
FFFFFF
EAE7E6
DCD9D8
E0DBDB
DBD6D6
D9D4D4
DCD7D7
E2D7D9
DDD2D4
DDD2D4
DDD2D4
DDD5D6
DFD7D8
DED5D8
DED5D8
DED6D7
DED6D7
DED6D7
DED6D7
DED5D6
DDD4D5
DCD3D4
DCD3D4
DDD2D4
DBD0D2
E4DFDF
FFFCFC
FFFDFE
FFFDFE
FFFDFE
FFFDFE
FFFDFE
FFFFFF
C7B7B9
AA9A9C
C6B5B2
C5B4B1
B89796
B29190
B19594
BFA3A2
C3B4B1
C2B3B0
C4B3B0
C4B3B0
C4B3B0
C4B3B0
C4B3B0
C4B3B0
C4B2B2
C4B2B2
C5B3B3
B6A4A4
C2B1AE
C4B3B0
C4B3B0
C4B3B0
C4B3B0
C4B3B0
C4B3B0
C5B4B1
BBA8A6
BFACAA
CDAFAF
C0A2A2
F2DAD4
FFECE6
EEC7C4
ECC5C2
EEC7C4
BB9491
C3B2AF
C4B3B0
C4B3B0
C4B3B0
C4B3B0
C4B3B0
C4B3B0
C4B3B0
C5B4B1
C4B3B0
C2B3B0
C2B3B0
C4B3B0
C4B3B0
C4B3B0
C4B3B0
C4B3B0
C4B3B0
C8B5B3
B6A3A1
886C6D
9A7E7F
C9B6B4
C5B2B0
C4B3B0
C4B3B0
C2B2B2
C2B2B2
C8B1B0
C5AEAD
B28987
EDC4C2
F1E2DF
FFF4F1
FFF5F0
FFF8F3
FFEDE9
F3E0DC
F3C7CA
D0A4A7
B28E90
C39FA1
C3B6B0
C2B5AF
C1B2AD
C4B5B0
D0ABAB
AE8989
D2BAB6
FFF4F0
FFE5E2
D8B7B4
B98989
BC8C8C
BEAAA5
C8B4AF
C3B6B2
C1B4B0
C6B1B0
C6B1B0
C2B3B0
C2B3B0
C8B3B2
B8A3A2
D2C4C3
FFF7F6
FFF4F4
FFF4F4
FFF4F4
EDDDDD
D7BAB8
DABDBB
F9CDCC
CCA09F
7E6263
997D7E
C4B4B4
C3B3B3
C1B1B1
C8B8B8
C8B6B6
C4B2B2
C5ACAC
AC9393
BFA8A7
C9B2B1
C4B3B0
C4B3B0
C4B3B0
C4B3B0
C4B3B0
C4B3B0
C4B3B0
C4B3B0
C9B2AF
C4ADAA
B79492
B59290
A4908B
BCA8A3
C0AFAA
B09F9A
C4B3B0
C4B3B0
C3B2AF
C5B4B1
C6B5B2
C4B3B0
C4B3B0
C5B4B1
B7A6A3
BFAEAB
C5B4B1
C4B3B0
C4B3B0
C4B3B0
C7B4B2
AE9B99
BFA6A6
B79E9E
AA8688
B89496
9E8281
BCA09F
C8B7B4
C4B3B0
C4B3B0
C4B3B0
C4B2B2
C4B2B2
C3B3B3
A59595
DBD6D4
FAF5F3
F5F2F1
F4F1F0
F4F1F0
F4F1F0
F4F1F0
F4F1F0
F4F1F0
F4F1F0
F4F1F0
F4F1F0
F4F1F0
F6F3F2
FAF2F1
E1D9D8
BEB0AF
B6A8A7
C3B2AF
C3B2AF
C6B6B6
DACACA
C8BDBD
B8ADAD
D6D0D2
F4EEF0
EEEAEB
E8E4E5
E6E0E2
E4DEE0
E6E0E2
E8E2E4
E9E6E5
ECE9E8
ECE9E8
ECE9E8
ECEAEB
EEECED
F0EEEF
F1EFF0
F4F2F3
F6F4F5
F7F7F7
F9F9F9
FBFBFB
FDFDFD
FEFEFE
FFFFFF
FFFFFF
FFFFFF
FFFFFF
FFFFFF
FFFFFF
FFFFFF
DAD5D5
E1DCDC
DAD5D5
DBD6D6
DFDADA
F4EFEF
EADFE1
DCD1D3
DDD2D4
DED3D5
E0D7DA
E2D9DC
E1D8DB
E1D8DB
E1D8D9
DED5D6
DDD4D5
DCD3D4
DCD3D4
DCD3D4
DDD2D4
DDD2D4
DDD2D4
DCD1D3
D9D1D2
F5EDEE
FFFEFF
FFFDFE
FFFDFE
FFFDFE
FFFDFE
FFFFFF
C3B1B3
B09EA0
C6B5B2
C5B4B1
B49392
B29190
B29695
BEA2A1
C3B4B1
C2B3B0
C4B3B0
C4B3B0
C4B3B0
C4B3B0
C4B3B0
C4B3B0
C4B2B2
C4B2B2
C5B3B3
B5A3A3
C0AFAC
C4B3B0
C4B3B0
C4B3B0
C4B3B0
C4B3B0
C4B3B0
C4B3B0
C4B1AF
BAA7A5
CAB3B0
BDA6A3
DCC8C3
FFF4EF
F7D6D1
E8C7C2
F4C9C5
CCA19D
B9A4A1
C7B2AF
C4B3B0
C4B3B0
C4B3B0
C4B3B0
C5B2B0
BDAAA8
BCA7A6
C7B2B1
C5B4B1
C4B3B0
C4B3B0
C4B3B0
C4B3B0
C4B3B0
C4B3B0
C4B3B0
C4B1AF
C8B5B3
BD9FA1
896B6D
AF9A99
C9B4B3
C3B2AF
C4B3B0
C4B2B2
C4B2B2
C5B2B0
C7B4B2
B38786
E4B8B7
F0DFDC
FFF3F0
FEF5F2
FEF5F2
FFF6F3
FFF7F4
FFEDEC
F7E2E1
EEC4C8
C3999D
B39090
C5A2A2
C4B6AF
C3B5AE
C6B1AE
C3AEAB
AA8889
E7C5C6
FFFDF5
FFF9F1
FFE5DF
DFC1BB
C39796
B88C8B
B8A09C
C7AFAB
C3B6B2
C2B5B1
C2B3B0
C2B3B0
C5B2B0
C2AFAD
B4A2A2
FFF1F1
FFF6F5
FEF5F4
FFF3F2
EEE0DF
CDB9B4
E1CDC8
FFE0DE
EAC7C5
997778
927071
C1B1B1
C2B2B2
C1B1B1
C8B8B8
C7B7B7
C2B2B2
C9B0B0
B79E9E
AD9494
C9B0B0
C4B3B0
C4B3B0
C4B3B0
C4B3B0
C4B3B0
C4B3B0
C4B3B0
C4B3B0
C5B2AE
C5B2AE
BD9A98
B69391
9F8B86
98847F
BDAEAB
BAABA8
B6A3A1
C6B3B1
C3B0AE
C4B1AF
C4B3B0
C4B3B0
C4B3B0
C4B3B0
C3B2AF
AF9E9B
C3B2AF
C4B3B0
C4B3B0
C4B3B0
C4B1AF
C0ADAB
A99493
C8B3B2
BA9B9B
A98A8A
B59394
9F7D7E
BCABA8
C5B4B1
C4B3B0
C4B3B0
C4B2B2
C4B2B2
C5B3B3
BFADAD
A69D9C
F6EDEC
F6F3F2
F3F0EF
F4F1F0
F4F1F0
F4F1F0
F4F1F0
F4F1F0
F4F1F0
F4F1F0
F4F1F0
F2F1F0
F1F0EF
F4EFEF
F7F2F2
F7EEED
D5CCCB
B5A5A5
BAAAAA
C4B3B0
C5B4B1
D7C8C5
DACBC8
B6ADAE
BFB6B7
EBE8E7
FAF7F6
F2EEEF
EFEBEC
EDE9EA
E7E3E4
E5E2E1
E7E4E3
EAE7E6
EFECEB
EFEEED
F0EFEE
EFEDEE
EEECED
ECEAEB
EBE9EA
EBEAE9
EBEAE9
EBEAE9
EBEAE9
ECEBEA
EEEDEC
EEEDEC
EFEEED
F2F1F0
F4F3F2
F6F5F4
F8F7F6
E2DDDD
DCD7D7
D7D4D3
DFDCDB
F7F2F2
FBF6F6
E4DBDC
DAD1D2
DDD2D4
DED3D5
DED5D6
DFD6D7
DFD6D7
E0D7D8
DFD6D7
DED5D6
DCD3D4
DCD3D4
DDD2D4
DDD2D4
DDD2D4
DDD2D4
DDD2D4
DDD2D4
DBD1D4
E4DADD
FFFAFC
FFFCFE
FFFDFE
FFFDFE
FFFDFE
FFFFFF
BEACAE
B2A0A2
C6B5B2
C5B4B1
B49392
B29190
B79B9A
BCA09F
C3B4B1
C2B3B0
C4B3B0
C4B3B0
C4B3B0
C4B3B0
C4B3B0
C4B3B0
C4B2B2
C4B2B2
C5B3B3
B9A7A7
BDACA9
C5B4B1
C4B3B0
C4B3B0
C4B3B0
C4B3B0
C4B3B0
C4B3B0
C8B3B2
BFAAA9
C2ABA8
C4ADAA
CBB9B3
FFF3ED
FFECE5
E6D0C9
F1C6C1
E5BAB5
AF9290
CEB1AF
C2B3B0
C2B3B0
C4B3B0
C4B3B0
C4B1AF
C3B0AE
B79999
B69898
C0A9A6
C9B2AF
C5B4B1
C4B3B0
C4B3B0
C4B3B0
C4B3B0
C4B3B0
C4B3B0
C4B3B0
CCB5B4
B8A1A0
967A7B
C4A8A9
C5B4B1
C4B3B0
C4B2B2
C4B2B2
C4B3B0
C7B6B3
BD9091
D3A6A7
EDDAD6
FFF1ED
FEF5F2
FEF5F2
FFF4F2
FFF4F2
FFF6F3
FFF7F4
FFF1EF
FCE9E7
ECC5C6
C19A9B
AF918D
C2A4A0
C4B3AE
C6B5B0
CAABAB
AF9090
E6D7D4
FFF9F6
FFFAF7
FFFFFE
FFF8F4
F8E0DC
DFB3B6
CA9EA1
C19DA1
CBA7AB
C9B4B3
CAB5B4
C9B6B4
C8B5B3
AE9796
EED7D6
FFFFFF
FFFBF8
FFFAF8
F7ECEA
D9B7B8
D4B2B3
D0AFAC
EAC9C6
C6A1A1
896464
BFADAD
C6B4B4
C1B1B1
C7B7B7
C7B7B7
C2B2B2
C9B2B1
C2ABAA
AC908F
C0A4A3
C5B4B1
C4B3B0
C4B3B0
C4B3B0
C4B3B0
C4B3B0
C4B3B0
C4B3B0
C4B3B0
C5B4B1
C5A2A2
B79494
9C8681
937D78
A29390
C2B3B0
B7A4A2
B9A6A4
C6B3B1
C4B1AF
C3B2AF
C4B3B0
C4B3B0
C4B3B0
C6B5B2
B4A3A0
B7A6A3
C5B4B1
C4B3B0
C4B3B0
C5B2B0
C7B4B2
B39E9D
B6A1A0
CDB6B3
BBA4A1
B29091
AF8D8E
967F7C
C4ADAA
C5B4B1
C4B3B0
C4B2B2
C4B2B2
C4B2B2
C6B4B4
B1A3A4
BBADAE
F9F6F5
F3F0EF
F4F1F0
F4F1F0
F4F1F0
F4F1F0
F4F1F0
F4F1F0
F4F1F0
F4F1F0
F4F1F0
F4F1F0
F4F1F0
F4F1F0
F5F0F0
F9F4F4
EFE6E5
C2B9B8
B0A19E
BFB0AD
C4B5B2
D4C5C2
DACCCB
C2B4B3
A79FA0
C9C1C2
F0ECED
F8F4F5
F5F1F2
F4F0F1
F3F0EF
F1EEED
EEEBEA
ECE9E8
EAE7E6
EAE7E6
EFEBEC
F3EFF0
F5F2F1
F6F3F2
F5F2F1
F4F1F0
F4F1F0
F4F1F0
F1F0EF
F0EFEE
EFEEED
EDECEB
EDECEB
ECEBEA
EBEAE9
EBEAE9
DFDADA
DAD5D5
DBD8D7
F5F2F1
F9F8F7
F8F7F6
E5DCDD
DAD1D2
DDD2D4
DDD2D4
DDD2D4
DCD1D3
DDD2D4
DDD2D4
DCD3D4
DCD3D4
DDD2D4
DDD2D4
DDD2D4
DCD1D3
DBD0D2
DDD2D4
DDD2D4
DDD2D4
DCD1D3
DBD0D2
F4EEF0
FFFDFF
FFFDFE
FFFDFE
FFFDFE
FFFFFF
BAA8AA
B4A2A4
C6B5B2
C4B3B0
B59493
B29190
BCA09F
BDA1A0
C5B4B1
C4B3B0
C4B3B0
C4B3B0
C4B3B0
C4B3B0
C4B3B0
C4B3B0
C4B2B2
C4B2B2
C5B3B3
BCAAAA
B8A7A4
C5B4B1
C4B3B0
C4B3B0
C4B3B0
C4B3B0
C2B3B0
C3B4B1
C5B2B0
C4B1AF
B79A98
CBAEAC
BEAAA5
FBE7E2
FFF6F1
EFE0DB
EFC4C0
F4C9C5
BA9795
C7A4A2
C2B3B0
C2B3B0
C4B3B0
C4B3B0
C3B2AD
C4B3AE
CBAEAC
B99C9A
B59998
B99D9C
C2AFAD
C6B3B1
C2B3B0
C2B3B0
C2B3B0
C2B3B0
C4B3B0
C4B3B0
C3B2AF
C7B6B3
C2A4A6
AD8F91
C0ABAA
C9B4B3
C4B2B2
C4B2B2
C4B3B0
C5B4B1
C89F9F
BD9494
EBD5D0
FFEFEA
FFF4F2
FFF4F2
FEF5F2
FEF5F2
FFF3F2
FFF2F1
FDF5EF
FFF8F2
FFF6F1
FFF0EB
EFCECB
C4A3A0
B39291
C1A09F
C8B4AD
C5B1AA
B19395
F0D2D4
E8D7DD
C6B5BB
B39FA2
937F82
98787D
8B6B70
72454C
6D4047
6F474C
8D656A
B39C9B
CBB4B3
CDB0AE
A08381
C9ADAC
DEC2C1
EDC7CB
DBB5B9
A0636D
8E515B
DFC2C0
FFE2E0
E4BDBE
8D6667
BAA9A6
C6B5B2
C1B1B1
C8B8B8
C7B7B7
C1B1B1
C7B1B3
C5AFB1
B69A99
AF9392
C4B3B0
C4B3B0
C4B3B0
C4B3B0
C4B3B0
C4B3B0
C4B3B0
C4B3B0
C2B3B0
C3B4B1
C8A9A9
B59696
A58D89
947C78
988B87
A49793
C6B3B1
B29F9D
BEABA9
C6B3B1
C3B2AF
C4B3B0
C3B2AF
C4B3B0
C4B3B0
C2B1AE
AB9A97
C4B3B0
C4B3B0
C4B3B0
C5B2B0
C4B1AF
C3B0AE
A89593
C3B2AF
C7B6B3
C2A6A5
AF9392
A18584
9F8382
C5B4B1
C4B3B0
C4B2B2
C4B2B2
C3B1B1
C3B1B1
C5B5B7
A69698
D1C9C8
FDF5F4
F4F1F0
F3F0EF
F3F0EF
F3F0EF
F4F1F0
F4F1F0
F4F1F0
F4F1F0
F4F1F0
F4F1F0
F4F1F0
F4F1F0
F2F1F0
F2F1F0
F7F2F2
F9F4F4
DCD1D1
B2A7A7
B4A5A2
C4B5B2
D1C2BF
D3C4C1
C8BABB
B4A6A7
B6ADAE
D5CCCD
EEE9E9
F9F4F4
F6F3F2
F4F1F0
F5F2F1
F4F1F0
F3F0EF
F0EDEC
ECE9E8
EAE7E6
EAE7E6
ECE9E8
F1EEED
F4F1F0
F5F2F1
F4F1F0
F4F1F0
F4F1F0
F4F1F0
F4F1F0
F4F1F0
F4F1F0
F4F1F0
F4F1F0
D9D3D5
DAD4D6
EDEBEC
F8F6F7
F6F5F4
F8F7F6
E7DEDF
DAD1D2
DDD2D4
DDD2D4
DDD2D4
DDD2D4
DDD2D4
DDD2D4
DDD2D4
DDD2D4
DDD2D4
DDD2D4
DCD1D3
DFD4D6
E5DCDD
DBD2D3
DED3D5
DFD4D6
E2D4D7
E1D3D6
E9E0E3
FFFAFD
FFFDFE
FFFDFE
FFFCFD
FFFFFF
B6A6A8
B4A4A6
C6B5B2
C4B3B0
BA9698
B28E90
C0A5A2
C3A8A5
C1B0AD
C4B3B0
C4B3B0
C4B3B0
C4B3B0
C4B3B0
C4B3B0
C4B3B0
C4B2B2
C4B2B2
C4B2B2
C2B0B0
B5A4A1
C4B3B0
C3B2AF
C4B3B0
C4B3B0
C4B3B0
C4B3B0
C6B5B2
C6B3AF
C8B5B1
B3908E
C7A4A2
BFA8A5
E5CECB
FFFBF6
FDF3EE
F2CFCB
ECC9C5
E0B8B3
BA928D
C6B5B0
C2B1AC
C4B3B0
C4B3B0
C4B3B0
C4B3B0
C7B2AF
C1ACA9
BCA3A1
BFA6A4
B39A98
C0A7A5
C5B4B1
C4B3B0
C2B3B0
C2B3B0
C4B3B0
C4B3B0
C2B3B0
C2B3B0
C9B4B3
C3AEAD
B29697
C0A4A5
C7B5B5
C4B2B2
C1B3B2
C1B3B2
CEABA9
B08D8B
E7CCC9
FFEAE7
FEF6F5
FDF5F4
FEF5F4
FEF5F4
FEF5F4
FEF5F4
FEF5F2
FEF5F2
FEF5F2
FFF6F3
FFF8F4
FFF7F3
F9DDDC
D1B5B4
C09F9E
C09F9E
D2B1B0
A48382
492A31
3B1C23
3C242A
3E262C
41272E
442A31
46272E
46272E
491E29
471C27
56222B
78444D
B58285
AB787B
792934
863641
8B3A45
863540
93585E
DA9FA5
FFFAF7
FBECE9
F5CECF
A37C7D
B29F9D
C7B4B2
C1B1B1
C9B9B9
C5B5B5
C2B2B2
C4B2B2
C6B4B4
BFA1A1
AB8D8D
BBA8A6
C6B3B1
C4B3B0
C4B3B0
C4B3B0
C4B3B0
C4B3B0
C4B3B0
C4B3B0
C4B3B0
CAB1AF
B79E9C
AB8F8E
A08483
978F89
958D87
AB9999
C4B2B2
B39D9F
C4AEB0
C4B3B0
C4B3B0
C4B3B0
C4B3B0
C2B3B0
C4B5B2
B2A19E
B4A3A0
C6B5B2
C4B3B0
C4B3B0
C3B2AF
C5B4B1
B3A29F
B2A3A0
C4B5B2
C6B5B2
C1B0AD
B39494
9A7B7B
9D8683
CAB3B0
C4B2B2
C4B2B2
C3B1B1
C2B0B0
C3B1B1
C3B1B1
A19694
E9DEDC
F8F5F2
F3F0ED
F4F1F0
F5F2F1
F4F1F0
F4F1F0
F4F1F0
F4F1F0
F4F1F0
F4F1F0
F4F1F0
F4F1F0
F4F1F0
F4F1F0
F4F1F0
F4F1F0
FBF3F4
F2EAEB
C8BDBB
A99E9C
BBADAC
D3C5C4
D1C3C2
C7B9B8
C8B8BA
BFAFB1
B7AEAD
C5BCBB
E1DCDC
F5F0F0
F7F4F1
F5F2EF
F3F0EF
F4F1F0
F5F2F1
F4F1F0
F2EFEE
EFECEB
EBE8E7
EAE7E6
EEEBEA
F3F0EF
F5F2F1
F4F1F0
F3F0EF
F3F0EF
F4F1F0
F4F1F0
F4F1F0
F4F1F0
D8D2D4
E7E1E3
F7F7F7
F6F6F6
F5F6F4
F7F8F6
EBE2E3
DAD1D2
DDD2D4
DDD2D4
DDD2D4
DDD2D4
DDD2D4
DDD2D4
DDD2D4
DDD2D4
DDD2D4
DDD2D4
DAD1D2
F0E7E8
FFFEFE
F1ECEC
E4D9DB
E8DDDF
EBDBDF
EBDBDF
E6DDDE
FFF6F7
FFFDFE
FFFDFE
FFFDFE
FFFFFF
B4A4A6
B5A5A7
C5B4B1
C4B3B0
BB999A
B18F90
BDA5A1
C5ADA9
BEADAA
C5B4B1
C4B3B0
C4B3B0
C4B3B0
C4B3B0
C4B3B0
C4B3B0
C4B2B2
C4B2B2
C3B1B1
C5B3B3
B4A3A0
C4B3B0
C5B4B1
C4B3B0
C4B3B0
C4B3B0
C4B3B0
C6B5B2
C6B3AF
C6B3AF
BC9997
CBA8A6
C5ADA9
CDB5B1
FFF6F3
FFF6F3
FFE4E3
E6CAC9
F6CAC6
C49894
BEA9A6
C7B2AF
C3B2AF
C4B3B0
C4B3B0
C4B3B0
C5B2AE
C7B4B0
C0A7A5
BEA5A3
C8B1AE
B9A29F
B7A29F
C4AFAC
C5B4B1
C4B3B0
C4B3B0
C4B3B0
C4B3B0
C4B3B0
C4B3B0
C6B5B2
C8AFAF
B69D9D
B49D9C
C7B0AF
C4B5B2
C2B3B0
D2AFAF
AE8B8B
DABCBA
FFE5E3
FDF5F4
FDF5F4
FEF5F4
FEF5F4
FEF5F4
FEF5F4
FEF5F4
FEF5F4
FEF5F4
FEF5F4
FCF4F3
FEF6F5
FFFEFE
FBEBEB
A17F82
4E2C2F
785152
B28B8C
936B6E
5C3437
4F3037
4D2E35
502C38
54303C
5C333F
603743
653C46
69404A
703742
551C27
5A1520
87424D
762530
782732
8C595A
C69394
D4B6B2
E2C4C0
FFF4F0
FFF4F0
FCD5D6
C59E9F
AD9895
C8B3B0
C0B2B1
C9BBBA
C3B3B3
C2B2B2
C4B2B2
C5B3B3
C5A7A7
B19393
AE9998
C8B3B2
C4B3B0
C4B3B0
C4B3B0
C4B3B0
C4B3B0
C4B3B0
C4B3B0
C4B3B0
CCB0B1
C0A4A5
AC8E8E
AC8E8E
98908A
958D87
978988
AA9C9B
C3AFB0
B29E9F
C4B3B0
C5B4B1
C4B3B0
C4B3B0
C4B3B0
C5B4B1
C3B2AF
A89794
C3B2AF
C3B2AF
C4B3B0
C4B3B0
C4B3B0
C2B1AE
AC9B98
C4B3B0
C1B2AF
C3B4B1
CAB1B1
B89F9F
947877
9F8382
C4B4B4
C3B3B3
C3B1B1
C3B1B1
C4B2B2
C5B3B3
B8AAA9
AA9C9B
F6EEED
F8F0EF
F3F2F1
F2F1F0
F4F1F0
F4F1F0
F4F1F0
F4F1F0
F4F1F0
F4F1F0
F4F1F0
F4F1F0
F4F1F0
F4F1F0
F4F1F0
F4F1F0
F4F1F0
F5F2F1
FCF4F5
E3DBDC
B5A7A8
B0A2A3
D2C2C2
D5C5C5
C3B3B3
C3B3B3
C8BABB
C3B5B6
B7AEAF
BFB6B7
D0CDCC
E9E6E5
F5F2F1
F8F5F4
F6F3F2
F4F1F0
F4F1F0
F5F2F1
F5F2F1
F2EFEE
EEEBEA
EAE7E6
E9E6E5
EDEAE9
F1EEED
F3F0EF
F4F1F0
F5F2F1
F4F1F0
F4F1F0
DEDADB
F8F4F5
F5F5F5
F6F6F6
F5F6F4
F7F8F6
F2EAEB
D9D1D2
DDD2D4
DDD2D4
DDD2D4
DDD2D4
DDD2D4
DDD2D4
DDD2D4
DDD2D4
DED0D3
DFD1D4
DED5D6
F8EFF0
FFFFFF
FFFEFD
F2E7E9
F0E5E7
F6E6E8
F7E7E9
ECE1E1
F8EDED
FFFEFF
FEFCFD
FFFDFE
FFFFFF
B1A1A3
B5A5A7
C5B4B1
C5B4B1
BF9D9E
B29091
BFA9A4
C7B1AC
BDACA9
C4B3B0
C4B3B0
C4B3B0
C4B3B0
C4B3B0
C5B4B1
C4B3B0
C4B2B2
C4B2B2
C3B1B1
C6B4B4
B3A1A1
C0AEAE
C5B4B1
C4B3B0
C4B3B0
C4B3B0
C4B3B0
C4B3B0
C5B2AE
C5B2AE
BB9491
E3BCB9
C6ABA8
C4A9A6
ECE1E1
FFF6F6
FFF3F3
F0DEDE
F3C7C6
E7BBBA
B69B98
CDB2AF
C4B3B0
C4B3B0
C4B3B0
C4B3B0
C4B3B0
C4B3B0
CDAFB1
B19395
BCA5A2
CBB4B1
C2A9A7
BAA19F
C0ADAB
C6B3B1
C5B4B1
C4B3B0
C4B3B0
C4B3B0
C2B3B0
C2B3B0
C5B2B0
C6B3B1
C0A2A4
B59799
BCA9A5
C7B4B0
CFB4B1
B39895
CDAAAA
FFE0E0
FFF7F4
FEF5F2
FEF5F4
FEF5F4
FEF5F4
FEF5F4
FEF5F4
FEF5F4
FEF5F4
FDF4F3
FFF6F8
FFFAFC
C1ABB1
564046
3B2327
422A2E
4D292D
4C282C
7C404A
7B3F49
572935
623440
66404D
6C4653
694954
694954
684B53
694C54
6F3E46
522129
5A1923
581721
631620
772A34
B29490
FFE8E4
C8ADAA
E8CDCA
FFF7F7
FFF5F5
FFDEDE
DAB7B7
AF9694
CBB2B0
C1B3B2
CBBDBC
C3B3B3
C2B2B2
C5B1B2
C5B1B2
C9ADAE
B5999A
AC9592
C5AEAB
C5B4B1
C4B3B0
C4B3B0
C4B3B0
C4B3B0
C4B3B0
C4B3B0
C4B3B0
C9B0B0
C4ABAB
B19292
B59696
A49A95
958B86
958C8B
928988
AC9C9C
BEAEAE
B2A19E
C5B4B1
C4B3B0
C5B4B1
C5B4B1
C3B2AF
C6B5B2
B2A19E
B1A09D
C5B4B1
C4B3B0
C4B3B0
C5B4B1
C4B3B0
B3A29F
B9A8A5
C3B4B1
C1B2AF
C4B3B0
C6B5B2
C2AFAD
A08D8B
958383
C3B1B1
C7B5B5
C5B3B3
C3B1B1
C3B1B1
C6B4B4
B19F9F
B6ABAB
FDF2F2
F3F0EF
F3F0EF
F4F1F0
F4F1F0
F4F1F0
F4F1F0
F4F1F0
F4F1F0
F4F1F0
F4F1F0
F4F1F0
F4F1F0
F4F1F0
F4F1F0
F4F1F0
F4F1F0
F4F1F0
F7F4F3
F8EFF0
CBC2C3
AB9D9E
C5B7B8
DACACA
C8B8B8
C2B0B0
C8B6B6
C8BABB
C8BABB
BFB7B6
BBB3B2
C1B9BA
D4CCCD
E9E1E2
F6EEEF
FAF5F5
F8F3F3
F6F3F2
F5F2F1
F5F2F1
F4F1F0
F0EDEC
EBE8E7
E6E3E2
E6E3E2
E9E6E5
ECE9E8
EFECEB
F2EFEE
EEECED
F9F7F8
F6F6F6
F6F6F6
F8F6F7
FBF9FA
FCF3F6
DCD3D6
DCD0D4
DDD1D5
DDD2D4
DDD2D4
DDD2D4
DDD2D4
DFD1D4
DFD1D4
E2D4D7
E6D8DB
E6DBDD
F9EEF0
FFFFFE
FFFFFE
FEF3F5
F4E9EB
FEEAEB
FEEAEB
F5E7E8
F4E6E7
FFFEFF
FFFDFE
FFFDFE
FFFFFF
B1A1A3
B4A4A6
C5B4B1
C5B4B1
C19D9F
B49092
BFA9A4
C9B3AE
B9AAA7
C2B3B0
C4B3B0
C4B3B0
C4B3B0
C4B3B0
C5B4B1
C6B5B2
C4B2B2
C4B2B2
C4B2B2
C6B4B4
B8A6A6
BCAAAA
C5B4B1
C4B3B0
C4B3B0
C4B3B0
C4B3B0
C4B3B0
C5B2AE
C6B3AF
B78E8C
EEC5C3
D8BBB9
C6A9A7
CCBEBD
FFF6F5
FFF6F5
FDF4F3
F8D3D1
F1CCCA
CBA6A4
C5A09E
C4B5B2
C2B3B0
C4B3B0
C4B3B0
C4B3B0
C4B3B0
C9B0AE
C5ACAA
AF8B8D
C4A0A2
C9B4B3
C5B0AF
BCA7A6
BBA6A5
C4B1AF
C7B4B2
C4B3B0
C4B3B0
C2B3B0
C2B3B0
C4B3B0
C4B3B0
C6B3AF
C3B0AC
B99E9B
B29794
C6A3A3
C8A5A5
C5A09C
FCD7D3
FEF3F1
FFF5F3
FEF5F4
FEF5F4
FEF5F4
FEF5F4
FEF5F4
FEF5F4
FDF4F3
FFFCFB
F8E6E8
837173
3B2128
3C2229
46232B
4B2830
52202B
4F1D28
673945
70424E
69424D
6B444F
684853
684853
684853
684853
6A4A53
65454E
622531
571A26
5C1A22
5C1A22
621521
80333F
AA8585
FFDCDC
CBB4B1
F5DEDB
FFF8F9
FCF4F5
FFE7E5
E1C4C2
B29593
CDB0AE
C1B3B2
CABCBB
C2B2B2
C2B2B2
C5B1B2
C5B1B2
C9B0B0
B89F9F
AF9694
BDA4A2
C7B4B2
C5B2B0
C4B3B0
C4B3B0
C4B3B0
C4B3B0
C4B3B0
C4B3B0
C5B2B0
C4B1AF
B79999
AE9090
BAABA6
968782
948F8D
928D8B
968889
AC9E9F
BEABA9
B4A19F
C5B3B3
C4B2B2
C4B2B2
C4B2B2
C4B3B0
C3B2AF
A49390
C2B1AE
C4B3B0
C3B2AF
C3B2AF
C4B3B0
C1B0AD
B09F9C
C5B4B1
C4B3B0
C4B3B0
C4B3B0
C5B4B1
C7B6B3
B19F9F
978585
B7A6A3
C7B6B3
C4B3B0
C4B3B0
C6B2B3
C8B4B5
998B8C
C8BABB
FCF7F7
F5F0F0
F4F1F0
F4F1F0
F4F1F0
F4F1F0
F4F1F0
F4F1F0
F4F1F0
F4F1F0
F4F1F0
F4F1F0
F4F1F0
F4F1F0
F4F1F0
F4F1F0
F4F1F0
F4F1F0
F5F2F1
F8F5F4
E7DCDE
B3A8AA
B8A8AA
D8C8CA
CFBEBB
C3B2AF
C1B2AF
BFB0AD
C1B3B2
CDBFBE
D1C3C6
CCBEC1
C0B7B8
BFB6B7
C8C0C1
DBD3D4
EBE6E6
F6F1F1
F9F6F5
F8F5F4
F7F4F3
F5F2F1
F3F0EF
EFECEB
EAE7E6
E7E4E3
E5E2E1
E4E1E0
F6F6F6
F6F6F6
F5F5F5
F7F7F7
FAF8F9
FEFCFD
FFFDFF
E2DCDE
DBD0D2
DDD2D4
DDD2D4
DDD2D4
DDD2D4
DDD2D4
DFD1D2
E5D7D8
EADADC
EDDDDF
F2E4E5
FAECED
FFFFFE
FFFFFE
FFF9FA
F4EBEC
FBE9EB
FCEAEC
F7E9EA
EFE1E2
FEFDFC
FFFEFD
FFFDFE
FFFFFF
B4A6A7
B4A6A7
C5B4B1
C5B4B1
C1A2A2
B19292
BFABA6
C8B4AF
BDACA9
C1B0AD
C3B2AF
C4B3B0
C4B3B0
C3B2AF
C3B2AF
C7B6B3
C5B3B3
C4B2B2
C4B2B2
C5B3B3
BEACAC
B6A4A4
C5B4B1
C4B3B0
C4B3B0
C4B3B0
C4B3B0
C4B3B0
C5B2AE
C6B3AF
C09493
ECC0BF
EBCAC7
C8A7A4
BBA6A3
F2DDDA
FFF9F6
FFF6F3
FFEEE9
E8D4CF
EEC2C1
BD9190
C4B1AF
C6B3B1
C4B5B2
C5B6B3
C6B5B2
C4B3B0
C3B2AF
C6B5B2
C79DA1
C0969A
BDA5A1
CBB3AF
C6B5B2
BFAEAB
BBA6A5
BEA9A8
C3B2AF
C4B3B0
C4B2B2
C4B2B2
C4B2B2
C4B2B2
C1B4B0
C2B5B1
C9B5B0
BEAAA5
B88C8B
AA7E7D
B47F7E
F4BFBE
EDDAD6
FFEDE9
FFF6F5
FEF5F4
FEF5F4
FDF4F3
FDF5F4
FEF6F5
FFFEFE
D7CCCC
634B4F
361E22
3A2228
4C343A
916C75
8E6972
521524
581B2A
5E3742
6B444F
694952
694952
694650
67444E
673E4A
633A46
672F3C
5B2330
5B1824
5D1A26
591B24
591B24
611825
8F4653
A47A7E
FFD7DB
C9B4B3
FCE7E6
FEF6F7
FDF5F6
FFECE9
E9CECB
BA9D99
CBAEAA
C2B4B3
CABCBB
C4B2B2
C4B2B2
C4B2B2
C4B2B2
CAB1B1
BCA3A3
B39796
B99D9C
C5B2B0
C6B3B1
C4B3B0
C4B3B0
C4B3B0
C4B3B0
C4B3B0
C4B3B0
C4B3B0
C4B3B0
BFA3A4
A68A8B
C6B5B2
A99895
918986
958D8A
968D8C
938A89
B2A19E
BAA9A6
B6A3A1
C7B4B2
C4B3B0
C4B3B0
C5B4B1
C8B7B4
B09F9C
B1A09D
C6B5B2
C3B2AF
C3B2AF
C4B3B0
C4B3B0
B5A4A1
BFAEAB
C5B4B1
C5B2B0
C5B2B0
C5B2B0
C5B2B0
C6B5B2
BFAEAB
9D8C89
A2918E
BEADAA
C8B7B4
C7B6B3
C5B4B1
C1AFAF
8E7C7C
D9D0CF
FDF4F3
F3F0EF
F4F1F0
F4F1F0
F4F1F0
F4F1F0
F4F1F0
F4F1F0
F4F1F0
F4F1F0
F4F1F0
F4F1F0
F4F1F0
F4F1F0
F4F1F0
F4F1F0
F4F1F0
F4F1F0
F3F0EF
F8F3F3
F7F2F2
D0C5C7
AEA3A5
D1BFBF
D2C0C0
C2B3B0
C1B2AF
C2B3B0
C0B1AE
C0B0B0
C9B9B9
D2C4C5
D8CACB
D2C7C9
C6BBBD
BBB2B3
BBB2B3
C5BDBE
D4CCCD
E1DCDC
EEE9E9
F5F0F0
F8F3F3
F7F4F3
F4F1F0
F1EEED
EDEAE9
F6F6F6
F6F6F6
F5F5F5
F8F8F8
FCFCFC
FEFEFE
FFFFFF
F1EDEE
DBD0D2
DDD2D4
DDD2D4
DDD2D4
DFD1D4
DFD1D4
E7D7D9
EBDBDD
F2E0E2
F9E7E9
FAEAEC
F7E7E9
FAF7F6
FFFFFE
FFF9FA
F4EBEC
FAEAEC
FAEAEC
FAEAEC
F1E1E3
FDFAF9
FFFFFE
FFFDFE
FFFFFF
B8AAAB
B3A5A6
C5B4B1
C5B4B1
C5A7A7
B19393
C0ACA7
C7B3AE
C1B0AD
BCABA8
C4B3B0
C3B2AF
C4B3B0
C4B3B0
C3B2AF
CAB9B6
C7B5B5
C4B2B2
C4B2B2
C4B2B2
C3B1B1
B4A2A2
C5B4B1
C4B3B0
C4B3B0
C4B3B0
C4B3B0
C4B3B0
C5B2AE
C7B4B0
BF9694
E6BDBB
EFCAC6
D9B4B0
BEA19F
D0B3B1
FFF8F2
FFF7F1
FFF0EC
F1DEDA
E7BAB9
CC9F9E
A98887
BE9D9C
B59C9C
B89F9F
BAA3A2
BFA8A7
C4B3B0
C4B3B0
CFABAD
C29EA0
D4AFAD
C19C9A
C6B5B0
C6B5B0
C6B1B0
C2ADAC
C1A8A8
C4ABAB
C3AEAD
C4AFAE
C5AEAD
C5AEAD
C6AEB0
C5ADAF
C1ACA9
BFAAA7
C8A69F
BD9B94
B27879
B3797A
C49897
EABEBD
F7EDE8
FFF7F2
FDF5F6
FCF4F5
FFF4F4
FFFFFF
CFB9BB
483234
361921
4A2D35
7E7276
C7BBBF
F4DEE2
988286
4E101F
642635
582F39
5D343E
61323E
5B2C38
5E2434
591F2F
5A1C2B
571928
591725
5B1927
5A1B26
5A1B26
581C24
581C24
5E1522
9F5663
A37A7C
F5CCCE
D1BBBD
FFF0F2
FDF5F4
FDF5F4
FFF0EC
EBD3CF
BFA49F
CAAFAA
C3B6B2
CABDB9
C3B1B1
C4B2B2
C4B2B2
C4B2B2
CAB0B3
C2A8AB
B39796
BCA09F
BFACAA
C6B3B1
C4B3B0
C4B3B0
C4B3B0
C4B3B0
C4B3B0
C4B3B0
C4B3B0
C4B3B0
C5ACAC
A48B8B
C1AEAC
C4B1AF
948B88
958C89
968E8D
968E8D
968887
AFA1A0
B9A6A4
BAA7A5
C5B4B1
C4B3B0
C4B3B0
C5B4B1
C3B2AF
A49390
C4B3B0
C3B2AF
C2B1AE
C3B2AF
C4B3B0
C0AFAC
B9A8A5
C5B4B1
C4B3B0
C4B3B0
C4B3B0
C4B3B0
C4B3B0
C5B4B1
C7B6B3
AC9B98
8E7D7A
A08F8C
BBAAA7
C7B6B3
CBB7B8
B7A3A4
877C7C
ECE1E1
F8F5F4
F4F1F0
F4F1F0
F4F1F0
F4F1F0
F4F1F0
F4F1F0
F4F1F0
F4F1F0
F4F1F0
F4F1F0
F4F1F0
F4F1F0
F4F1F0
F4F1F0
F4F1F0
F4F1F0
F4F1F0
F2F1F0
F3F2F1
FDF5F6
E8E0E1
B9ABAC
BDAFB0
D2C2C2
C5B5B5
C3B2AF
C5B4B1
C2B3B0
C1B2AF
C0B0B0
C2B2B2
C9BBBC
D5C7C8
DDCFD0
DDCFD0
D2C7C7
C3B8B8
BAAFAF
B8ADAD
BBB0B2
C3B8BA
CCC3C4
D7CECF
E0D7D8
E8DFE0
F6F6F6
F6F6F6
F5F5F5
FAFAFA
FEFEFE
FFFFFF
FFFFFF
FFFBFC
E1D8D9
DBD2D3
DDD2D4
DDD2D4
DCD1D3
E3D8DA
EBDBDD
F2E2E4
FBE9EB
FCEAEC
FCEAEC
FCEAEC
F6EBEB
FCF1F1
FDF2F2
F5EAEA
FCEAEC
FCEAEC
FAEAEC
F2E2E4
FBF8F7
FFFFFE
FFFCFD
FFFFFF
BCAEAF
B3A5A6
C5B4B1
C5B4B1
C7ABAA
A98D8C
BDA9A4
C7B3AE
C4B3B0
BAA9A6
C3B2AF
C4B3B0
C4B3B0
C4B3B0
C4B3B0
C8B7B4
CCBABA
C4B2B2
C4B2B2
C4B2B2
C5B3B3
B19F9F
C2B1AE
C4B3B0
C4B3B0
C4B3B0
C4B3B0
C4B3B0
C4B3AE
C6B5B0
BB9692
E3BEBA
F0C9C6
F0C9C6
D2AFAF
BF9C9C
D7C2C1
EBD6D5
E3D5D4
E9DBDA
F4D1CF
E7C4C2
C39697
C89B9C
C7B0AF
C2ABAA
BBA2A0
B19896
C0AFAA
C4B3AE
CAB1AF
B79E9C
DAADAE
E3B6B7
B79A98
C9ACAA
C6B5B2
C4B3B0
C8B1B0
BCA5A4
B39090
B79494
BEA3A0
C0A5A2
BB9E9C
B69997
BB9493
BA9392
BA9390
BA9390
BC9891
B8948D
B5807E
AF7A78
C2A5A3
FFE5E3
FFF7F8
FCF4F5
FFFBFC
CBB7B8
532E35
452027
695D63
C3B7BD
DADCDD
D7D9DA
ECD6DC
9C868C
4F1221
612433
65333E
62303B
612332
581A29
5C1527
5C1527
5C1625
550F1E
551321
5B1927
581B25
581B25
591B24
581A23
5C1521
AC6571
AD8588
ECC4C7
DBC7C8
FFF4F5
FCF4F3
FDF5F4
FFF1EE
EED7D4
C2AAA4
C8B0AA
C5B6B3
C9BAB7
C3B1B1
C4B2B2
C4B2B2
C4B2B2
C8B0B2
C5ADAF
B49696
C0A2A2
BCA9A7
C6B3B1
C4B3B0
C4B3B0
C4B3B0
C4B3B0
C4B3B0
C4B3B0
C4B3B0
C4B3B0
CAB3B2
AD9695
BBA6A5
C9B4B3
B5A7A6
958786
968E8D
958D8C
978C8A
968B89
B3A29F
B8A7A4
BAA9A6
C6B5B2
C4B3B0
C3B2AF
C6B5B2
AE9D9A
B5A4A1
C4B3B0
C4B3B0
C1B0AD
C4B1AF
C5B2B0
BDAAA8
C5B2B0
C5B2B0
C5B2B0
C4B3B0
C4B3B0
C4B3B0
C4B3B0
C3B2AF
C8B7B4
BFAEAB
998885
857471
9A8986
B5A1A2
CAB6B7
9E8E90
948486
F0EDEC
F6F3F2
F4F1F0
F4F1F0
F4F1F0
F3F0EF
F3F0EF
F4F1F0
F4F1F0
F4F1F0
F4F1F0
F4F1F0
F4F1F0
F4F1F0
F4F1F0
F4F1F0
F4F1F0
F4F1F0
F2F1F0
F2F1F0
F4F1F0
F7F4F3
F8F0EF
CBC3C2
AB9B9B
C0B0B0
C4B2B2
C4B2B2
C5B4B1
C5B4B1
C4B2B2
C4B2B2
C1B1B1
BFAFAF
C2B2B2
C9B9B9
D2C2C2
DECECE
E0D5D5
E0D5D5
DBD0D0
D5CACA
CEC3C5
C7BCBE
C0B5B7
C0B5B7
F6F6F6
F6F6F6
F8F8F8
FDFDFD
FFFFFF
FFFFFF
FFFEFF
FFFFFF
F4ECED
D9D1D2
DAD1D2
DBD2D3
EADFE1
EBE0E2
FCECEE
FAEAEC
FBE9EB
FCEAEC
FCEAEC
FCEAEC
FCEAEC
FBE9EB
F9E9EB
FAEAEC
FCEAEC
FCEAEC
FCEAEC
F4E2E4
FBF8F7
FFFFFE
FFFCFD
FFFFFF
C3B5B6
B2A4A5
C5B4B1
C4B3B0
C8AFAD
A88F8D
BBA9A3
C6B4AE
C4B3B0
BBAAA7
C0AFAC
C5B4B1
C4B3B0
C4B3B0
C4B3B0
C4B3B0
CEBCBC
C6B4B4
C4B2B2
C4B2B2
C5B3B3
B5A3A3
BBAAA7
C5B4B1
C4B3B0
C4B3B0
C4B3B0
C4B3B0
C4B3AE
C6B5B0
BB9491
DEB7B4
F1CCC8
EEC9C5
D9B0B0
BD9494
B9A2A1
FDE6E5
FFF8F5
FFF8F5
FFF5F1
F4E1DD
EEC5C3
B9908E
BFACA8
C6B3AF
C5B4AF
C6B5B0
C4B3AE
C4B3AE
C5B2AE
C4B1AD
BB9294
FCD3D5
EDC8C8
C29D9D
BBA2A0
C9B0AE
C8B5B1
C6B3AF
C6A9A7
B09391
AD8083
AD8083
BF898B
C38D8F
BD8E8B
B88986
B28682
AE827E
B08480
B38783
BA8886
BA8886
AC7A7B
BD8B8C
EFDCDA
FFFCFA
E0B3BA
6A3D44
58333C
AB868F
D8D9DF
D9DAE0
D0D5DA
CFD4D9
E5D4DC
AE9DA5
581526
5A1728
5A1725
5A1725
5A1826
5B1927
5A1826
5A1826
4D1C24
A8777F
985F6A
501722
5E1624
5E1624
5F1824
5E1723
5B1621
B16C77
BE9A9C
E8C4C6
ECDADA
FFF4F4
FEF5F4
FEF5F4
FFF3F0
F0DBD8
C2AAA4
C8B0AA
C7B8B3
C8B9B4
C3B2AF
C4B3B0
C4B2B2
C4B2B2
C6B0B2
C5AFB1
B99A9A
BC9D9D
BCA7A4
C2ADAA
C4B3B0
C4B3B0
C4B3B0
C4B3B0
C4B3B0
C4B3B0
C4B3B0
C4B3B0
C7B4B2
B5A2A0
A89392
C6B1B0
C8B7B4
B09F9C
918885
968D8A
968D8C
958C8B
968686
B0A0A0
B7A6A3
BDACA9
C5B4B1
C4B3B0
C5B4B1
C1B0AD
A59491
C4B3B0
C4B3B0
C3B2AF
BFACAA
BFACAA
C2AFAD
C5B2B0
C4B1AF
C4B1AF
C4B3B0
C4B3B0
C4B3B0
C4B3B0
C4B3B0
C3B2AF
C3B2AF
C7B6B3
B1A09D
887774
7F6D6D
978585
AB999B
867476
9B9293
F3EAEB
EFECEB
F0EDEC
F4F1F0
F4F1F0
F4F1F0
F4F1F0
F4F1F0
F4F1F0
F4F1F0
F4F1F0
F4F1F0
F4F1F0
F4F1F0
F4F1F0
F4F1F0
F4F1F0
F3F0EF
F4F1F0
F4F1F0
F3F0EF
F5F2EF
FAF7F4
E6DDDC
AFA6A5
A9999B
B4A4A6
B7A5A5
C2B0B0
C6B4B4
C5B3B3
C4B2B2
C4B2B2
C3B1B1
C3B1B1
C0B0B0
C1B1B1
C5B7B8
CEC0C1
D3C8C8
DBD0D0
E1D6D6
E2D7D7
E2D7D7
E2D7D7
F6F6F6
F6F6F6
FAFAFA
FFFFFF
FFFFFF
FFFFFF
FFFEFF
FFFEFF
FFFBFC
E6DEDF
D8CFD0
EFE6E7
FFFDFE
F5ECED
FEECEE
FDEBED
FCEAEC
FCEAEC
FBE9EB
FBE9EB
FDE9EC
FDE9EC
FCEAEA
FCEAEA
FCEAEC
FCEAEC
FCEAEC
F4E2E4
FBF8F7
FFFFFE
FFFCFD
FFFFFF
C8BABB
B0A2A3
C6B5B2
C4B3B0
CAB1AF
B09795
BBA9A3
C6B4AE
C2B3B0
BEAFAC
BBAAA7
C5B4B1
C4B3B0
C4B3B0
C4B3B0
C3B2AF
CAB8B8
CBB9B9
C3B1B1
C4B2B2
C4B2B2
BDABAB
B5A4A1
C6B5B2
C4B3B0
C4B3B0
C4B3B0
C4B3B0
C4B3AE
C6B5B0
BC9391
D3AAA8
D6B8B2
EDCFC9
FEE0DC
E0C2BE
BEA2A3
D7BBBC
FFF8F5
FEF5F2
FFF5F0
FFF5F0
FBD8D4
DFBCB8
AF918F
CBADAB
C2B3AE
C2B3AE
C3B2AD
C4B3AE
C5B2AE
C7B4B0
BB9A99
D1B0AF
FFECEA
F5D8D6
DAAEB1
BB8F92
B79999
C0A2A2
C3AAA8
C9B0AE
CFABAD
C09C9E
BD8D8F
D1A1A3
EBC8C4
F1CECA
D89E9E
A66C6C
AE7978
B88382
CDA6A7
C49D9E
C59595
B48484
B17F82
CA989B
833C48
7D3642
A09196
E7D8DD
D1D6DE
D0D5DD
CFD3D9
CED2D8
E6DAE0
D4C8CE
621F30
591627
5C1A28
5B1927
581624
581624
5F1928
611B2A
6C4F53
FFF5F9
FFE0E7
7B4E55
883647
883647
843745
843745
803945
C7808C
D2B4B4
E6C8C8
F6E6E6
FFF3F3
FEF5F4
FEF5F4
FFF3F2
F0DBDA
BEA8A1
C8B2AB
C8B9B4
C6B7B2
C3B2AF
C4B3B0
C4B2B2
C4B2B2
C5B1B2
C5B1B2
BD9E9E
B79898
C4ADAA
BCA5A2
C6B5B2
C4B3B0
C4B3B0
C4B3B0
C4B3B0
C4B3B0
C4B3B0
C4B3B0
C6B3B1
BEABA9
A5908F
B39E9D
C8B5B3
C8B5B3
A29996
918885
968E8F
938B8C
988A89
938584
B09F9C
B7A6A3
C1B0AD
C5B4B1
C4B3B0
C7B6B3
AC9B98
B8A7A4
C4B3B0
C4B3B0
C5B2B0
BEABA9
BAA5A4
BFAAA9
C5B2B0
C5B2B0
C4B3B0
C4B3B0
C4B3B0
C4B3B0
C4B3AE
C4B3AE
C3B2AD
C3B2AD
C7B6B3
C2B1AE
A49292
837171
827072
8D7B7D
7D6F72
B1A3A6
F3F0EF
EEEBEA
EBE8E7
EDEAE9
F0EDEC
F2EFEE
F4F1F0
F5F2F1
F5F2F1
F4F1F0
F3F0EF
F3F0EF
F4F1F0
F4F1F0
F4F1F0
F4F1F0
F4F1F0
F4F1F0
F4F1F0
F4F1F0
F2F1EE
F2F1EE
F6F3F0
F7F4F1
D3C8C8
A99E9E
A18F91
9D8B8D
A49292
BCAAAA
C2B0B0
C2B0B0
C4B2B2
C5B3B3
C5B3B3
C4B2B2
C3B1B3
C3B1B3
C1B1B3
C5B5B7
C8BABB
CEC0C1
D6C8C9
DACCCD
EFEDEE
FAF8F9
FDFDFF
FFFFFF
FFFFFF
FFFFFF
FFFFFF
FFFFFF
FFFFFF
F9F7F8
E0DCDD
FEFAFB
FFFCFF
F8EEF1
FAE8EA
FCEAEC
FCEAEA
FBE9E9
FCEAEA
FCEAEA
FCEAEA
FCEAEA
FCEAEA
FCEAEA
FCEAEC
FCEAEC
FCEAEC
F4E2E4
FDFAF9
FFFFFE
FEFCFD
FFFFFF
CDBFC0
AEA0A1
C6B5B2
C4B3B0
CAB3B0
AF9895
B6A19E
C8B3B0
C4B3B0
C5B4B1
B8A7A4
C3B2AF
C4B3B0
C4B3B0
C4B3B0
C4B3B0
C5B3B3
CFBDBD
C5B3B3
C4B2B2
C3B1B1
C3B1B1
B1A09D
C5B4B1
C4B3B0
C4B3B0
C4B3B0
C4B3B0
C5B2AE
C6B3AF
B68988
C99C9B
E4CCC6
FFEAE4
FFF6F1
F9EAE5
DCB8BA
BD999B
E1D3D4
FFF8F9
FCF4F1
FEF6F3
FFF2EE
F2DFDB
D9B2AF
B7908D
C7B2AF
C6B1AE
C1B2AD
C1B2AD
C4B3AE
C4B3AE
CBAAA9
B29190
F1DFD7
FFF6EE
FFE4E0
DBBDB9
AE7E7E
AF7F7F
AD7D81
B8888C
BE9293
BD9192
C19A99
B89190
B28F8F
EAC7C7
FFF1ED
BA9C98
A77F7A
D1A9A4
FFFFFA
FFFAF4
FEF4ED
F8EEE7
E5AAB2
753A42
7F424C
AE717B
D5DADA
D2D7D7
D0D4DA
D0D4DA
D7DBE0
E8ECF1
FFFBFD
FCF6F8
7A3844
53111D
550F1C
5B1522
67202C
7B3440
8B3A4B
964556
9E8988
FFFBFA
FFF2F7
B99196
C76E79
CB727D
C8717B
C56E78
A35B61
DA9298
DDC8C5
E6D1CE
FEF3F3
FFF4F4
FEF5F4
FEF5F4
FFF5F3
ECD9D7
BCA7A4
C6B1AE
CBBAB5
C7B6B1
C4B3B0
C4B3B0
C4B2B2
C4B2B2
C2B2B2
C3B3B3
C4A2A3
B79596
CBB6B3
B8A3A0
C5B4B1
C3B2AF
C4B3B0
C4B3B0
C4B3B0
C4B3B0
C2B3B0
C2B3B0
C4B3B0
C0AFAC
B09D9B
A3908E
BDACA9
C6B5B2
C2B4B3
9D8F8E
918988
958D8C
958C8B
968D8C
938481
B5A6A3
B7A6A1
C3B2AD
C5B4B1
C5B4B1
BEADAA
A99895
C5B4B1
C3B2AF
C3B2AD
C5B4AF
C4AFAE
BAA5A4
BAA3A2
C3ACAB
C6B3B1
C6B3B1
C4B3B0
C4B3B0
C2B3B0
C2B3B0
C4B3B0
C3B2AF
C4B3B0
C5B4B1
C8B7B4
BCABA8
968484
806E6E
847274
7E6C6E
A9A0A1
FDF4F5
F5F2F1
F0EDEC
EDECEB
E9E8E7
EAE7E6
ECE9E8
F0EDEC
F2EFEE
F3F0EF
F4F1F0
F4F1F0
F3F0EF
F4F1F0
F5F2F1
F4F1F0
F4F1F0
F4F1F0
F4F1F0
F4F1F0
F4F1F0
F4F1F0
F4F1F0
F9F4F4
EEE9E9
BEB0B1
938586
908082
978789
AB9B9B
C1B1B1
C4B2B2
BEACAC
B9A9A9
BCACAC
C1AFB1
C5B3B5
C6B4B6
C5B3B5
C1B1B1
C1B1B1
C2B5B1
C3B6B2
E7E1E3
FAF4F6
FFFFFF
FEFFFF
FFFFFF
FFFFFF
FFFFFF
FFFFFF
FFFFFF
FEFEFE
FAFAFA
FFFFFF
FFF8FB
F6ECEF
FDEBED
FCEAEC
FCEAEA
FCEAEA
FCEAEA
FCEAEA
FCEAEA
FCEAEA
FCEAEA
FCEAEA
FCEAEC
FCEAEC
FAEAEC
F0E0E2
FFFCFB
FFFEFD
FEFCFD
FFFFFF
CFC1C2
A39596
C7B6B3
C4B3B0
C8B3B0
AF9A97
B29D9A
C8B3B0
C4B3B0
C5B4B1
BCABA8
BFAEAB
C4B3B0
C4B3B0
C4B3B0
C4B3B0
C3B1B1
CCBABA
C9B7B7
C3B1B1
C4B2B2
C6B4B4
B4A3A0
BFAEAB
C6B3B1
C5B2B0
C2B3B0
C3B4B1
C5AEAB
B8A19E
B88986
D0A19E
E9D1CB
FFE7E1
FFF6F3
FFF7F4
FFE8E6
D4BBB9
B89B9F
F9DCE0
FFF8F7
FDF4F3
FFF6F1
FFF5F0
FFDCDA
D3B0AE
B0928E
CCAEAA
C3B4AF
C2B3AE
C4B3B0
C3B2AF
CBAFAE
B99D9C
CDB7B2
FFF6F1
FFF4EF
FEEDE8
D0A5A1
B18682
BD9190
BC908F
ECC5C2
E2BBB8
D3A3A5
C39395
BC898E
AC797E
D0B2AE
F2D4D0
A17C78
C6A19D
FFF9F7
FFF4F2
FFF6F3
FFF2EF
9F7277
C2959A
B69399
BA979D
D9DBDE
D0D2D5
D4D5DC
E7E8EF
FBFCFF
FFFFFF
FFFEFF
FFFFFF
A6737A
501D24
9E6369
91565C
BA6A72
BE6E76
D67D87
E28993
C0ABA8
FFFAF7
FFF3F3
D4B1B1
F9969D
F8959C
F5979C
F89A9F
BA7A7C
E4A4A6
EAD9D4
EEDDD8
FFF6F4
FFF4F2
FEF5F4
FEF5F4
FFF7F4
E3D2CF
BCA7A4
C6B1AE
C4B3AE
C5B4AF
C4B3B0
C4B3B0
C4B2B2
C4B2B2
C4B2B2
C4B2B2
C7A5A6
B39192
C5AEAB
BEA7A4
BEADAA
C3B2AF
C4B3B0
C4B3B0
C4B3B0
C4B3B0
C4B3B0
C4B3B0
C4B3B0
C2B1AE
B19E9C
B3A09E
A2918E
C7B6B3
C4B4B4
BFAFAF
948B8A
948B8A
968E8F
958D8E
978D88
978D88
B9A8A5
B6A5A2
C4B3B0
C4B3B0
C7B6B3
A99895
BCABA8
C4B3B0
C3B2AF
C3B2AF
C5B2B0
C6B3B1
C2ABAA
B7A09F
BAA3A2
C6AFAE
C7B4B2
C6B3B1
C2B3B0
C2B3B0
C4B3B0
C4B3B0
C4B3B0
C4B3B0
C4B3B0
C5B4B1
C6B4B4
B2A0A0
8D7B7D
7F6D6F
6F6162
A09293
F6F1EF
F9F4F2
F2F1F0
F2F1F0
F3F0EF
F0EDEC
EDEAE9
EBE8E7
EBE8E7
ECE9E8
EBE8E7
EDEAE9
F0EDEC
F4F1F0
F5F2F1
F5F2F1
F5F2F1
F5F2F1
F5F2F1
F4F1F0
F4F1F0
F4F1F0
F4EFEF
F5F0F0
FCF4F3
DFD7D6
AA9C9D
988A8B
98888A
9E8E90
B9ABAA
D5C7C6
DAD1CE
CCC3C0
C3B5B6
B9ABAC
B7A7A9
B6A6A8
BBA9A9
BCAAAA
C0AFAC
C1B0AD
E6DBDD
EDE2E4
FDFDFD
FFFFFF
FEFEFE
FFFFFF
FFFFFF
FFFFFF
FFFFFF
FFFFFF
FEFFFF
FEFFFF
F1E8EB
EFE6E9
FEECEE
FDEBED
FCEAEA
FBE9E9
FCEAEA
FCEAEA
FCEAEA
FCEAEA
FCEAEA
FCEAEA
FCEAEC
FCEAEC
F6E6E8
EFDFE1
FFFEFD
FFFEFD
FFFDFE
FFFFFF
DBCDCE
A09293
C7B6B3
C3B2AF
C5B2AE
B3A09C
B09B98
C9B4B1
C4B3B0
C4B3B0
C0AFAC
BAA9A6
C5B4B1
C3B2AF
C4B3B0
C4B3B0
C3B1B1
C8B6B6
CEBCBC
C4B2B2
C4B2B2
C5B3B3
BBA9A9
B7A5A5
C3B3B3
C2B2B2
C7B1B3
C2ACAE
B59E9B
C8B1AE
BE928E
C79B97
EACFCA
FFE5E0
FEF6F5
FDF5F4
FFF5F1
FFF2EE
D5B6B8
BC9D9F
F7E9EA
FFF6F7
FDF5F2
FEF6F3
FFF2EE
F5E2DE
D3ACA9
B38C89
C4AFAC
C7B2AF
C3B2AF
C3B2AF
C7B0AF
C7B0AF
B69997
FEE1DF
FFF6F3
FFF7F4
FFEAE6
BC9F9B
B98785
B78583
C4A6A0
FFEEE8
FFF5F0
FDEEE9
F5DFE1
E0CACC
C99BA0
C6989D
A6797A
BF9293
FFF9F8
FCF4F3
FFF7F9
B39D9F
AF999B
FFFCFE
CFBBC0
AD999E
D6D8DB
DADCDF
F5F6FC
FFFFFF
FEFFFF
FEFFFF
FFFFFE
FFFFFF
D1C6C4
C4B9B7
FFFDFD
DDB8B8
F3979C
F4989D
F8989D
F6969B
C4A39E
FFE6E1
FFEDE7
C79F99
F39695
F29594
F39496
F39496
B3797A
F4BABB
FBEEEA
F8EBE7
FFF6F3
FEF5F2
FDF4F1
FDF4F1
FFF7F4
DAC9C6
BEA9A6
C4AFAC
C6B5B0
C4B3AE
C4B3B0
C4B3B0
C4B2B2
C4B2B2
C2B2B2
C3B3B3
C9AAAA
B09191
C0A9A6
B7A09D
A69592
C7B6B3
C4B3B0
C4B3B0
C4B3B0
C4B3B0
C4B3B0
C4B3B0
C4B3B0
C3B2AF
B3A09E
C6B3B1
9A8986
BAA9A6
C5B4B1
C5B4B1
BAACAD
938586
958D8E
958D8E
968D8A
968D8A
A49592
B7A8A5
BAA9A6
C4B3B0
C5B4B1
BBAAA7
AD9C99
C5B4B1
C3B2AF
C4B3B0
C4B2B2
C5B3B3
C5AFB1
C3ADAF
BDA4A4
B59C9C
B9A29F
C5AEAB
C8B5B3
C6B3B1
C3B2AF
C4B3B0
C4B3B0
C4B3B0
C4B3B0
C4B3B0
C4B2B2
C6B4B4
C4B2B4
A79597
877577
6A585A
908786
F2E9E8
F8F5F4
F3F0EF
F4F1F0
F4F1F0
F4F1F0
F4F1F0
F3F0EF
F1EEED
EFECEB
ECE9E8
E7E4E3
E6E3E2
E6E3E2
E8E5E4
EBE8E7
EEEBEA
EFECEB
F1EEED
F1EEED
F1EEED
F2EFEE
F3F0EF
F3F0EF
F7F4F3
F6EDEE
C9C0C1
A69899
A59798
9A8A8C
948486
A99E9E
D2C7C7
EFE7E6
F7EFEE
EFE6E5
E2D9D8
D3CAC9
C9C0BF
C2B7B7
B8ADAD
ECDEDF
E5D7D8
ECE6E8
FFFCFE
FEFEFE
FFFFFF
FFFFFF
FFFFFF
FFFFFF
FFFFFF
FFFFFF
FFFFFF
FCF6F8
E7E1E3
EEDCDE
FAE8EA
FDEBEB
FCEAEA
FCEAEA
FCEAEA
FCEAEA
FCEAEA
FCEAEA
FCEAEA
FCEAEC
FDEBED
EDDDDF
F4E4E6
FFFFFF
FFFEFD
FFFDFE
FFFFFF
ECDEE1
988A8D
C6B5B2
C3B2AF
C6B3AF
BCA9A5
A7928F
C9B4B1
C2B3B0
C2B3B0
C4B3B0
B7A6A3
C4B3B0
C4B3B0
C4B3B0
C4B3B0
C4B2B2
C4B2B2
D0BEBE
C8B6B6
C3B1B1
C4B2B2
C3B1B1
B09E9E
C2B2B2
C2B2B2
C7B0AF
B8A1A0
C5B0AF
C7B2B1
C09392
C49796
EBCECA
FFE3DF
FDF5F2
FDF5F2
FDF5F2
FEF6F3
FFF2F1
D6C1C0
BBA4A3
FFEAE9
FFF7F4
FDF5F2
FDF6F0
FEF7F1
FFE4E1
D8B7B4
B2918E
C7A6A3
C6B3B1
C4B1AF
C6B1B0
C7B2B1
BEA2A1
D0B4B3
FFF9F9
FFF4F4
FFF5F5
FAEAEA
C1908E
B88785
A5827E
E8C5C1
FFFDF6
FDF9F2
FEF6F7
FFF9FA
FFF6F9
FFEDF0
BC8F94
B2858A
FFF9F8
FEF6F5
F3E1E3
C0AEB0
FFF7F4
FFFBF8
E0CCD1
AD999E
E5E7E6
FAFCFB
FFFFFF
FEFFFF
FEFFFF
FEFFFF
FFFFFE
FEFFFD
FDFFF9
FFFFFF
FFDDDE
CF9D9E
F49597
F49597
F39599
F39599
E1979A
E89EA1
ED9F9F
E29494
F49796
F49796
F49798
EB8E8F
B98689
FFCFD2
FEF5F2
FBF2EF
FEF5F4
FEF5F4
FDF5F4
FCF4F3
FFF5F2
CBBCB9
C3AEAB
C0ABA8
C4B3AE
C4B3AE
C3B2AF
C4B3B0
C4B2B2
C4B2B2
C2B2B2
C2B2B2
CCADAD
B59696
C1A8A6
B09795
877673
C9B8B5
C4B3B0
C4B3B0
C4B3B0
C4B3B0
C4B3B0
C4B3B0
C4B3B0
C4B3B0
AA9996
C3B2AF
B09F9C
A08F8C
C6B5B2
C3B2AF
C4B4B4
B3A3A3
8E8584
968D8C
958D8C
948C8B
9E908F
AC9E9D
B7A6A3
BDACA9
C4B3B0
C5B4B1
A89794
C1B0AD
C4B3B0
C4B3B0
C5B1B2
C5B1B2
C2ACAE
C1ABAD
CAB3B2
C5AEAD
B59C9A
A48B89
AC9393
C2A9A9
C8B5B3
C6B3B1
C4B3B0
C4B3B0
C4B3B0
C4B3B0
C4B2B2
C4B2B2
C4B2B2
C8B6B6
C1AFB1
A39193
716163
7B6B6D
E1DCDC
FCF7F7
F3F0EF
F4F1F0
F4F1F0
F4F1F0
F4F1F0
F4F1F0
F4F1F0
F4F1F0
F4F1F0
F3F0EF
F1EEED
EDEAE9
E6E3E2
E4E1E0
E5E2E1
E8E5E4
ECE9E8
EFECEB
F0EDEC
F1EEED
EFECEB
EEEBEA
EFECEB
F2EFEE
E6DDDE
B6ADAE
AC9C9E
B4A4A6
A59597
918183
938888
B2A7A7
D7CFCE
F4ECEB
FAF9F6
FAF9F6
F8F7F4
F8F7F4
FCEEEF
F2E4E5
E4D9DB
F1E6E8
FFFFFF
FFFFFF
FEFFFF
FEFFFF
FFFFFF
FFFFFF
FFFFFF
FFFFFF
FFFEFF
FFFDFE
F4E9E9
E9DEDE
F2E0E0
FBE9E9
FDEBEB
FCEAEA
FCEAEA
FCEAEA
FCEAEA
FCEAEA
FCEAEC
FBE9EB
E2D4D5
FDEFF0
FFFFFE
FFFEFD
FFFDFE
FFFEFF
FAECED
988A8B
C4B3B0
C3B2AF
C5B4B1
BFAEAB
A4918D
C6B3AF
C2B3B0
C2B3B0
C3B4B1
B9AAA7
BCABA8
C5B4B1
C4B3B0
C4B3B0
C4B2B2
C3B1B1
CBB9B9
CFBDBD
C3B1B1
C4B2B2
C6B4B4
B4A2A2
BFABAC
C7B3B4
BDA8A7
C2ADAC
C5B2B0
C5B2B0
C39695
BD908F
E9CCC8
FFE4E0
FDF5F2
FDF5F2
FDF5F2
FCF4F1
FFF4F2
FFF7F5
E4CDCC
D4BDBC
FAEFED
FFF7F5
FDF5F2
FDF5F2
FFF4EF
FEEDE8
EFC8C7
C09998
BB9F9E
CCB0AF
C3B4B1
C2B3B0
C8B3B0
B39E9B
EEDEDE
FFF6F6
FDF4F5
FFF8F9
FFE5E1
B49692
B48380
B78683
F7EAE4
FFF7F1
FDF4F3
FEF5F4
FFF4F6
FFFCFE
DBB8BE
C29FA5
FFFBFB
FFF4F4
F8EFEE
FDF4F3
FEF6F3
FCF4F1
F1E3E4
D9CBCC
FEFFFD
FFFFFE
FEFFFD
FFFFFE
FFFFFF
FFFFFF
FEFFFF
FDFFFE
FFFCFC
EADFDF
DF908F
E99A99
F39695
F39695
F09699
F09699
F39599
F09296
EE9094
F4969A
F09795
F09795
F4989C
DA7E82
C39D9F
FFE8EA
FEF6F5
FCF4F3
FDF4F3
FEF5F4
FDF5F4
FEF6F5
FFEFEC
C1B0AD
C8B2AD
BAA49F
C5B4AF
C4B3AE
C4B3B0
C4B3B0
C4B2B2
C4B2B2
C2B2B2
C2B2B2
CCAEAE
B99B9B
BDA4A2
AC9391
6F5E5B
C5B4B1
C4B3B0
C4B3B0
C4B3B0
C4B3B0
C4B3B0
C4B3B0
C4B3B0
C6B5B2
AA9996
AD9C99
B8A7A4
978683
BCABA8
C4B3B0
C3B2AF
C7B6B3
AA9F9D
998E8C
958D8C
948C8B
968B8B
A89D9D
B2A19E
B8A7A4
C1B0AD
C7B6B3
AA9996
BAA9A6
C5B4B1
C4B3B0
C5B2B0
C5B2B0
C3B0AE
B9A6A4
C5B2B0
C6B3B1
C9B2AF
C0A9A6
AA8E8F
95797A
A28D8C
B9A4A3
C5B4B1
C7B6B3
C5B4B1
C4B3B0
C3B1B1
C4B2B2
C4B2B2
C4B2B2
C5B3B5
C8B6B8
C0AEB0
938183
786D6F
CDC2C4
FBF6F6
F8F3F3
F3F0EF
F4F1F0
F4F1F0
F4F1F0
F4F1F0
F4F1F0
F4F1F0
F4F1F0
F4F1F0
F5F2F1
F4F1F0
F2EFEE
EFECEB
EBE8E7
EAE7E6
E8E5E4
E8E5E4
ECE9E8
F2EFEE
F9F6F5
FBFAF9
FDFCFB
FFFFFF
FFFFFF
E9E1E2
B7AFB0
B0A0A2
BDADAF
B2A0A2
9A888A
8B7D7E
9C8E8F
C0BDBA
E9E6E3
FEFFFD
FFFFFF
FFF7F6
FAF2F1
F8EAEB
EDDFE0
EBE6E6
FEF9F9
FFFFFF
FFFFFF
FFFFFF
FFFFFF
FFFFFF
FFFFFF
FFFFFF
FFFFFF
FFFFFF
FAF9F8
F0E7E8
E6DDDE
F0DEE0
F8E6E8
FBE9E9
FCEAEA
FDE9EA
FCE8E9
FAE8EA
EAD8DA
ECE3E2
FFFCFB
FEFEFE
FEFEFE
FFFDFE
FFFDFE
FFF8F8
A19696
C0AFAC
C3B2AF
C4B3B0
C4B3B0
A3928F
C2B1AE
C4B3B0
C4B3B0
C2B3B0
BFB0AD
B3A29F
C4B3B0
C4B3B0
C4B3B0
C4B2B2
C4B2B2
C3B3B3
D1C1C1
C5B5B5
C1B1B1
C5B3B3
BEACAC
B5A3A3
C3B1B1
BFABAC
C5B1B2
C5B1B2
C5B1B2
C09493
B68A89
E8CBC7
FFE4E0
FEF6F5
FDF5F4
FEF5F4
FEF5F4
FDF5F4
FDF5F4
FFF6F5
F6E8E7
DDCDCD
F2E2E2
FFF7F4
FEF5F2
FCF5EF
FEF7F1
FFF1EC
F7E1DC
D6ADAD
C09797
C2ACA7
CAB4AF
C6B1AE
C2ADAA
C0ACAD
FFECED
FFF6F5
FEF5F4
FFF6F6
FFEDED
C99D99
A57975
BCA5A2
FFF5F2
FDF5F6
FDF5F6
FEF5F4
FFF8F7
EAD4D6
D4BEC0
FFF9F8
FDF4F3
FFF6F5
FFF6F5
FEF5F4
FDF4F3
FEF6F5
FFF8F7
FEFBF8
FFFEFB
FEFFFC
FEFFFC
FFFFFF
FFFFFF
FEFFFF
FEFFFF
FFFDFF
F3EAED
C37273
E99899
F49796
F39695
F19599
F19599
F19599
F19599
F39697
F39697
F19695
F09594
EF999E
C16B70
E3CDCF
FFF4F6
FDF5F4
FDF5F4
FEF5F4
FEF5F4
FEF5F4
FFF7F6
F3DEDD
BEA9A8
C8ADAA
BA9F9C
C6B5B2
C4B3B0
C4B3B0
C4B3B0
C4B3B0
C4B3B0
C2B3B0
C2B3B0
CCB0AF
BB9F9E
B9A09E
A58C8A
61504D
B5A4A1
C6B5B2
C4B3B0
C4B3B0
C4B3B0
C4B3B0
C4B3B0
C4B3B0
C6B5B2
AC9B98
BEADAA
A79693
998885
A59491
C6B5B2
C1B2AF
C2B3B0
C1B1B1
AC9C9C
A59C9B
958C8B
958C8B
9B9291
B6A2A3
B29E9F
B6A3A1
C7B4B2
B4A3A0
BAA9A6
C4B3B0
C4B3B0
C4B3B0
C4B3B0
C7B2B1
B6A1A0
C0AFAA
C6B5B0
C5B4B1
C6B5B2
C7AEAC
B79E9C
907775
8B7270
9B8685
AA9594
BBA8A6
C7B4B2
C7B5B5
C5B3B3
C4B2B2
C4B2B2
C4B2B2
C4B2B2
C4B2B2
C8B6B6
BBA9AB
988688
A59C9B
DED5D4
F6F1F1
FBF6F6
F5F2F1
F4F1F0
F4F1F0
F4F1F0
F4F1F0
F4F1F0
F4F1F0
F4F1F0
F4F1F0
F4F1F0
F5F2F1
F5F2F1
F5F2F1
F4F1F0
F1EEED
EAE7E6
E5E2E1
E2DFDE
E3E0DF
E8E5E4
ECEBEA
F2F1F0
FFFCFB
FFFDFC
E0D7D8
B7AEAF
B5A5A7
C1B1B3
BDABAD
A79597
8F8182
8D7F80
A29998
C7BEBD
FFFBF9
FFFBF9
FFF7F6
FDF5F4
F3E8E8
F1E6E6
F9F4F4
FFFBFB
FFFFFF
FFFFFF
FFFFFF
FFFFFF
FFFEFF
FFFEFF
FEFEFE
FFFFFF
FFFEFF
FCF8F9
F3EBEC
E8E0E1
EADADC
EBDBDD
F3DFE0
F4E0E1
E8DADB
F2E4E5
FFFDFA
FFFFFC
FFFDFE
FFFDFE
FEFCFD
FFFDFE
FFFEFD
AAA1A0
BAA9A6
C4B3B0
C4B3B0
C6B5B2
A59290
BEABA9
C5B4B1
C4B3B0
C3B2AF
C4B3B0
B4A19F
C0ADAB
C4B3B0
C3B2AF
C4B2B2
C4B2B2
C1B1B1
CBBBBB
CFBFBF
C1B1B1
C4B2B2
C6B4B4
AF9D9D
BFADAD
C7B4B2
C5B2B0
C5B2B0
C4B1AF
C29695
B28685
E1C4C0
FFE4E0
FFF7F6
FDF5F4
FEF5F4
FEF5F4
FEF5F4
FEF5F4
FEF5F4
FFF7F6
FFF4F4
E7DCDC
EADFDD
FDF2F0
FEF5F2
FFF6F3
FCF2ED
F5EBE6
FEE5E3
E8CFCD
CAADAB
BEA19F
C4ADAA
CBB4B1
BDA8A7
D1BCBB
FFF7F7
FFF5F5
FDF4F5
FFF6F7
FFF0EC
CBB3AF
9B7779
D7B3B5
FFFBFA
FEF6F5
FFF4F6
FFF7F9
F1DDE2
D8C4C9
FFF9F8
FEF5F4
FEF5F4
FEF5F4
FEF5F4
FEF5F4
FEF5F4
FEF5F4
FDF5F4
FFF8F7
FDFEFC
FEFFFD
FFFFFF
FFFFFF
FFFFFF
FFFFFF
FCFFFF
FEFFFF
F4B7B9
B47779
F9979A
F69497
F09699
F09699
F1959A
F1959A
F19697
F19697
F69495
FB999A
C37D82
D28C91
FFF6F5
FFF7F6
FEF5F4
FEF5F4
FEF5F4
FEF5F4
FFF4F4
FFF8F8
DDC8C7
C1ACAB
C1A6A3
BEA3A0
C5B4B1
C2B1AE
C4B3B0
C4B3B0
C4B3B0
C4B3B0
C2B3B0
C2B3B0
CCB0AF
BCA09F
B69D9B
A18886
61524F
A69794
C9B8B5
C4B3B0
C4B3B0
C4B3B0
C4B3B0
C4B3B0
C4B3B0
C6B5B2
AA9996
C2B1AE
C4B3B0
9F8E8B
8C7B78
BFAEAB
C5B4B1
C4B3B0
C5B4B1
BAA9A6
ADA2A0
ADA2A0
948C8B
938B8A
AC9C9C
B2A2A2
B5A2A0
B7A4A2
B9A6A4
B5A2A0
C6B5B2
C4B3B0
C4B3B0
C3B2AF
C7B2B1
BCA7A6
B6A39F
C6B3AF
C4B3B0
C4B3B0
C6B3B1
C6B3B1
BEA7A6
967F7E
8C7574
947D7C
94817F
988583
AB9798
BDA9AA
C5B3B3
C7B5B5
C5B3B3
C4B2B2
C4B2B2
C3B1B1
C5B3B3
C7B5B5
AF9FA1
9B8B8D
B1A6A6
D5CACA
F1E9E8
FCF4F3
F9F4F4
F5F0F0
F4F1F0
F4F1F0
F4F1F0
F4F1F0
F4F1F0
F4F1F0
F4F1F0
F4F1F0
F4F1F0
F4F1F0
F4F1F0
F4F1F0
F4F1F0
F0EDEC
EAE7E6
E5E2E1
E1E0DF
E1E0DF
E5E2E1
E8E5E4
F2EFEE
F2EFEE
D7CECD
B3AAA9
B6A6A8
C5B5B7
C3B1B3
B6A4A6
A59395
938183
F0EDEA
F9F6F3
FFFEFB
FFFEFB
FFF7F6
FCF3F2
F7EFF0
FBF3F4
FAFBF9
FDFEFC
FEFEFE
FFFFFF
FFFFFF
FFFFFF
FFFFFF
FFFFFF
FEFEFE
FFFFFF
FFFFFF
FEFEFE
FBF8F7
F4F1F0
F7EEED
EEE5E4
F5EDEC
FFFCFB
FEFFFD
FEFFFD
FFFDFE
FFFDFE
FFFDFE
FFFDFE
FFFEFD
B5ADAC
B2A19E
C5B4B1
C4B3B0
C7B6B3
AA9795
B6A3A1
C6B5B2
C4B3B0
C3B2AF
C4B3B0
BFACAA
B3A09E
C6B5B2
C3B2AF
C3B1B1
C4B2B2
C3B1B1
C5B3B3
D3C3C3
C6B6B6
C2B0B0
C5B3B3
BBA8A6
B09D9B
C9B6B2
C5B2AE
C5B2B0
C4B1AF
C19896
AF8684
DBBEBA
FFE5E1
FFF7F6
FDF5F4
FEF5F4
FEF5F4
FEF5F4
FEF5F4
FDF5F4
FDF5F4
FEF5F4
FFF7F6
FCF3F2
FAF1F0
FDF2F2
F5EAEA
F3E8E6
FAEFED
FFF1F1
FFF4F4
FFF2EF
EDDCD9
D3BAB8
C5ACAA
CBB2B0
C0A7A5
D3C1C1
FFF5F5
FEF6F7
FCF4F5
FEF6F3
FFF9F6
ECC8CC
B18D91
D0BABC
FFF5F7
FFF7F8
FFF6F7
F9E9ED
E9D9DD
FFF6F6
FFF4F4
FEF5F4
FEF5F4
FEF5F4
FEF5F4
FEF5F4
FEF5F4
FEF5F4
FEF5F4
FCF9F8
FFFCFB
FEFEFE
FFFFFF
FFFFFF
FFFFFF
FCFFFF
FCFFFF
FFFCFB
C1AAA9
C56B6E
F1979A
F39897
F09594
F09498
F19599
F19599
F19599
F59B9E
DE8487
A67E81
FFDFE2
FFF8F9
FDF5F6
FEF5F4
FEF5F4
FEF5F4
FEF5F4
FFF3F4
FFF3F4
CBB4B3
C7B0AF
BBA09D
C3A8A5
C5B2B0
C3B0AE
C5B2B0
C5B2B0
C4B3B0
C4B3B0
C2B3B0
C2B3B0
CCB0AF
BFA3A2
B59C9C
9F8686
665857
918382
C9B8B5
C4B3B0
C4B3B0
C4B3B0
C4B3B0
C4B3B0
C4B3B0
C5B4B1
AA9996
C1B0AD
C5B4B1
C4B3B0
978683
A3928F
C8B7B4
C4B3B0
C4B3B0
C5B4B1
AFA29E
BFB2AE
ADA4A1
968D8A
978988
B5A7A6
B4A0A1
B4A0A1
AA9795
AF9C9A
C7B6B3
C4B3B0
C4B3B0
C3B2AF
C5B2B0
C4B1AF
AF9A97
C3AEAB
C4B3B0
C4B3B0
C1B2AF
C2B3B0
C8B5B3
C1AEAC
968180
8D7877
B6A1A0
B8A3A2
A59192
9A8687
998885
A69592
B7A5A5
C2B0B0
C6B4B4
C7B5B5
C4B2B2
C3B1B1
C6B2B3
C6B2B3
BAAAAA
B0A0A0
AEA3A1
C3B8B6
D9D4D4
EFEAEA
F8F5F4
F8F5F4
F4F1F0
F3F0EF
F4F1F0
F4F1F0
F4F1F0
F4F1F0
F4F1F0
F4F1F0
F4F1F0
F4F1F0
F4F1F0
F5F2F1
F4F1F0
F0EDEC
EAE7E6
E7E4E3
E6E5E4
E5E4E3
E3E2E1
E2E1E0
E9E4E4
E4DFDF
C2B9BA
A79E9F
B0A2A3
BFB1B2
C7B5B7
C3B1B3
F4EFEF
EFEAEA
F0EDEC
FBF8F7
FFFFFE
FEFDFC
FEFBFA
FCF9F8
FAF7F6
F8F5F4
FAF5F5
F9F4F4
F4EFEF
F8F3F3
F9F5F8
FDF9FC
FBFBFB
FCFCFC
FDFDFD
FEFEFE
FFFFFF
FFFFFF
FEFCFD
FBF9FA
FFFEFD
FFFEFD
FEFFFD
FEFFFD
FFFDFE
FFFDFE
FFFDFE
FFFDFE
FFFEFD
C8C0BF
A99895
C6B5B2
C4B3B0
C7B6B3
AD9A98
AB9896
C6B5B2
C4B3B0
C4B3B0
C3B2AF
C5B2B0
AE9B99
C2B1AE
C5B4B1
C4B2B2
C4B2B2
C4B2B2
C2B0B0
CBBBBB
D1C1C1
C3B1B1
C4B2B2
C8B3B2
A89392
BBA6A3
C7B2AF
C5B2AE
C4B1AD
C19896
B08785
D2B5B1
FFE8E4
FFF7F6
FDF5F4
FEF5F4
FEF5F4
FEF5F4
FEF5F4
FEF5F4
FFF6F5
FFF9F8
FFFCFB
FFFFFF
FFFAF9
ECD6DA
D6C0C4
AB9397
80686C
6A474F
68454D
71424C
73444E
85545A
A06F75
A0767A
B98F93
B59799
D2B4B6
F9EEEC
FFF6F4
FDF5F2
FDF5F2
FFF7F7
F8E8E8
C9A9AE
D7B7BC
FCF1F1
FFF6F6
FDF2F4
FAEFF1
FFF4F4
FFF4F4
FEF5F4
FEF5F4
FEF5F4
FEF5F4
FEF5F4
FEF5F4
FEF5F4
FEF5F4
FDF5F4
FEF6F5
FCFAFB
FEFCFD
FEFEFF
FFFFFF
FEFFFF
FEFFFF
FEFEFE
FFFFFF
DDA0A1
A86B6C
E68787
F59696
F6999A
F79A9B
F89699
F08E91
C67E81
C27A7D
EFE1E0
FFF6F5
FEF5F4
FEF5F4
FEF5F4
FEF5F4
FEF5F4
FEF5F4
FFF5F6
F1E3E4
C0A9A8
C8B1B0
BDA29F
C9AEAB
C0ADAB
C1AEAC
C5B2B0
C5B2B0
C4B3B0
C4B3B0
C2B3B0
C2B3B0
CCB0B1
C2A6A7
B49B9B
998080
645957
7B706E
C5B3B3
C4B2B2
C4B2B2
C4B2B2
C4B3B0
C4B3B0
C4B3B0
C5B4B1
AA9996
C1B0AD
C4B3B0
C5B4B1
BFAEAB
91807D
BCABA8
C5B4B1
C4B3B0
C5B4B1
BBACA9
B0A19E
C2B7B5
AEA3A1
948987
9D9290
BFADAD
B4A2A2
A08D8B
9E8B89
C8B7B4
C3B2AF
C4B3B0
C4B3B0
C4B3B0
C5B4B1
B39E9B
B7A29F
C7B4B2
C5B2B0
C2B3B0
C2B3B0
C2B3B0
C3B4B1
C3B0AE
978482
8E7B79
C2AFAD
C8B6B6
C4B2B2
BBAAA7
AC9B98
A08E8E
9E8C8C
A69494
B2A0A0
B9A9A9
BFAFAF
C5B4B1
C6B5B2
C5B4B1
C6B5B2
C3B2AF
BAA9A6
B1A3A2
B5A7A6
C4B9B7
DACFCD
EAE5E3
F6F1EF
F8F5F2
F7F4F1
F4F1EE
F4F1EE
F4F1F0
F4F1F0
F4F1F0
F4F1F0
F4F1F0
F4F1F0
F4F1F0
F5F2F1
F4F1F0
F0EDEC
ECE9E8
E9E6E5
E8E5E4
E7E4E3
E7E4E3
E8E5E4
EAE5E5
E1DCDC
CABFBF
B2A7A7
B2A0A0
BEACAC
F5F2F1
F4F1F0
F3EEEE
EEE9E9
F2EFEE
FDFAF9
FFFFFE
FFFEFD
FFFEFD
FEFDFC
FFFCF9
FAF7F4
F0EBEB
F8F3F3
F8F4F5
FBF7F8
FAF8F9
FAF8F9
FCFCFC
FEFEFE
FFFDFE
FFFDFE
FFFDFE
FFFDFE
FFFDFE
FFFDFE
FFFDFE
FFFDFE
FFFDFE
FFFDFE
FFFDFE
FFFDFE
FFFFFF
D0CBCB
A39191
C7B5B5
C4B2B2
C6B4B4
B5A1A2
A28E8F
C7B5B5
C4B2B2
C4B2B2
C4B2B2
C6B3B1
B8A5A3
B4A19D
C7B4B0
C4B3B0
C4B3B0
C4B3B0
C3B2AF
C2B3B0
D5C6C3
CAB9B6
C3B2AF
C6B1B0
BCA7A6
A38C89
C6AFAC
C7B4B0
C4B1AD
BF9694
B28987
C8ABA7
FFE8E4
FFF8F5
FFF8F5
FFFAF7
FFFCF9
FFFEFB
FFFEFB
FFF8F8
FFF1F1
F1DDDE
D5C1C2
B1979C
83696E
5F424A
472A32
411A23
431C25
50222E
542632
572836
5B2C3A
582633
6D3B48
B19498
EACDD1
F0DFDC
D9C8C5
CFBFC1
F8E8EA
FDF5F4
FCF4F3
FCF4F3
FFF7F6
FFF6F8
E9D9DB
D8C8CA
F4E4E6
FFF4F4
FFF4F4
FFF4F4
FFF4F4
FEF5F4
FEF5F4
FEF5F4
FEF5F4
FEF5F4
FEF5F4
FEF5F4
FEF5F4
FDF5F4
FDF5F4
FBF6F4
FDF8F6
FEFBFA
FFFDFC
FEFEFE
FFFFFF
FCFFFF
FCFFFF
FFFEFB
DBCAC7
C57B81
C0767C
C06C6E
C16D6F
B96E6F
B86D6E
B39591
FFE8E4
FFF9F8
FDF5F4
FEF5F4
FEF5F4
FEF5F4
FEF5F4
FEF5F4
FEF5F4
FFF7F6
D9CBCA
C6A9A7
C5A8A6
C2A5A1
C8ABA7
C0ADA9
C4B1AD
C4B1AD
C5B2AE
C4B3B0
C4B3B0
C4B3B0
C4B3B0
CAB1AF
C1A8A6
B09A9C
8B7577
695E5E
6F6464
BDABAB
C6B4B4
C4B2B2
C4B2B2
C3B2AF
C3B2AF
C4B3B0
C5B4B1
AA9996
C2B1AE
C4B3B0
C4B3B0
C8B7B4
B1A09D
9E8D8A
C7B6B3
C4B3B0
C3B2AF
C3B4B1
B0A19E
BCAFAB
C3B6B2
AAA29C
928A84
AE9F9C
B9AAA7
B19E9C
9E8B89
C5B4B1
C4B3B0
C4B3B0
C4B3B0
C4B3B0
C4B3B0
C5ACAC
AE9595
C6B1B0
C7B2B1
C4B3B0
C4B3B0
C3B2AF
C3B2AF
C5B4B1
C7B6B3
958481
9A8986
C6B5B2
C4B3B0
C6B5B2
C6B5B2
C6B5B2
C4B3B0
BEADAA
B5A4A1
AC9B98
A79693
A89794
AF9E9B
B8A7A4
BFAEAB
C4B3B0
C6B5B2
C8B7B4
C5B4B1
BFAEAB
BBAAA7
BAADA9
BEB1AD
C5BDBA
E0D8D5
F4F1EE
FBF8F5
FAF7F6
F6F3F2
F5F1F2
F4F0F1
F5F0F0
F5F0F0
F5F0F0
F5F0F0
F5F0F0
F5F0F0
F4F1F0
F2EFEE
EEEBEA
E9E6E5
E7E4E3
E8E5E4
E8E5E4
E9E6E5
EFE7E6
ECE4E3
DAD1D0
C5BCBB
F1E9EA
F3EBEC
F5F0F0
F5F0F0
F1ECEC
EEE9E9
F3F0EF
FEFBFA
FFFFFE
FFFEFD
FFFEFD
FFFFFE
FDFCFB
FFFEFD
FFFEFF
FFFEFF
FFFDFE
FFFDFE
FEFEFE
FEFEFE
FFFDFE
FFFDFE
FFFDFE
FFFDFE
FFFDFE
FFFDFE
FFFDFE
FFFDFE
FFFDFE
FFFDFE
FFFDFE
FFFDFE
FFFFFF
E3DEDE
9D8B8B
C5B3B3
C2B2B2
C3B3B3
BDA9AA
9B8788
C6B4B4
C4B2B2
C4B2B2
C4B2B2
C5B2B0
C3B0AE
AE9996
C4AFAC
C4B3B0
C4B3B0
C4B3B0
C4B3B0
C1B0AD
C7B6B3
D4C3C0
C4B3B0
C4B3B0
C6B5B2
AE9593
B09795
C8B3B0
C6B1AE
BF9694
B38A88
BFA19B
FFE5DF
EEDFDC
DACBC8
D3BDBF
C2ACAE
B1979A
A78D90
8C696F
6A474D
523237
45252A
381B1F
3D2024
4B222C
4B222C
51222E
693A46
6B4554
6C4655
684855
684855
6C4854
65414D
70565B
EED4D9
FFFFFD
FEF9F5
FFF4F4
FBF0F0
FEF5F4
FEF5F4
FEF5F4
FEF5F4
FEF5F4
FFF8F7
FFF1F2
F2E4E5
FAEFEF
FFF5F5
FEF5F4
FEF5F4
FEF5F4
FEF5F4
FEF5F4
FEF5F4
FEF5F4
FEF5F4
FEF5F4
FEF5F4
FEF5F4
FEF5F4
FEF5F4
FEF5F4
FEF6F5
FFF7F6
FEF9F7
FFFBF9
FEFDFC
FFFFFE
FEF3F5
E4D9DB
E3C6CA
F3D6DA
E4C5C7
E7C8CA
F0E2E3
FFF2F3
FFFAFD
FFF6F9
FEF5F4
FEF5F4
FEF5F4
FEF5F4
FEF5F4
FEF5F4
FEF5F4
FEF5F4
FFF2F1
C1B3B2
CBAAA9
CBAAA9
C7AAA6
C8ABA7
B9A6A2
C5B2AE
C3B2AD
C4B3AE
C4B3B0
C4B3B0
C4B3B0
C4B3B0
C9B2AF
C2ABA8
B09C9D
867273
807575
6C6161
B3A1A1
C7B5B5
C4B2B2
C4B2B2
C3B2AF
C4B3B0
C4B3B0
C3B2AF
A99895
C4B3B0
C4B3B0
C4B3B0
C5B4B1
C7B6B3
9C8B88
B09F9C
C6B5B2
C4B3B0
C5B4B1
C0AFAC
B2A19E
C6B5B2
C2B8B3
A79D98
978A86
BCAFAB
B6A3A1
B4A19F
B2A19E
C6B5B2
C4B3B0
C4B3B0
C2B3B0
C2B3B0
CDB4B4
B29999
BCA5A4
CAB3B2
C4B3B0
C4B3B0
C4B3B0
C4B3B0
C4B3B0
C6B5B2
C4B3B0
92817E
AE9D9A
C6B5B2
C4B3B0
C4B3B0
C4B3B0
C4B3B0
C4B3B0
C5B4B1
C7B6B3
C5B4B1
BDACA9
B5A4A1
AD9C99
A79693
A69592
AB9A97
B2A19E
B9A8A5
BEADAA
C4B3B0
C6B5B2
C3B2AF
B5A8A4
A99C98
A79E9B
BBB2AF
D5CDCC
EEE6E5
F7EFF0
FBF3F4
FAF5F5
FBF6F6
F9F4F4
F8F3F3
F6F3F2
F5F2F1
F3F0EF
F2EFEE
EEEBEA
EAE7E6
E8E5E4
E8E5E4
E8E5E4
E8E5E4
E8E5E4
E8E5E4
E8E7E6
E7E6E5
EADFE1
F3E8EA
F2EAEB
F3EBEC
F5EDEE
F7EFF0
F3EBEC
F0E8E9
F4EFEF
FDF8F8
FFFFFE
FFFEFD
FFFDFE
FEFCFD
FEFCFD
FFFDFE
FFFDFE
FFFDFE
FFFDFE
FFFDFE
FFFDFE
FFFDFE
FFFDFE
FFFDFE
FFFDFE
FFFDFE
FFFDFE
FFFDFE
FFFDFE
FFFDFE
FFFDFE
FFFDFE
FFFFFF
EFECEB
988688
C5B3B5
C4B2B2
C4B2B2
C2AEAF
9C8889
C0AEAE
C5B3B3
C4B2B2
C4B2B2
C5B2B0
C6B3B1
B9A29F
BAA3A0
C6B5B0
C4B3AE
C4B3B0
C4B3B0
C6B3B1
BFACAA
CEBDBA
D0BFBC
C0B1AE
C2B3B0
C7AEAC
A38A88
BDA4A2
C9B0AE
BD9693
B48D8A
B49390
FFE2DF
FCEDEA
E8D9D6
D1B9BD
B59DA1
96777C
816267
8A676D
724F55
4D2D34
523239
4B262F
4C2730
551B29
541A28
54202E
6B3745
654451
664552
6A4453
6A4453
6B3D4B
663846
511C28
6F3A46
EEE0E1
FFF7F8
FEF6F5
FDF5F4
FEF5F2
FEF5F2
FEF5F4
FEF5F4
FEF5F4
FEF5F4
FEF5F4
FFF6F5
FEF5F4
FEF5F4
FEF5F4
FEF5F4
FEF5F4
FEF5F4
FEF5F4
FEF5F4
FEF5F4
FEF5F4
FEF5F4
FEF5F4
FEF5F4
FEF5F4
FEF5F4
FEF5F4
FEF5F4
FEF5F4
FEF5F4
FEF5F4
FEF6F5
FFF7F6
FBF5F7
FBF5F7
FFF7FA
FFF5F8
FFFBFC
FFFBFC
FFF8F7
FEF6F5
FDF4F3
FEF5F4
FEF5F4
FEF5F4
FEF5F4
FEF5F4
FEF5F4
FEF5F4
FCF4F3
FFF7F6
F0DEDE
BBA9A9
C6A5A4
DDBCBB
C6A9A7
CAADAB
BFACA8
C6B3AF
C3B2AF
C4B3B0
C4B3B0
C4B3B0
C4B3B0
C4B3B0
C6B1AE
C3AEAB
AA9898
7B6969
918889
736A6B
A39191
C8B6B6
C3B1B1
C4B2B2
C3B2AF
C4B3B0
C4B3B0
C0AFAC
AA9996
C5B4B1
C4B3B0
C4B3B0
C4B3B0
C6B5B2
BAA9A6
988784
C1B0AD
C4B3B0
C4B3B0
C5B4B1
B4A19F
C0ADAB
C4B5B2
C1B2AF
A19490
A49793
C1AEAC
AB9896
AE9D9A
C1B0AD
C5B4B1
C4B3B0
C4B3B0
C4B3B0
C8B3B2
BEA9A8
AC9594
C8B1B0
C4B3B0
C4B3B0
C4B3B0
C4B3B0
C4B3B0
C5B4B1
C5B4B1
BFAEAB
8C7B78
BDACA9
C6B5B2
C4B3B0
C4B3B0
C4B3B0
C4B3B0
C3B2AF
C4B3B0
C4B3B0
C5B4B1
C5B4B1
C7B6B3
C6B5B2
C3B2AF
BCABA8
B4A3A0
AD9C99
AA9996
A79693
AA9996
AD9C99
B5A4A1
BBAAA7
B3A1A1
A59393
908082
877779
908082
A79799
BFB1B2
D2C4C5
DDD4D3
E5DCDB
E9E1E2
ECE4E5
EBE8E5
EBE8E5
EEE9E9
EEE9E9
EDE8E8
EEE9E9
ECE9E8
E9E6E5
E6E3E2
E5E2E1
E7E4E3
E9E6E5
F0E7E8
EAE1E2
F7EFF0
FAF2F3
F4ECED
F2EAEB
F3EBEC
F3EBEC
F1E9EA
EFE7E8
F1ECEC
F9F4F4
FFFCFB
FFFFFE
FFFDFE
FEFCFD
FFFDFE
FFFDFE
FFFDFE
FFFDFE
FFFDFE
FFFDFE
FFFDFE
FFFDFE
FFFDFE
FFFDFE
FFFDFE
FFFDFE
FFFDFE
FFFDFE
FFFDFE
FFFDFE
FFFEFF
F9F5F6
9A888A
C1AFB1
C4B2B2
C4B2B2
C5B1B2
A89495
BAA8A8
C5B3B3
C4B2B2
C4B2B2
C4B3B0
C4B3B0
C5AEAB
B49D9A
C4B1AD
C5B2AE
C4B3AE
C4B3AE
C5B2B0
C5B2B0
BDACA9
D3C2BF
C8B7B4
C3B2AF
C9B4B1
B39E9B
A88A8A
C5A7A7
C19896
B78E8C
B08D8B
FEDBD9
FFF9F3
FFF9F3
FFFCFB
FFFEFD
FFFDFC
FFFFFF
F1DDE0
6C585B
5C4249
452B32
6C3D49
764753
591725
5E1C2A
602E39
63313C
603542
5B303D
5B2632
57222E
5A1B28
581926
5E1924
540F1A
896A6F
FFF2F7
FFF8F7
FDF5F4
FEF5F4
FEF5F4
FEF5F4
FEF5F4
FEF5F4
FEF5F4
FEF5F4
FEF5F4
FEF5F4
FEF5F4
FEF5F4
FEF5F4
FEF5F4
FEF5F4
FEF5F4
FEF5F4
FEF5F4
FEF5F4
FEF5F4
FEF5F4
FEF5F4
FEF5F4
FEF5F4
FEF5F4
FFF4F4
FFF4F4
FFF4F4
FEF3F3
FEF3F3
FEF3F3
FEF5F4
FEF5F4
FEF5F6
FEF5F6
FEF5F6
FEF5F6
FFF4F6
FFF4F6
FEF5F4
FEF5F4
FEF5F4
FEF5F4
FEF5F4
FEF5F4
FEF5F4
FEF5F4
FEF5F4
FFF8F7
D4BFBE
BCA7A6
C9A8A7
F1D0CF
C4ABA9
C5ACAA
BCA9A5
C7B4B0
C3B2AF
C4B3B0
C4B3B0
C4B3B0
C4B3B0
C4B3B0
C7B2AF
C3AEAB
9C8C8E
7A6A6C
978F90
807879
988686
C8B6B6
C3B1B1
C4B2B2
C4B3B0
C4B3B0
C4B3B0
BEADAA
AA9996
C7B6B3
C4B3B0
C4B3B0
C4B3B0
C4B3B0
C7B6B3
A79693
A79693
C8B7B4
C3B2AF
C3B2AF
BDACA9
B1A09D
C5B4B1
C7B6B3
BCAFAB
9B8E8A
B4A3A0
A08F8C
B7A6A3
B8A7A4
C7B6B3
C4B3B0
C4B3B0
C4B3B0
C5B2B0
C7B4B2
AE9595
BBA2A2
C5B4B1
C4B3B0
C4B3B0
C4B3B0
C4B3B0
C4B3B0
C4B3B0
C7B6B3
B5A4A1
82716E
BAA7A5
CAB7B5
C5B2B0
C5B2B0
C4B3B0
C4B3B0
C4B3B0
C4B3B0
C4B3B0
C4B3B0
C4B3B0
C4B3B0
C4B3B0
C5B4B1
C6B5B2
C6B5B2
C6B5B2
C4B3B0
C0AFAC
BBAAA7
BAA9A6
B4A3A0
AF9C9A
B6A3A1
B7A3A4
A79394
927F7D
816E6C
816B6D
887274
9C8889
AB9798
AD9D9D
B0A0A0
ACA29D
ADA39E
B3A8A8
B9AEAE
C0B5B7
C7BCBE
CCC3C4
D4CBCC
E0D7D8
ECE3E4
F3EBEC
F9F1F2
F6EEEF
F4ECED
EAE1E2
F1E8E9
FFF7F8
FDF5F6
F7F2F2
F3EEEE
F3EBEC
F0E8E9
EFE7E6
EDE5E4
EEE6E7
F6EEEF
FCF8F9
FFFBFC
FFFDFE
FFFEFF
FFFDFE
FFFDFE
FFFDFE
FFFDFE
FFFDFE
FFFDFE
FFFDFE
FFFDFE
FFFDFE
FFFDFE
FFFDFE
FFFDFE
FFFDFE
FFFDFE
FFFDFE
FFFEFF
A08E92
B9A7AB
C5B3B3
C4B2B2
C5B1B2
AF9B9C
B6A4A4
C5B3B3
C4B2B2
C4B2B2
C4B3B0
C3B2AF
C7B2AF
B6A19E
BBA8A4
C6B3AF
C4B3AE
C4B3AE
C4B3B0
C3B2AF
C2B1AE
BDACA9
D1C0BD
C4B3B0
C3B2AD
C4B3AE
AA8B8B
B49595
BC9592
B8918E
AA8986
F4D3D0
FFF8F2
FDF6F0
FEF5F4
FEF5F4
FFF7F8
F6E8E9
6F525A
593C44
482B33
63464E
DFBAC1
8A656C
551220
5D1A28
663441
6B3946
6A3845
64323F
5B1E2A
561925
5B1826
5C1927
5E1924
5D1823
4B2127
E2B8BE
FFFDFC
FEF5F4
FEF5F4
FEF5F4
FEF5F4
FEF5F4
FEF5F4
FEF5F4
FEF5F4
FEF5F4
FEF5F4
FEF5F4
FEF5F4
FEF5F4
FEF5F4
FEF5F4
FEF5F4
FEF5F4
FEF5F4
FEF5F4
FEF5F4
FEF5F4
FEF5F4
FEF5F4
FEF5F4
FEF5F4
FEF5F4
FEF5F4
FEF5F4
FEF5F4
FEF5F6
FEF5F6
FEF5F6
FEF5F6
FEF5F4
FEF5F4
FEF5F6
FEF5F6
FEF4F7
FEF4F7
FEF5F4
FEF5F4
FEF5F4
FEF5F4
FEF5F4
FEF5F4
FDF5F4
FDF5F4
FFF5F5
F8EDED
C4A8A9
C2A6A7
D9BBB9
FEE0DE
C5AEAB
C4ADAA
B8A5A3
C6B3B1
C4B3B0
C4B3B0
C4B3B0
C4B3B0
C4B3B0
C4B3B0
C7B2AF
C2ADAA
837576
847677
979292
898484
8A7976
C7B6B3
C3B2AF
C4B3B0
C4B3B0
C4B3B0
C5B4B1
B8A7A4
AE9D9A
C9B8B5
C4B3B0
C4B3B0
C4B3B0
C4B3B0
C5B4B1
C3B2AF
9C8B88
B9A8A5
C5B4B1
C2B1AE
C5B4B1
B2A19E
C1B0AD
C4B3B0
C3B4B1
B4A5A2
9D8C89
A3928F
B7A6A3
B4A3A0
C4B3B0
C4B3B0
C4B3B0
C4B3B0
C4B3B0
C5B4B1
C2A6A7
AD9192
C5B4B1
C4B3B0
C4B3B0
C4B3B0
C4B3B0
C4B3B0
C4B3B0
C4B3B0
CAB9B6
9F8E8B
685553
AE9B99
CAB7B5
C6B3B1
C4B3B0
C4B3B0
C4B3B0
C4B3B0
C4B3B0
C4B3B0
C4B3B0
C4B3B0
C4B3B0
C4B3B0
C4B3B0
C4B3B0
C4B3B0
C4B3B0
C5B4B1
C6B5B2
C6B5B2
C4B3B0
C5B4B1
C5B4B1
C5B4B1
C5B4B1
C6B5B2
C4B3B0
BEA9A8
B09B9A
A08A8C
A18B8D
A48F8E
AE9998
BAA9A4
C0AFAA
BFABAC
B6A2A3
B19FA1
AF9D9F
A9999B
A8989A
A9999B
AD9D9F
AFA1A2
B7A9AA
E9E4E4
F5F0F0
F8F0F1
EEE6E7
ECE4E5
FCF4F5
FDF8F8
FBF6F6
FAF7F6
F9F6F5
F8F3F1
F6F1EF
F4ECEB
EFE7E6
EDE7E9
F2ECEE
F5EFF1
F9F3F5
FCF8F9
FEFAFB
FDFBFC
FEFCFD
FEFCFD
FEFCFD
FEFCFD
FFFDFE
FFFDFE
FFFDFE
FFFDFE
FFFDFE
FFFDFE
FFFDFE
FFFDFE
FFFFFF
AE9A9D
B09C9F
C6B4B4
C4B2B2
C4B2B2
B6A4A4
B9A9A9
C1B1B1
C4B3B0
C4B3B0
C4B3B0
C4B3B0
C6B3AF
BFACA8
B69F9C
C7B0AD
C2B3B0
C2B3B0
C4B3B0
C4B3B0
C5B2B0
C0ADAB
BFACAA
CCB9B7
C2B1AC
C6B5B0
BFA3A2
A38786
BB9290
B9908E
AB8684
EAC5C3
FFF8F2
FDF6F0
FDF5F4
FFF7F6
FFF5F7
806E70
51323B
51323B
4C3D44
C9BAC1
F4DADF
7E6469
55131D
5C1A24
5A1824
5A1824
581926
581926
591A27
591A27
591725
551321
591320
5D1724
4E121C
985C66
FFFAF8
FFF4F2
FEF5F4
FEF5F4
FEF5F4
FEF5F4
FEF5F4
FEF5F4
FEF5F4
FEF5F4
FEF5F4
FEF5F4
FEF5F4
FEF5F4
FEF5F4
FEF5F4
FEF5F4
FEF5F4
FEF5F4
FEF5F4
FEF5F4
FEF5F4
FEF5F4
FEF5F4
FEF5F4
FEF5F4
FEF5F4
FEF5F4
FEF5F4
FEF5F4
FEF5F4
FEF5F4
FEF5F4
FEF5F4
FEF5F4
FEF5F4
FEF5F4
FEF5F4
FEF5F4
FEF5F4
FEF5F4
FEF5F4
FEF5F4
FEF5F4
FEF5F4
FEF5F4
FDF5F2
FDF5F2
FFF7F4
DDCECB
C1A2A2
C6A7A7
EED9D8
FFEEED
C2ABA8
C4ADAA
B8A5A1
C6B3AF
C4B3B0
C4B3B0
C4B3B0
C4B3B0
C4B3B0
C4B3B0
C7B2AF
C0ABA8
726465
8E8081
948F8D
8F8A88
837471
C3B4B1
C4B3B0
C4B3B0
C4B3B0
C4B3B0
C7B6B3
B09F9C
978683
BDACA9
C8B7B4
C5B4B1
C4B3B0
C4B3B0
C4B3B0
C6B5B2
B9A8A5
9A8986
C4B3B0
C5B4B1
C5B4B1
BBAAA7
B9A8A5
C5B4B1
C3B2AF
C5B4B1
AA9996
9D8C89
BFAEAB
B09F9C
B8A5A3
C3B0AE
C2B5B1
C1B4B0
C4B3B0
C4B3B0
CAB1B1
AE9595
B8A5A3
C7B4B2
C4B3B0
C4B3B0
C4B3B0
C4B3B0
C4B3B0
C4B3B0
C5B2B0
CAB7B5
867170
705B5A
988583
C5B2B0
C9B6B4
C5B2B0
C3B2AF
C4B3B0
C4B3B0
C4B3B0
C4B3B0
C4B3B0
C4B3B0
C4B3B0
C4B3B0
C4B3B0
C4B3B0
C4B3B0
C4B3B0
C4B3B0
C4B3B0
C4B3B0
C4B3B0
C4B3B0
C4B3B0
C4B3B0
C4B3B0
C4B3B0
C5B4B1
C7B6B3
C8B7B4
C5B4B1
BDACA7
AF9E99
A3908C
9F8C88
AB9896
BDAAA8
C8B5B3
CBB8B6
C9B7B7
C7B5B5
C6B5B2
C4B3B0
C3B2AF
C1B0AD
E7E2E2
ECE7E7
F4EFEF
F6F1F1
F3EBEC
EBE3E4
FAF5F5
FFFCFC
FDFAF9
FEFBFA
FEFBFA
FDFAF9
FEF9F9
FFFAFA
FCF8F9
FCF8F9
FCF8F9
FBF7F8
FBF9FA
FCFAFB
FDFBFC
FEFCFD
FEFCFD
FEFCFD
FEFCFD
FEFCFD
FFFDFE
FFFDFE
FFFDFE
FFFDFE
FFFDFE
FFFDFE
FFFDFE
FFFFFF
C2B0B2
A59395
C7B5B5
C4B2B2
C5B3B3
B7A5A5
C4B4B4
BBABAB
C6B5B2
C4B3B0
C4B3B0
C4B3B0
C5B2B0
C5B2B0
B8A19E
BFA8A5
C5B4B1
C4B3B0
C4B3B0
C4B3B0
C5B2B0
C5B2B0
BCA9A7
C2AFAD
CAB9B4
C3B2AD
CBB4B1
AB9491
B18C8A
B99492
AD8886
D9B4B2
FFF7F2
FFF5F0
FEF5F4
FFFFFE
C3ABAF
472F33
52353D
44272F
ABA7AA
DEDADD
EDD5DB
8E767C
56111C
5E1924
5B1925
5B1925
591A25
591A25
591A27
531421
72454C
D4A7AE
87454F
73313B
823B47
8A434F
EBDBDB
FFF6F6
FDF5F4
FDF5F4
FEF5F4
FEF5F4
FEF5F4
FEF5F4
FEF5F4
FEF5F4
FEF5F4
FEF5F4
FEF5F4
FEF5F4
FEF5F4
FEF5F4
FEF5F4
FEF5F4
FEF5F4
FEF5F4
FEF5F4
FEF5F4
FEF5F4
FEF5F4
FEF5F4
FEF5F4
FEF5F4
FEF5F4
FEF5F4
FEF5F4
FEF5F4
FEF5F4
FEF5F4
FEF5F4
FEF5F4
FEF5F4
FEF5F4
FEF5F4
FEF5F4
FEF5F4
FEF5F4
FEF5F4
FEF5F4
FEF5F4
FEF5F4
FEF5F4
FDF5F4
FEF6F5
FFEFEC
C5B0AD
C3A4A4
DFC0C0
FFF0ED
FFF1EE
C3AAA8
C5ACAA
B9A6A2
C6B3AF
C2B3B0
C2B3B0
C4B3B0
C4B3B0
C4B3B0
C4B3B0
C7B4B0
BBA8A4
746667
988A8B
928D8D
928D8D
877777
BCACAC
C6B5B2
C4B3B0
C4B3B0
C4B3B0
C7B6B3
AA9996
82716E
82716E
9C8B88
C2B1AE
C8B7B4
C5B4B1
C4B3B0
C4B3B0
C7B6B3
AD9C99
A49390
C7B6B3
C4B3B0
C2B1AE
B3A29F
C5B4B1
C4B3B0
C4B3B0
BEADAA
A59491
C8B5B3
B4A19F
B39E9D
B7A2A1
C3B2AF
C5B4B1
C2B3B0
C2B3B0
C8B1B0
BFA8A7
A99291
C8B1B0
C4B3B0
C4B3B0
C4B3B0
C4B3B0
C4B3B0
C4B3B0
C4B3B0
C6B5B2
C1ACAB
745F5E
7A6765
7F6C6A
B29F9D
CBB8B6
C5B4B1
C4B3B0
C4B3B0
C4B3B0
C4B3B0
C4B3B0
C4B3B0
C4B3B0
C4B3B0
C4B3B0
C4B3B0
C4B3B0
C4B3B0
C4B3B0
C4B3B0
C4B3B0
C4B3B0
C4B3B0
C4B3B0
C4B3B0
C4B3B0
C4B3B0
C4B3B0
C4B3B0
C4B3B0
C4B3B0
C5B4AF
C7B6B1
C6B5B0
BFAEA9
B4A19F
A59290
9F8E8B
A89794
B7A6A3
C4B3B0
C9B8B5
C8B7B4
C6B5B2
C5B4B1
E8E5E4
E8E5E4
EEE9E9
F4EFEF
F7EFF0
F4ECED
EAE5E5
FAF5F5
FFFEFD
FEFDFC
FFFEFD
FFFEFD
FFFEFD
FFFEFD
FFFDFE
FEFCFD
FEFCFD
FEFCFD
FFFDFE
FFFDFE
FFFDFE
FFFDFE
FFFDFE
FFFDFE
FFFDFE
FFFDFE
FFFDFE
FFFDFE
FFFDFE
FFFDFE
FFFDFE
FFFDFE
FFFDFE
FFFFFF
D5C3C5
9D8B8D
C7B4B2
C5B2B0
C5B4B1
B2A19E
D4C6C5
B7A9A8
C6B5B2
C4B3B0
C4B3B0
C4B3B0
C4B3B0
C5B4B1
C2ABA8
B69F9C
C4B1AD
C5B2AE
C4B3B0
C4B3B0
C5B2B0
C5B2B0
C6B3B1
BBA8A6
C7B4B2
C7B4B2
C5B2AE
C3B0AC
A68582
B49390
B38C8B
C7A09F
FFF5F1
FFF5F1
FFF6F6
F3E8E8
614247
4B2C31
392329
887278
DADEE3
D0D4D9
E9D6DC
AE9BA1
58121F
5E1825
5B1A24
5B1A24
5B1925
5A1824
591721
5D1B25
897674
FFFFFF
FCC1C7
B87D83
DB828D
BE6570
C8B0B2
FFF6F8
FDF5F4
FDF5F4
FEF5F4
FEF5F4
FEF5F4
FEF5F4
FEF5F4
FEF5F4
FEF5F4
FEF5F4
FEF5F4
FEF5F4
FEF5F4
FEF5F4
FEF5F4
FEF5F4
FEF5F4
FEF5F4
FEF5F4
FEF5F4
FEF5F4
FEF5F4
FEF5F4
FEF5F4
FEF5F4
FEF5F4
FEF5F4
FEF5F4
FEF5F4
FEF5F4
FEF5F4
FEF5F4
FEF5F4
FEF5F4
FEF5F4
FEF5F4
FEF5F4
FEF5F4
FEF5F4
FEF5F4
FEF5F4
FEF5F4
FEF5F4
FEF5F4
FEF5F4
FFFAF9
EDD4D2
BCA3A1
CAB1AF
FCE3E1
FFF5F4
FFF1F0
C4ABA9
C4ABA9
B8A5A1
C6B3AF
C2B3B0
C2B3B0
C4B3B0
C4B3B0
C4B3B0
C4B3B0
C8B5B3
B19E9C
7E7574
99908F
938E8E
948F8F
877777
B6A6A6
C6B5B2
C4B3B0
C4B3B0
C4B3B0
C7B6B3
A99895
A99895
A2918E
7F6E6B
7B6A67
A3928F
C1B0AD
C6B5B2
C4B3B0
C4B3B0
C7B6B3
A2918E
AE9D9A
C8B7B4
C5B4B1
B4A3A0
C2B1AE
C4B3B0
C5B4B1
BBAAA7
AE9D9A
C8B5B3
C0ADAB
B49D9C
B69F9E
B6A1A0
C7B2B1
C5B4B1
C4B3B0
C5B2B0
C7B4B2
AE9293
BA9E9F
C6B5B2
C3B2AF
C4B3B0
C4B3B0
C4B3B0
C4B3B0
C4B3B0
C3B2AF
CAB7B5
9E8B89
73605E
8D7A78
766361
94817F
C0ADAB
CAB7B5
C6B5B2
C4B3B0
C4B3B0
C4B3B0
C4B3B0
C4B3B0
C4B3B0
C4B3B0
C4B3B0
C4B3B0
C4B3B0
C4B3B0
C4B3B0
C4B3B0
C4B3B0
C4B3B0
C4B3B0
C4B3B0
C4B3B0
C4B3B0
C4B3B0
C4B3B0
C4B3B0
C4B3B0
C4B3B0
C3B2AF
C3B2AF
C4B3B0
C7B4B2
C8B5B3
C0AFAC
AD9C99
958481
8B7A77
968582
A08F8C
B5A4A1
BFAEAB
ECE9E8
E7E4E3
E9E6E5
F1EEED
F4EFEF
F4EFEF
F3EEEE
EBE6E6
F7F4F3
FFFFFE
FFFDFE
FFFDFE
FFFDFE
FFFDFE
FEFCFD
FEFCFD
FFFDFE
FFFDFE
FFFDFE
FFFDFE
FFFDFE
FFFDFE
FFFDFE
FFFDFE
FFFDFE
FFFDFE
FFFDFE
FFFDFE
FFFDFE
FFFDFE
FFFDFE
FFFDFE
FFFDFE
FFFFFF
E9D7D9
988688
C6B1B0
C6B1B0
C6B5B2
B3A29F
E3D5D4
B9ABAA
C5B2B0
C5B2B0
C4B3B0
C4B3B0
C4B3B0
C4B3B0
C8B1AE
B7A09D
BDA8A5
C7B2AF
C4B3B0
C4B3B0
C5B2B0
C5B2B0
C5B2B0
C5B2B0
BBA6A5
CAB5B4
C5B4AF
C6B5B0
B89D98
A28782
BB8F90
BA8E8F
FAEDE9
FFF5F1
FFFAFD
B5A1A4
4A232A
4E272E
4B3A40
D5C4CA
D4D9DF
CFD4DA
F0E4E8
E7DBDF
642530
561722
5B1925
5B1925
5A1723
5E1B27
81303B
9A4954
AC9091
FFF6F7
FFEEF0
CEA5A7
F7979D
EB8B91
B09193
FFF2F4
FDF5F4
FDF5F4
FEF5F4
FEF5F4
FEF5F4
FEF5F4
FEF5F4
FEF5F4
FEF5F4
FEF5F4
FEF5F4
FEF5F4
FEF5F4
FEF5F4
FEF5F4
FEF5F4
FEF5F4
FEF5F4
FEF5F4
FEF5F4
FEF5F4
FEF5F4
FEF5F4
FEF5F4
FEF5F4
FEF5F4
FEF5F4
FEF5F4
FEF5F4
FEF5F4
FEF5F4
FEF5F4
FEF5F4
FEF5F4
FEF5F4
FEF5F4
FEF5F4
FEF5F4
FEF5F4
FEF5F4
FEF5F4
FEF5F4
FEF5F4
FEF5F4
FFF4F2
FFF4F2
CDB2AF
BFA4A1
E0CFCC
FFF5F2
FFF3F3
FFEFEF
C3A7A6
C6AAA9
B8A5A1
C6B3AF
C2B3B0
C2B3B0
C4B3B0
C4B3B0
C4B3B0
C4B3B0
C9B6B4
A89593
898180
968E8D
938E8E
959090
8B7B7B
B3A3A3
C6B5B2
C4B3B0
C4B3B0
C4B3B0
C5B4B1
AA9996
C2B1AE
C7B6B3
C6B5B2
A89794
7F6E6B
7E6D6A
A49390
BEADAA
C7B6B3
C6B5B2
C2B1AE
9B8A87
B9A8A5
C8B7B4
B7A6A3
BBAAA7
C5B4B1
C6B5B2
B6A5A2
B09F9C
C7B4B2
C6B3B1
B39E9D
B7A2A1
B39A9A
B9A0A0
C5B4B1
C5B4B1
C4B3B0
C5B4B1
C1A8A8
A68D8D
C3B0AE
C5B2B0
C4B3B0
C4B3B0
C4B3B0
C4B3B0
C4B3B0
C4B3B0
C5B4B1
C7B6B3
796664
8B7876
B7A4A2
917E7C
826F6D
9E8B89
BBA8A6
C8B5B3
C6B5B2
C4B3B0
C4B3B0
C4B3B0
C4B3B0
C4B3B0
C4B3B0
C4B3B0
C4B3B0
C4B3B0
C4B3B0
C4B3B0
C4B3B0
C4B3B0
C4B3B0
C4B3B0
C4B3B0
C4B3B0
C4B3B0
C4B3B0
C4B3B0
C4B3B0
C4B3B0
C4B3B0
C4B3B0
C4B3B0
C4B3B0
C4B3B0
C5B4AF
C7B6B1
C6B5B2
BBAAA7
A79693
91807D
857471
867572
F2EFEE
EAE7E6
E6E3E2
E9E6E5
F0EDEC
F3F0EF
F5F0F0
F3EEEE
E9E4E4
F7F2F2
FFFEFF
FFFDFE
FEFCFD
FFFDFE
FFFDFE
FFFDFE
FFFDFE
FFFDFE
FFFDFE
FFFDFE
FFFDFE
FFFDFE
FFFDFE
FFFDFE
FFFDFE
FFFDFE
FFFDFE
FFFDFE
FFFDFE
FFFDFE
FFFDFE
FFFDFE
FEFEFE
FFFFFF
FAEAEC
98888A
BFAAA9
C6B1B0
C5B6B3
B2A3A0
E1D6D4
C4B9B7
BEABA9
C6B3B1
C4B3B0
C4B3B0
C2B3B0
C2B3B0
C6B1AE
BFAAA7
B69F9C
C8B1AE
C4B3B0
C4B3B0
C5B2B0
C5B2B0
C4B3B0
C4B3B0
C4AFAE
BCA7A6
CAB9B6
C4B3B0
CAB4AF
A6908B
B18485
B28586
E8DBD7
FFFDF9
FFF3FA
86666D
66323B
632F38
988C90
E3D7DB
D0D4DA
D7DBE1
FCF8F9
FFFFFF
975E69
4D141F
5B1925
581622
621926
843B48
B75A64
E68993
D29FA4
FCC9CE
FFF7F7
D4B1B1
F39192
F59394
B79292
FFE8E8
FCF7F5
FBF6F4
FEF5F4
FEF5F4
FEF5F4
FEF5F4
FEF5F4
FEF5F4
FEF5F4
FEF5F4
FEF5F4
FEF5F4
FEF5F4
FEF5F4
FEF5F4
FEF5F4
FEF5F4
FEF5F4
FEF5F4
FEF5F4
FEF5F4
FEF5F4
FEF5F4
FEF5F4
FEF5F4
FEF5F4
FEF5F4
FEF5F4
FEF5F4
FEF5F4
FEF5F4
FEF5F4
FEF5F4
FEF5F4
FEF5F4
FEF5F4
FEF5F4
FEF5F4
FEF5F4
FEF5F4
FEF5F4
FEF5F4
FEF5F4
FEF5F4
FFF4F4
E8D8D8
BCA09F
D1B5B4
FBF0EE
FFF5F3
FFF2F3
FBE7E8
C0A2A2
C8AAAA
B9A8A5
C5B4B1
C4B3B0
C4B3B0
C4B3B0
C4B3B0
C4B3B0
C4B3B0
C8B5B3
A69391
8D8886
948F8D
928D8D
959090
8E7E7E
B5A5A5
C5B4B1
C4B3B0
C4B3B0
C4B3B0
C3B2AF
A99895
C5B4B1
C5B4B1
C5B4B1
C9B8B5
C5B4B1
A79693
82716E
82716E
A59491
C2B1AE
C9B8B5
BEADAA
9B8A87
BFAEAB
C1B0AD
B4A3A0
C6B5B2
C6B5B2
B3A29F
B5A4A1
C6B3B1
C6B3B1
C0ADAB
AD9A98
C2A6A5
A98D8C
B6A19E
C6B1AE
C2B5B1
C1B4B0
CAB3B2
AD9695
B29D9C
C8B3B2
C4B3B0
C4B3B0
C4B3B0
C4B3B0
C4B3B0
C4B3B0
C5B4B1
C8B7B4
B09D9B
6E5B59
AE9B99
CAB7B5
B8A5A3
9C8987
8A7775
9A8785
B5A4A1
C3B2AF
C6B5B2
C5B4B1
C4B3B0
C4B3B0
C4B3B0
C4B3B0
C4B3B0
C4B3B0
C4B3B0
C4B3B0
C4B3B0
C4B3B0
C4B3B0
C4B3B0
C4B3B0
C4B3B0
C4B3B0
C4B3B0
C4B3B0
C4B3B0
C4B3B0
C4B3B0
C4B3B0
C4B3B0
C4B3B0
C4B3B0
C4B3B0
C4B3B0
C3B2AF
C5B4B1
C6B5B2
C3B2AF
B6A5A2
A1908D
F4F1F0
EFECEB
E7E4E3
E7E4E3
EBE8E7
F2EFEE
F5F0F0
F5F0F0
F4EFEF
EAE5E5
F7F2F2
FFFEFE
FFFCFD
FFFCFD
FFFDFE
FFFDFE
FFFCFD
FFFDFE
FFFDFE
FFFDFE
FFFDFE
FFFDFE
FFFDFE
FFFDFE
FFFDFE
FFFDFE
FFFDFE
FFFDFE
FFFDFE
FFFDFE
FFFDFE
FFFDFE
FEFEFE
FFFFFF
FFF7FB
A59599
B79E9E
CAB1B1
C5B6B3
B2A3A0
D6CDCC
E0D7D6
B09F9C
C6B5B2
C4B3B0
C4B3B0
C4B3B0
C4B3B0
C4B1AD
C4B1AD
B79F9B
C0A8A4
C5B4B1
C4B3B0
C4B3B0
C4B3B0
C2B3B0
C2B3B0
C6B3B1
C2AFAD
BCA9A7
CBB8B6
C6B3AF
C5B2AE
AC8586
AD8687
CDAEAE
E5C6C6
B0737F
7B3E4A
883D48
893E49
AC989D
E6D2D7
CCD4D9
EAF2F7
FEFFFF
FFFFFF
E7BCC5
4B2029
571521
571521
8F3F4C
C37380
F29498
F6989C
E99A9C
E39496
EDA9AA
DE9A9B
F69497
F79598
B48B8D
FFDEE0
FDF8F6
FBF6F4
FEF5F4
FEF5F4
FEF5F4
FEF5F4
FEF5F4
FEF5F4
FEF5F4
FEF5F4
FEF5F4
FEF5F4
FEF5F4
FEF5F4
FEF5F4
FEF5F4
FEF5F4
FEF5F4
FEF5F4
FEF5F4
FEF5F4
FEF5F4
FEF5F4
FEF5F4
FEF5F4
FEF5F4
FEF5F4
FEF5F4
FEF5F4
FEF5F4
FEF5F4
FEF5F4
FEF5F4
FEF5F4
FEF5F4
FEF5F4
FEF5F4
FEF5F4
FEF5F4
FEF5F4
FFF4F4
FFF4F4
FEF5F4
FEF5F4
FFF2F0
CBB8B6
BCA3A1
F8DFDD
FFF8F7
FCF4F3
FFF2F1
F5E0DF
C2A4A2
CAACAA
BDACA9
C4B3B0
C4B3B0
C4B3B0
C2B3B0
C2B3B0
C4B3B0
C4B3B0
C7B6B3
A69592
8E8685
978F8E
938E8E
948F8F
8E7E7E
B3A3A3
C6B5B2
C4B3B0
C4B3B0
C4B3B0
BFAEAB
AC9B98
C6B5B2
C4B3B0
C4B3B0
C4B3B0
C4B3B0
C8B7B4
C5B4B1
A99895
847370
857471
A89794
C5B4B1
BCABA8
9F8E8B
BFAEAB
B1A09D
C4B3B0
C6B5B2
AF9E9B
BDACA9
C5B2B0
C5B2B0
C7B4B2
AC9997
C0A9A6
B7A09D
AD908E
BC9F9D
C3B2AF
C6B5B2
C6B1B0
C1ACAB
A48D8C
C5AEAD
C4B3B0
C4B3B0
C4B3B0
C4B3B0
C4B3B0
C4B3B0
C4B3B0
C4B3B0
CAB7B5
8A7775
897674
C5B2B0
C7B4B2
C6B3B1
C0ADAB
AC9997
9F8E8B
9F8E8B
AA9996
B8A7A4
C2B1AE
C6B5B2
C6B5B2
C4B3B0
C4B3B0
C4B3B0
C4B3B0
C4B3B0
C4B3B0
C4B3B0
C4B3B0
C4B3B0
C4B3B0
C4B3B0
C4B3B0
C4B3B0
C4B3B0
C4B3B0
C4B3B0
C4B3B0
C4B3B0
C4B3B0
C4B3B0
C4B3B0
C4B3B0
C4B3B0
C4B3B0
C4B3B0
C4B3B0
C5B4B1
C6B5B2
C5B4B1
F4F1F0
F3F0EF
ECE9E8
E7E4E3
E8E5E4
EBE8E7
F3F0EF
F4F1F0
F5F0F0
F4EFEF
E9E1E2
F8F0F1
FFFFFF
FFFCFF
FEFCFD
FFFDFE
FEFCFD
FFFDFE
FFFDFE
FFFDFE
FFFDFE
FFFDFE
FFFDFE
FFFDFE
FFFDFE
FFFDFE
FFFDFE
FFFDFE
FFFDFE
FFFDFE
FFFDFE
FFFDFE
FEFEFE
FEFEFE
FFFCFF
B4A6A9
AC9393
C9B0B0
C5B3B3
B6A4A4
CAC2C1
FFF8F7
AD9D9D
C2B2B2
C4B3B0
C4B3B0
C4B3B0
C4B3B0
C4B3B0
C4B3B0
C1A9A5
B69E9A
C5B2AE
C5B2AE
C4B3B0
C4B3B0
C4B3B0
C4B3B0
C2B3B0
C3B4B1
C0ABAA
BFAAA9
C6B3B1
BAA7A5
BB8E8D
805352
90434D
91444E
8F4755
AA6270
9B4B58
893946
85656C
ECCCD3
DDE2E4
FCFFFF
FBFFFE
FBFFFE
FFF8FD
8D7378
44171E
D2A5AC
E09A9F
E59FA4
F39697
F29596
EF9495
F19697
EE9394
F09596
F29596
F49798
B4888B
FFDEE1
FDF8F6
FBF6F4
FEF5F4
FEF5F4
FEF5F4
FEF5F4
FFF4F4
FAEFEF
FEF5F4
FEF5F4
FEF5F4
FEF5F4
FEF5F4
FEF5F4
FEF5F4
FEF5F4
FEF5F4
FEF5F4
FEF5F4
FEF5F4
FEF5F4
FEF5F4
FEF5F4
FEF5F4
FEF5F4
FEF5F4
FEF5F4
FEF5F4
FEF5F4
FEF5F4
FEF5F4
FEF5F4
FEF5F4
FEF5F4
FEF5F4
FEF5F4
FEF5F4
FEF5F4
FEF5F4
FEF5F4
FEF5F4
FEF5F4
FDF4F3
FFF8F7
F0D7D7
BAA1A1
D7C6C3
FFF5F2
FDF4F3
FDF4F3
FFEFED
F0D7D5
CBAAA7
C8A7A4
BCABA8
C4B3B0
C4B3B0
C4B3B0
C4B3B0
C4B3B0
C4B3B0
C4B3B0
C7B6B3
988784
766E6D
928A89
968E8F
968E8F
908080
B3A3A3
C6B5B2
C4B3B0
C4B3B0
C5B4B1
B8A7A4
B09F9C
C7B6B3
C4B3B0
C4B3B0
C4B3B0
C4B3B0
C4B3B0
C5B4B1
CAB9B6
C5B4B1
A89794
82716E
877673
AF9E9B
B8A7A4
A79693
AC9B98
C2B1AE
C6B5B2
AD9C99
C0AFAC
C5B2B0
C5B2B0
C7B4B2
BAA7A5
B29F9D
C8B5B3
B49390
B1908D
B79B9A
C8ACAB
C5B3B3
C6B4B4
B5989C
B19498
C7B6B3
C4B3B0
C4B3B0
C4B3B0
C4B3B0
C4B3B0
C4B3B0
C4B3B0
C6B3B1
B9A6A4
786563
B4A19F
C7B4B2
C4B1AF
C4B3B0
C5B4B1
C7B6B3
C3B2AF
B9A8A5
AD9C99
A79693
AA9996
B3A29F
BEADAA
C4B3B0
C6B5B2
C6B5B2
C5B4B1
C5B4B1
C4B3B0
C4B3B0
C4B3B0
C3B2AF
C3B2AF
C4B3B0
C3B2AF
C3B2AF
C4B3B0
C4B3B0
C4B3B0
C4B3B0
C4B3B0
C4B3B0
C4B3B0
C4B3B0
C4B3B0
C4B3B0
C4B3B0
C4B3B0
C4B3B0
C4B3B0
C5B4B1
F4F1F0
F4F1F0
F2EFEE
E8E5E4
E7E4E3
E8E5E4
EEEBEA
F4F1F0
F5F0F0
F5F0F0
F4ECEB
E7DFDE
F7F3F4
FFFDFE
FDFBFC
FFFDFE
FFFDFE
FFFDFE
FFFDFE
FFFDFE
FFFDFE
FFFDFE
FFFDFE
FFFDFE
FFFDFE
FFFDFE
FFFDFE
FFFDFE
FFFDFE
FFFDFE
FFFDFE
FFFDFE
FEFEFE
FEFEFE
FFFDFF
C7BDC0
A48889
C9ADAE
C5B2B0
BAA7A5
C1BCBC
FFFFFF
C6BBBD
B1A6A8
C6B5B2
C4B3B0
C4B3B0
C4B3B0
C4B3B0
C4B3B0
C7B0AD
B7A09D
B8A3A0
C7B2AF
C4B3B0
C4B3B0
C4B3B0
C4B3B0
C2B3B0
C2B3B0
C6B3B1
BFACAA
B79E9E
B59C9C
BD9494
B48B8B
976B6C
D0A4A5
FFF1F1
FDEDED
DC93A0
8E4552
7D4A51
D6A3AA
F9FBFA
FEFFFF
FDFFFF
FEFFFF
FFFDFE
F0E7E8
A09593
FFFFFF
F4AEB0
DF999B
F49597
F49597
F09797
F09797
F19697
F19697
F29596
F39697
B48B8B
FFE3E3
FCF7F5
FBF6F4
FEF5F4
FEF5F4
FEF5F4
FEF5F4
FFF1F3
F2E2E4
FFF5F5
FFF4F4
FEF5F4
FEF5F4
FEF5F4
FEF5F4
FEF5F4
FEF5F4
FEF5F4
FEF5F4
FEF5F4
FEF5F4
FEF5F4
FEF5F4
FEF5F4
FEF5F4
FEF5F4
FEF5F4
FEF5F4
FEF5F4
FEF5F4
FEF5F4
FEF5F4
FEF5F4
FEF5F4
FEF5F4
FEF5F4
FEF5F4
FEF5F4
FEF5F4
FEF5F4
FEF5F4
FDF5F4
FCF4F3
FFF4F4
FFF4F4
C8AFAF
C9B0B0
FBF1EC
FFF6F1
FDF4F3
FEF5F4
FFE5E3
EDCFCD
D3B0AE
C09D9B
C2AFAB
C2AFAB
C4B3B0
C4B3B0
C5B2B0
C5B2B0
C4B3B0
C4B3B0
C3B1B1
9E8C8C
7B7372
6E6665
8D8584
98908F
918181
BBABAB
C5B4B1
C4B3B0
C4B3B0
C5B4B1
B2A19E
B7A6A3
C6B5B2
C4B3B0
C4B3B0
C4B3B0
C4B3B0
C4B3B0
C4B3B0
C4B3B0
C5B4B1
C8B7B4
C2B1AE
A59491
82716E
897875
A89794
A08F8C
BEADAA
C6B5B2
AB9A97
C4B3B0
C4B1AF
C5B2B0
C5B2B0
C6B3B1
B1A09D
C5B4B1
C9ACAA
AD908E
B28F8D
B99694
C0ABAA
C7B2B1
CBAFB0
A68A8B
BBA8A6
C6B3B1
C4B3B0
C4B3B0
C4B3B0
C4B3B0
C4B3B0
C4B3B0
C4B1AF
C9B6B4
94817F
968381
C8B7B4
C4B3B0
C4B3B0
C3B2AF
C4B3B0
C4B3B0
C4B3B0
C6B5B2
C4B3B0
BDACA9
B2A19E
A99895
A69592
A99895
B1A09D
B9A8A5
BEADAA
C4B3B0
C7B6B3
C8B7B4
C7B6B3
C5B4B1
C4B3B0
C5B4B1
C3B2AF
C4B3B0
C4B3B0
C4B3B0
C4B3B0
C4B3B0
C4B3B0
C4B3B0
C4B3B0
C4B3B0
C4B3B0
C4B3B0
C4B3B0
C5B4B1
C5B4B1
C5B4B1
F4F1F0
F4F1F0
F3F0EF
EDEAE9
E7E4E3
E7E4E3
E8E5E4
F0EDEC
F5F2F1
F4F1F0
F8F0F1
F4ECED
E5DFE1
FDF7F9
FFFEFF
FEFCFD
FFFDFE
FFFDFE
FFFDFE
FFFDFE
FFFDFE
FFFDFE
FFFDFE
FFFDFE
FFFDFE
FFFDFE
FFFDFE
FFFDFE
FFFDFE
FFFDFE
FFFDFE
FFFDFE
FFFDFE
FFFDFE
FFFDFF
DCD3D6
9F8183
C6A8AA
C7B4B2
BEABA9
BCB7B5
FFFFFD
F3E8EA
A79C9E
C7B6B3
C4B3B0
C4B3B0
C4B3B0
C4B3B0
C4B3B0
C7B2AF
C0ABA8
B19594
C4A8A7
C6B5B2
C4B3B0
C4B3B0
C4B3B0
C4B3B0
C4B3B0
C3B2AF
C4B3B0
C3ABAD
BBA3A5
C9B4B3
CBB6B5
CDAFAB
AE908C
DCCACA
FFF9F9
FFE1E6
C89BA0
984D58
A25762
E9E4E4
FFFFFF
FDFFFF
FDFFFF
FDFFFE
FEFFFF
FFFFFF
EADFDD
DD8588
F29A9D
F49798
F39697
F39697
F39697
F19697
F19697
F59698
EC8D8F
A88381
FFEFED
FBF6F4
FBF6F4
FEF5F4
FEF5F4
FEF5F4
FFF6F5
FFECEE
DEC8CA
FBF0EE
FFF5F3
FEF5F4
FEF5F4
FEF5F4
FEF5F4
FEF5F4
FEF5F4
FEF5F4
FEF5F4
FEF5F4
FEF5F4
FEF5F4
FEF5F4
FEF5F4
FEF5F4
FEF5F4
FEF5F4
FEF5F4
FEF5F4
FEF5F4
FEF5F4
FEF5F4
FEF5F4
FEF5F4
FEF5F4
FEF5F4
FEF5F4
FEF5F4
FEF5F4
FEF5F4
FEF5F4
FEF5F4
FDF4F3
FFF7F9
E4D4D6
B9A3A5
F2DCDE
FFF8F5
FEF5F2
FFF4F2
FEF3F1
F5D2D0
F0CDCB
C09B99
AA8583
C4B1AD
BCA9A5
C5B4B1
C4B3B0
C4B3B0
C4B3B0
C4B1AF
C6B3B1
BDABAB
998787
95908E
7E7977
68605F
847C7B
8E7E7E
BCACAC
C5B4B1
C4B3B0
C4B3B0
C6B5B2
B1A09D
BEADAA
C5B4B1
C4B3B0
C4B3B0
C4B3B0
C4B3B0
C4B3B0
C4B3B0
C4B3B0
C4B3B0
C4B3B0
C5B4B1
C7B6B3
C0AFAC
A2918E
806F6C
806F6C
BBAAA7
C3B2AF
B3A29F
C6B5B2
C5B2B0
C5B2B0
C5B2B0
C6B3B1
B9A6A4
C1AEAC
C9B7B1
BFADA7
B18C88
B5908C
B39694
C0A3A1
CAB3B2
BCA5A4
A28D8C
C7B2B1
C4B3B0
C4B3B0
C4B3B0
C4B3B0
C4B3B0
C4B3B0
C5B2B0
C6B3B1
BFACAA
84716F
BEADAA
C6B5B2
C4B3B0
C4B3B0
C3B2AF
C4B3B0
C4B3B0
C4B3B0
C3B2AF
C5B4B1
C7B6B3
C6B5B2
C2B1AE
BAA9A6
B2A19E
A99895
9E8D8A
9B8A87
998885
A08F8C
A99895
B7A6A3
BBAAA7
C0AFAC
C2B1AE
C2B1AE
C1B0AD
C2B1AE
C2B1AE
C3B2AF
C3B2AF
C3B2AF
C2B1AE
C1B0AD
C0AFAC
C0AFAC
C0AEAE
BDABAB
BAA8A8
B9A7A7
F3F0EF
F4F1F0
F3F0EF
F2EFEE
EAE7E6
E7E4E3
E8E5E4
EAE7E6
F3F0EF
F4F1F0
F5F0F0
F5F0F0
F1E9EA
EFE7E8
FFFDFE
FFFDFE
FEFCFD
FEFCFD
FFFDFE
FFFDFE
FFFDFE
FFFDFE
FFFDFE
FFFDFE
FFFDFE
FFFDFE
FFFDFE
FFFDFE
FFFDFE
FFFDFE
FFFDFE
FFFDFE
FEFEFE
FEFEFE
FFFEFF
EDE7E9
A28486
BFA1A3
C7B6B1
BEADA8
B3AEAA
FFFEFA
FFFDFF
BBB2B5
BAA9A6
C5B4B1
C4B3B0
C4B3B0
C4B3B0
C4B3B0
C4B3B0
C4B3B0
BBA09D
B19693
C6B3AF
C5B2AE
C4B3B0
C4B3B0
C4B3B0
C4B3B0
C4B3B0
C3B2AF
C5B4B1
BEADAA
B39B9D
C3ABAD
C8B4AF
C5B1AC
BDA1A0
CFB3B2
FFEDEA
FEE9E6
E3A1A9
99575F
886466
FFE0E2
FFFFFF
FCFEFF
FDFFFE
FDFFFE
FFFFFD
F2EDEB
CB7F86
B4686F
EC8D8D
F89999
F29796
F19695
F09797
F09797
F99C9D
CF7273
AF9290
FFF7F5
FDF5F4
FDF5F4
FEF5F4
FEF5F4
FEF5F4
FFF6F5
FFE9EB
C8B2B4
F9EBEC
FFF4F5
FEF5F4
FEF5F4
FEF5F4
FEF5F4
FEF5F4
FEF5F4
FEF5F4
FEF5F4
FEF5F4
FEF5F4
FEF5F4
FEF5F4
FEF5F4
FEF5F4
FEF5F4
FEF5F4
FEF5F4
FEF5F4
FEF5F4
FEF5F4
FEF5F4
FEF5F4
FEF5F4
FEF5F4
FEF5F4
FEF5F4
FEF5F4
FEF5F4
FEF5F4
FEF5F4
FEF5F4
FFF6F5
FFEFEF
C1AFAF
D6C7C4
FFF6F3
FCF4F3
FCF4F3
FFF2F2
F9E9E9
EEC9C7
F1CCCA
826462
8F716F
C8B3B0
B8A3A0
C5B2B0
C5B2B0
C2B3B0
C2B3B0
C5B0AF
C9B4B3
AB9B9B
968686
948F8D
96918F
8D8586
746C6D
908080
BEAEAE
C5B4B1
C4B3B0
C4B3B0
C4B3B0
AF9E9B
C3B2AF
C4B3B0
C4B3B0
C4B3B0
C4B3B0
C4B3B0
C4B3B0
C4B3B0
C4B3B0
C4B3B0
C4B3B0
C4B3B0
C4B3B0
C5B4B1
C7B6B3
BFAEAB
978683
AF9E9B
B9A8A5
A89794
C1B0AD
C7B4B2
C6B3B1
C5B2B0
C4B1AF
C1AEAC
BFACAA
C3B4AF
C5B6B1
C2A5A1
AB8E8A
B7928E
B6918D
BA9E9F
CBAFB0
AC9594
B59E9D
C6B3B1
C5B2B0
C4B3B0
C4B3B0
C4B3B0
C4B3B0
C4B3B0
C4B3B0
C9B6B4
9D8A88
A1908D
C9B8B5
C4B3B0
C5B4B1
C5B4B1
C4B3B0
C3B2AF
C3B2AF
C4B3B0
C4B3B0
C4B3B0
C3B2AF
C4B3B0
C4B3B0
C5B4B1
C6B5B2
C6B5B2
C2B1AE
B9A8A5
A99895
8B7A77
81706D
877673
8C7B78
9A8986
AB9A97
B8A7A4
BAA9A6
B7A8A5
B5A6A3
B3A5A4
B3A5A4
B2A4A3
B6A8A7
BBABAB
BEAEAE
C4B6B5
CDBFBE
D5C7C6
D8CAC9
F3F0EF
F4F1F0
F3F0EF
F4F1F0
EFECEB
E6E3E2
E8E5E4
E8E5E4
EBE8E7
F3F0EF
F5F0F0
F5F0F0
F7F2F2
EEE9E9
EFECEB
FFFFFE
FEFCFD
FEFCFD
FEFCFD
FFFDFE
FFFDFE
FFFDFE
FFFDFE
FFFDFE
FFFDFE
FFFDFE
FFFDFE
FFFDFE
FFFDFE
FFFDFE
FFFDFE
FFFDFE
FEFEFE
FEFEFE
FFFDFF
FCF6F8
A78B8C
B5999A
C7B4B0
C0ADA9
ADA8A4
FFFDF9
FFFEFF
EBE5E7
AB9999
C6B4B4
C4B3B0
C4B3B0
C4B3B0
C4B3B0
C4B3B0
C5B4B1
C6AEAA
AB938F
B39E9D
C8B3B2
C4B3B0
C4B3B0
C4B3B0
C4B3B0
C4B3B0
C3B2AF
C4B3B0
C5B4B1
C1ABAD
B09A9C
BAA3A0
C9B2AF
CCB6B1
BDA7A2
B9A4A1
ECD7D4
FFECEC
EAC5C5
B3727A
AA6971
EAE2E3
FFFFFF
FAFFFF
FBFFFF
FDFFFF
FEFFFF
FFFAFA
CDBDBD
B8686D
BE6E73
E98C8D
F79A9B
F89B9C
F89B9C
E78F94
9B4348
DFCEC9
FFF8F3
FEF5F4
FEF5F4
FEF5F4
FEF5F4
FEF5F4
FEF5F4
FFF1F1
E9D7D7
FCF1F1
FFF4F4
FEF5F4
FEF5F4
FEF5F4
FEF5F4
FEF5F4
FEF5F4
FEF5F4
FEF5F4
FEF5F4
FEF5F4
FEF5F4
FEF5F4
FEF5F4
FEF5F4
FEF5F4
FEF5F4
FEF5F4
FEF5F4
FEF5F4
FEF5F4
FEF5F4
FEF5F4
FEF5F4
FEF5F4
FEF5F4
FEF5F4
FEF5F4
FEF5F4
FEF5F4
FEF5F4
FFF4F2
FFF8F6
DCCBC8
C5B4B1
FCF1EF
FFF5F3
FCF4F5
FCF4F5
FFF1F0
EFDAD9
EFCCCC
C7A4A4
584342
796463
CBB4B1
BCA5A2
C2AFAD
C5B2B0
C4B3B0
C4B3B0
C5B0AF
C6B1B0
9D8F8E
988A89
938E8C
938E8C
968E8F
91898A
988888
B9A9A9
C5B4B1
C4B3B0
C4B3B0
C0AFAC
B2A19E
C5B4B1
C4B3B0
C4B3B0
C4B3B0
C4B3B0
C4B3B0
C4B3B0
C4B3B0
C4B3B0
C4B3B0
C4B3B0
C4B3B0
C4B3B0
C4B3B0
C4B3B0
C7B6B3
B8A7A4
AD9C99
B5A4A1
B3A29F
AC9B98
AF9C9A
BCA9A7
C5B2B0
C7B4B2
C6B3B1
C5B2B0
C4B3B0
C4B3B0
C9B5B0
B9A5A0
B08E87
B5938C
B4918F
BA9795
C0A2A4
A6888A
C1ACAB
C7B2B1
C4B3B0
C4B3B0
C4B3B0
C4B3B0
C4B3B0
C4B3B0
C5B2B0
BEABA9
8C7B78
C5B4B1
C5B4B1
C4B3B0
C4B3B0
C4B3B0
C3B2AF
C3B2AF
C4B3B0
C4B3B0
C4B3B0
C4B3B0
C4B3B0
C4B3B0
C4B3B0
C4B3B0
C4B3B0
C4B3B0
C5B4B1
C7B6B3
C6B5B2
C2B1AE
B8A7A4
AB9A97
9C8B88
8F7E7B
90817E
A39491
C2B5B1
DCCFCB
F0E5E3
FBF0EE
FCF4F1
FCF4F1
FBF2F1
FBF2F1
F8F3F1
F8F3F1
F7F4F1
F8F5F2
F3F0EF
F4F1F0
F3F0EF
F4F1F0
F2EFEE
E9E6E5
E7E4E3
E8E5E4
E8E5E4
EEEBEA
F4EFEF
F5F0F0
F4EFEF
F6F1F1
EAE5E3
F3EEEC
FFFFFF
FFFCFD
FEFCFD
FFFDFE
FFFDFE
FFFDFE
FFFDFE
FFFDFE
FFFDFE
FFFDFE
FFFDFE
FFFDFE
FFFDFE
FFFDFE
FFFDFE
FFFDFE
FFFDFE
FFFDFE
FFFDFE
FFFEFF
B49B9B
A99090
C4AFAC
C4AFAC
ACA4A1
FFFAF7
FFFDFE
FFFFFF
BFB1B2
B6A8A9
C5B4B1
C3B2AF
C4B3B0
C4B3B0
C4B3B0
C4B3B0
C9B2AF
BCA5A2
9F8A87
C3AEAB
C5B4B1
C4B3B0
C4B3B0
C4B3B0
C4B3B0
C4B3B0
C4B3B0
C3B2AF
C6B2B3
C6B2B3
BBA2A0
B59C9A
BDA7A2
CDB7B2
C6B2AD
B4A09B
CEBCB6
FDEBE5
FFDBDD
D9A9AB
B68C90
F0C6CA
FAFAFA
FFFFFF
FCFFFF
FAFFFF
F9FFFF
FFFFFF
FFF2F2
D3BABA
C87980
B2636A
C56670
C4656F
925C60
E1ABAF
FFFAF4
FDF6F0
FEF5F2
FEF5F2
FEF5F4
FEF5F4
FEF5F4
FEF5F4
FFF4F4
FFF7F7
FEF5F4
FEF5F4
FEF5F4
FEF5F4
FEF5F4
FEF5F4
FEF5F4
FEF5F4
FEF5F4
FEF5F4
FEF5F4
FEF5F4
FEF5F4
FEF5F4
FEF5F4
FEF5F4
FEF5F4
FEF5F4
FEF5F4
FEF5F4
FEF5F4
FEF5F4
FEF5F4
FEF5F4
FEF5F4
FEF5F4
FEF5F4
FEF5F4
FEF5F4
FEF5F4
FEF5F4
FEF5F4
FFF5F4
F3E5E4
C0AFAC
F6E5E2
FFF7F4
FCF4F1
FCF4F3
FEF6F5
FFE4E2
E9CCCA
E1C3C1
7A5C5A
574948
5F5150
B9A2A1
C3ACAB
BCA9A7
C6B3B1
C4B3B0
C4B3B0
C6B3B1
BCA9A7
948987
988D8B
938E8C
938E8C
958D8E
908889
9B8B8B
B3A3A3
C6B5B2
C4B3B0
C5B2B0
BEABA9
B9A8A5
C7B6B3
C4B3B0
C4B3B0
C4B3B0
C4B3B0
C4B3B0
C4B3B0
C4B3B0
C4B3B0
C4B3B0
C4B3B0
C4B3B0
C4B3B0
C4B3B0
C4B3B0
C5B4B1
B9A8A5
AF9E9B
B4A3A0
C7B6B3
C5B4B1
BDAAA8
B09D9B
AC9997
B3A09E
BFACAA
C6B3B1
C5B3B3
C4B2B2
C4B3B0
C7B6B3
BFA49D
AD928B
B9918C
B8908B
B99395
B48E90
A8918E
C9B2AF
C4B3B0
C4B3B0
C4B3B0
C4B3B0
C4B3B0
C4B3B0
C4B3B0
C7B6B3
A3928F
A49390
C0AFAC
BFAEAB
C4B3B0
C6B5B2
C5B4B1
C4B3B0
C4B3B0
C5B4B1
C4B3B0
C4B3B0
C4B3B0
C4B3B0
C4B3B0
C4B3B0
C4B3B0
C4B3B0
C4B3B0
C4B3B0
C4B3B0
C5B4B1
C6B5B2
C7B6B3
C8B7B4
C2B1AE
B2A19E
92817E
7A6B68
796A67
877978
9F9190
B8AFAC
D5CCC9
ECE3E2
FAF1F0
FBF8F5
FAF7F4
F5F4F1
F4F3F0
F3F0EF
F3F0EF
F3F0EF
F4F1F0
F4F1F0
F0EDEC
E8E5E4
E8E5E4
E8E5E4
E8E5E4
F2EDED
F5F0F0
F3F0EF
F4F1F0
F5F0EE
E8E3E1
F7F4F3
FFFFFE
FEFCFD
FFFDFE
FFFDFE
FFFDFE
FFFDFE
FFFDFE
FFFDFE
FFFDFE
FFFDFE
FFFDFE
FFFDFE
FFFDFE
FFFDFE
FFFDFE
FFFDFE
FFFDFE
FFFDFE
FFFFFF
C6AFAC
A28B88
C0A7A5
C9B0AE
AAA29F
FFF8F5
FFFDFE
FFFEFF
F2E7E7
A89D9D
C6B5B2
C4B3B0
C4B3B0
C4B3B0
C4B3B0
C4B3B0
C4B1AF
C6B3B1
AE9794
AC9592
C7B6B1
C3B2AD
C4B3B0
C4B3B0
C4B3B0
C4B3B0
C4B3B0
C4B3B0
C5B1B2
C5B1B2
C8B3B0
C6B1AE
AC8F8D
9F8280
C3ADA8
D0BAB5
C2A7A4
BCA19E
E0CCC7
FFF2ED
FDE0DE
E3C6C4
E5CBD0
F2D8DD
F5EAEC
F5EAEC
F2EDED
F9F4F4
FBFEF9
FFFFFF
FFFFF9
ECE8E1
E9CBCD
C3A5A7
E0D0D0
FFFAFA
FDF5F2
FCF4F1
FEF5F2
FEF5F2
FEF5F4
FEF5F4
FEF5F4
FEF5F4
FEF5F4
FEF5F4
FEF5F4
FEF5F4
FEF5F4
FEF5F4
FEF5F4
FEF5F4
FEF5F4
FEF5F4
FEF5F4
FEF5F4
FEF5F4
FEF5F4
FEF5F4
FEF5F4
FEF5F4
FEF5F4
FEF5F4
FEF5F4
FEF5F4
FEF5F4
FEF5F4
FEF5F4
FEF5F4
FEF5F4
FEF5F4
FEF5F4
FEF5F4
FEF5F4
FEF5F4
FEF5F4
FEF5F4
FFF6F5
FFF1F1
CBBBBB
E6D9D5
FFF9F5
FDF5F4
FDF5F4
FFF4F3
FFF2F1
F5CECD
F0C9C8
B49897
634746
58504D
524A47
988180
CAB3B2
B6A3A1
C4B1AF
C4B3B0
C4B3B0
C7B4B2
A59290
948C89
968E8B
938E8C
938E8C
968E8F
8B8384
9E8E8E
AF9F9F
C6B5B2
C4B3B0
C7B4B2
B4A19F
A99694
BAA7A5
C4B1AF
C7B4B2
C5B4B1
C4B3B0
C4B3B0
C4B3B0
C4B3B0
C4B3B0
C4B3B0
C4B3B0
C4B3B0
C4B3B0
C4B3B0
C4B3B0
C5B4B1
BEADAA
AD9C99
B4A3A0
C6B5B2
C4B3B0
C6B3B1
C7B4B2
C4B1AF
B9A6A4
AE9B99
AD9A98
B5A2A0
C0ADAB
C5B4B1
C5B4B1
CAB6B1
BAA6A1
B08E87
B5938C
B89192
B99293
A68787
B89999
C7B4B0
C5B2AE
C4B3B0
C4B3B0
C4B3B0
C4B3B0
C4B3B0
C5B4B1
C0AFAC
92817E
BBAAA7
B1A09D
AA9996
AE9D9A
B9A8A5
C2B1AE
C6B5B2
C6B5B2
C6B5B2
C4B3B0
C5B4B1
C4B3B0
C4B3B0
C4B3B0
C4B3B0
C4B3B0
C4B3B0
C4B3B0
C4B3B0
C4B3B0
C4B3B0
C4B3B0
C4B3B0
C4B3B0
C6B5B2
C6B5B2
BDAAA8
A59290
8F7B7C
826E6F
7B6B6D
7A6A6C
7F6F71
8D7D7F
A59798
C7B9BA
E2D7D7
F2E7E7
F4F1F0
F3F0EF
F3F0EF
F4F1F0
F4F1F0
F4F1F0
EDEAE9
E8E5E4
E8E5E4
E7E4E3
EAE5E5
F3EEEE
F5F2F1
F3F0EF
F4F1F0
F3F0EF
E6E5E2
FAF9F6
FFFEFF
FFFDFE
FFFDFE
FFFDFE
FFFDFE
FFFDFE
FFFDFE
FFFDFE
FFFDFE
FFFDFE
FFFDFE
FFFDFE
FFFDFE
FFFDFE
FFFDFE
FFFDFE
FFFDFE
FFFFFF
DDC8C5
9A8582
B99D9C
CBAFAE
A8A09D
FDF5F2
FFFFFF
FDFDFD
FFFFFF
C5BCBD
B9A8A5
C5B4B1
C4B3B0
C4B3B0
C4B3B0
C4B3B0
C3B1B1
C5B3B3
C5ACAA
A38A88
B9A6A2
C7B4B0
C4B3B0
C4B3B0
C4B3B0
C4B3B0
C4B3B0
C4B3B0
C5B2B0
C5B2B0
C3B2AD
C5B4AF
D1B3B1
A28482
7A4A4C
B08082
CCAFAB
CFB2AE
BA9C9C
C0A2A2
E8D8D8
FFF8F8
FFF4F5
F3E5E6
F5DBDE
C3A9AC
D0B9B6
DFC8C5
E5DBD6
EAE0DB
F7F2F0
FFFBF9
FFFCFC
FFFAFA
FFFAF8
FBF6F4
FEF5F2
FDF4F1
FEF5F2
FEF5F2
FEF5F4
FEF5F4
FEF5F4
FEF5F4
FEF5F4
FEF5F4
FEF5F4
FEF5F4
FEF5F4
FEF5F4
FEF5F4
FEF5F4
FEF5F4
FEF5F4
FEF5F4
FEF5F4
FEF5F4
FEF5F4
FEF5F4
FEF5F4
FEF5F4
FEF5F4
FEF5F4
FEF5F4
FEF5F4
FEF5F4
FEF5F4
FEF5F4
FEF5F4
FEF5F4
FEF5F4
FEF5F4
FEF5F4
FEF5F4
FEF5F4
FEF5F4
FEF5F4
FFF6F5
D7C7C7
E0D0D0
FFF8F6
FFF5F3
FEF5F4
FEF5F4
FFF3F1
F4E1DF
F5C8C7
E3B6B5
9C8383
6D5454
55504C
534E4A
7C6564
C9B2B1
B6A1A0
C6B1B0
C3B2AF
C5B4B1
C1AEAC
927F7D
7C7773
918C88
948F8D
928D8B
958D8E
898182
A39393
AE9E9E
C6B5B2
C4B3B0
C6B3B1
B6A3A1
B9A4A3
AD9897
A79291
AF9A99
BFACAA
C7B4B2
C6B5B2
C5B4B1
C4B3B0
C3B2AF
C3B2AF
C4B3B0
C4B3B0
C4B3B0
C4B3B0
C4B3B0
C5B4B1
BDACA9
A2918E
BEADAA
C5B4B1
C4B3B0
C5B2B0
C5B2B0
C5B2B0
C7B4B2
C7B4B2
C0ADAB
B7A4A2
AE9B99
AE9B99
B6A3A1
BFAEAB
C7B6B3
C2A7A2
AA8F8A
B5908E
BA9593
B69092
AB8587
BCA7A4
C8B3B0
C4B3B0
C4B3B0
C4B3B0
C4B3B0
C4B3B0
C4B3B0
C8B7B4
A89794
A69592
C8B7B4
BEADAA
B09F9C
A1908D
998885
9E8D8A
AB9A97
B6A5A2
C3B2AF
C8B7B4
C8B7B4
C7B6B3
C5B4B1
C5B4B1
C4B3B0
C4B3B0
C4B3B0
C4B3B0
C4B3B0
C4B3B0
C4B3B0
C4B3B0
C4B3B0
C4B3B0
C3B2AF
C6B5B2
C7B6B3
BDABAB
A99797
958385
8D7B7D
8A787A
857375
7D696C
796568
786668
7C6A6C
F4F1F0
F4F1F0
F4F1F0
F4F1F0
F4F1F0
F5F2F1
F2EFEE
E9E6E5
E8E5E4
E8E5E4
E6E3E2
ECE9E8
F4F1F0
F4F1F0
F3F0EF
F5F2F1
EEEBEA
E9E6E5
FEFDFC
FFFEFD
FFFDFE
FFFDFE
FFFDFE
FFFDFE
FFFDFE
FFFDFE
FFFDFE
FFFDFE
FFFDFE
FFFDFE
FFFDFE
FFFDFE
FFFDFE
FFFDFE
FFFDFE
FFFFFF
F1DEDA
998682
B49694
CAACAA
A89F9C
F9F0ED
FFFFFF
FDFEFC
FFFEFF
F3EDEF
AA9A9A
C2B2B2
C4B3B0
C4B3B0
C4B3B0
C4B3B0
C4B3B0
C4B3B0
C6B1AE
B9A4A1
A08B88
C5B0AD
C5B4B1
C3B2AF
C4B3B0
C4B3B0
C4B3B0
C4B3B0
C4B3B0
C4B3B0
C4B3AE
C4B3AE
C4B3AE
C8B7B2
A5797A
825657
905F5D
BC8B89
C6A9A5
C4A7A3
B79A98
C6A9A7
E6D6D8
FFF4F6
FFFCFD
FEF5F6
FFF5F1
FFF5F1
FEF6F0
FDF5EF
FDF4F1
FDF4F1
FDF5F4
FDF5F4
FEF5F4
FEF5F4
FEF5F4
FEF5F4
FEF5F4
FEF5F4
FEF5F4
FEF5F4
FEF5F4
FEF5F4
FEF5F4
FEF5F4
FEF5F4
FEF5F4
FEF5F4
FEF5F4
FEF5F4
FEF5F4
FEF5F4
FEF5F4
FEF5F4
FEF5F4
FEF5F4
FEF5F4
FEF5F4
FEF5F4
FEF5F4
FEF5F4
FEF5F4
FEF5F4
FEF5F4
FEF5F4
FEF5F4
FEF5F4
FEF5F4
FEF5F4
FEF5F4
FEF5F4
FEF5F4
FEF5F4
FEF5F4
FEF5F4
FFF5F3
F7ECEA
E7DDD8
FFF7F2
FDF4F1
FEF5F2
FDF4F3
FEF5F4
FFE4E1
E7CCC9
F4C4C4
C39393
AF9897
6B5453
564E4D
564E4D
6D5150
BDA1A0
BBA4A1
C5AEAB
C5B2B0
C6B3B1
AA9C9D
988A8B
827D7B
6F6A68
8A8583
96918F
958C8D
8E8586
B2A19E
B6A5A2
C5B4B1
C4B3B0
C4B3B0
B2A19E
C6B3B1
C6B3B1
C3AAAA
B79E9E
AE9293
AE9293
B5A09F
C3AEAD
C5B6B3
C4B5B2
C4B3B0
C4B3B0
C4B3B0
C4B3B0
C4B3B0
C4B3B0
C5B4B1
BCABA8
A08F8C
C4B3B0
C4B3B0
C4B3B0
C4B3B0
C4B3B0
C4B3B0
C3B2AF
C3B2AF
C4B3B0
C6B5B2
C5B4B1
BFACAA
B6A3A1
AE9B99
AE9B99
BBA4A1
B9A29F
AD8C8B
B39291
BB9294
B99092
A68A89
C2A6A5
C5B4B1
C3B2AF
C4B3B0
C4B3B0
C4B3B0
C4B3B0
C4B3B0
C4B3B0
988784
BFAEAB
C5B4B1
C7B6B3
C5B4B1
BEADAA
AF9E9B
9E8D8A
91807D
8D7C79
92817E
A08F8C
AF9E9B
BCABA8
C4B3B0
C9B8B5
C9B8B5
C7B6B3
C6B5B2
C5B4B1
C4B3B0
C4B3B0
C4B3B0
C3B2AF
C4B3B0
C6B5B2
C6B5B2
C1B0AD
B8A7A4
AD9C99
998787
8B7979
8C7A7C
8B797B
887477
867275
836F72
867275
F4F1F0
F4F1F0
F4F1F0
F4F1F0
F4F1F0
F4F1F0
F4F1F0
EDEAE9
E8E5E4
E8E5E4
E8E5E4
E6E3E2
EFECEB
F5F2F1
F3F0EF
F3F0EF
F4F1F0
EBE8E7
EEEBEA
FFFFFF
FFFDFE
FFFDFE
FFFDFE
FFFDFE
FFFDFE
FFFDFE
FFFDFE
FFFDFE
FFFDFE
FFFDFE
FFFDFE
FFFDFE
FFFDFE
FFFDFE
FFFDFF
FFFEFF
FFF2EF
A08F8C
B08F8C
C2A19E
A99E9C
F6EBE9
FFFFFF
FEFEFE
FFFDFE
FFFFFF
C9BBBA
B1A3A2
C8B5B3
C5B2B0
C3B2AF
C3B2AF
C3B2AF
C4B3B0
C5B2AE
C7B4B0
B09B98
AC9794
C7B6B3
C4B3B0
C4B3B0
C4B3B0
C4B3B0
C4B3B0
C4B3B0
C4B3B0
C5B2B0
C5B2B0
C2B3B0
C3B4B1
C3B0AC
94817D
A9807E
986F6D
BD9190
D4A8A7
C5A09E
BF9A98
B79091
C59E9F
E2CECF
FFEDEE
FFFBFB
FFFAFA
FFF7F6
FFF6F5
FEF5F2
FEF5F2
FEF5F2
FEF5F2
FEF5F4
FEF5F4
FEF5F4
FEF5F4
FEF5F4
FEF5F4
FEF5F4
FEF5F4
FEF5F4
FEF5F4
FEF5F4
FEF5F4
FEF5F4
FEF5F4
FEF5F4
FEF5F4
FEF5F4
FEF5F4
FEF5F4
FEF5F4
FEF5F4
FEF5F4
FEF5F4
FEF5F4
FEF5F4
FEF5F4
FEF5F4
FEF5F4
FEF5F4
FEF5F4
FEF5F4
FEF5F4
FEF5F4
FEF5F4
FEF5F4
FEF5F4
FEF5F4
FEF5F4
FEF5F4
FEF5F4
FEF5F4
FEF5F4
FEF5F4
FDF4F3
FEF5F2
FEF5F2
FEF5F4
FDF4F3
FFF5F5
FBF0F0
F2CDC9
EDC8C4
CC9B99
C49391
B49B9B
6B5252
574F4E
574F4E
6A4C4C
B09292
C0A9A6
C0A9A6
C7B4B2
C2AFAD
998E8E
988D8D
938E8C
7A7573
65605E
787371
948B8C
8D8485
B8A7A4
B5A4A1
C5B4B1
C4B3B0
C1AEAC
B3A09E
C6B3B1
C4B1AF
C5B2B0
C7B4B2
C9B2B1
BFA8A7
B49698
AB8D8F
AA9191
B79E9E
C1B0AD
C6B5B2
C4B5B2
C3B4B1
C4B3B0
C4B3B0
C7B6B3
B4A3A0
AE9D9A
C6B5B2
C3B2AF
C4B3B0
C4B3B0
C4B3B0
C4B3B0
C4B3B0
C4B3B0
C4B3B0
C4B3B0
C4B3B0
C5B2B0
C6B3B1
C6B3B1
C1AEAC
B9A6A2
B4A19D
B39796
A28685
AB8686
B08B8B
B38E8E
B08B8B
BFACAA
C7B4B2
C5B4B1
C5B4B1
C4B3B0
C4B3B0
C3B2AF
C6B5B2
AE9D9A
A2918E
C8B7B4
C4B3B0
C3B2AF
C5B4B1
C6B5B2
C6B5B2
C3B2AF
B7A6A3
A79492
978482
897674
857270
887573
927F7D
9E8B89
AA9795
B5A2A0
BEABA9
C2B1AE
C5B4B1
C7B6B3
C5B4B1
BAA9A6
AB9A97
9F8E8B
958481
8D7C79
887774
847272
806E6E
7F6D6D
827070
8E7A7D
A18D90
B5A1A4
C2AEB1
F3F0EF
F5F2F1
F4F1F0
F4F1F0
F4F1F0
F4F1F0
F4F1F0
F1EEED
E9E6E5
E8E5E4
E7E4E3
E7E4E3
E8E5E4
F2EFEE
F5F2F1
F4F1F0
F3F0EF
F5F2F1
EAE7E6
F1EEED
FFFEFF
FFFDFE
FFFDFE
FFFDFE
FFFDFE
FFFDFE
FFFDFE
FFFDFE
FFFDFE
FFFDFE
FFFDFE
FFFDFE
FFFDFE
FEFCFD
FEFCFF
FEFCFF
FFFCFB
AD9F9E
AF8A88
BB9694
A69995
F4E7E3
FFFFFF
FEFEFE
FFFDFE
FFFEFF
F9F0EF
A79E9D
C5B2B0
C5B2B0
C5B2B0
C4B1AF
C4B3B0
C3B2AF
C4B3B0
C5B4B1
C7B2AF
AA9592
B5A2A0
C8B5B3
C2B3B0
C2B3B0
C4B3B0
C4B3B0
C4B3B0
C4B3B0
C4B2B2
C4B2B2
C4B3B0
C4B3B0
C7B6B3
AF9E9B
917B76
B7A19C
B38385
C39395
EFC8C5
E2BBB8
D3A8A4
C39894
B38786
B68A89
C5A49F
EAC9C4
F6E7E2
FEEFEA
FEF3F1
FEF3F1
FDF4F1
FDF4F1
FDF4F3
FEF5F4
FEF5F4
FEF5F4
FEF5F4
FEF5F4
FEF5F4
FEF5F4
FEF5F4
FEF5F4
FEF5F4
FEF5F4
FEF5F4
FEF5F4
FEF5F4
FEF5F4
FEF5F4
FEF5F4
FEF5F4
FEF5F4
FEF5F4
FEF5F4
FEF5F4
FEF5F4
FEF5F4
FEF5F4
FEF5F4
FEF5F4
FEF5F4
FEF5F4
FEF5F4
FEF5F4
FEF5F4
FEF5F4
FEF5F4
FEF5F4
FEF5F4
FEF5F4
FEF5F4
FEF5F4
FEF5F4
FEF5F4
FEF5F4
FEF5F4
FCF4F3
FEF6F5
FFF8F9
FEF6F7
FFF1F2
F0DCDD
F4C9C4
D2A7A2
BA8E8A
C49894
BA9E9D
765A59
564D4A
584F4C
6B4D4D
AE9090
C7B1AC
C6B0AB
C7B4B2
AF9C9A
908887
968E8D
938E8C
96918F
8C8785
736E6C
726769
897E80
BCABA8
B6A5A2
C5B4B1
C5B4B1
B9A6A4
B8A5A3
C7B4B2
C4B1AF
C1B2AF
C1B2AF
C4B2B2
C5B3B3
C8B3B2
C5B0AF
BEA5A5
AF9696
A78E8E
A99090
B39E9D
C1ACAB
C6B5B2
C6B5B2
C7B6B3
AA9996
BCA9A7
C6B3B1
C4B3B0
C4B3B0
C4B3B0
C4B3B0
C4B3B0
C4B3B0
C4B3B0
C4B3B0
C4B3B0
C4B3B0
C4B3B0
C4B3B0
C4B3B0
C4B3B0
C5B4B1
C5B4B1
C6B3B1
C2AFAD
B6A19E
AB9693
A78E8C
A08785
A08D8B
B7A4A2
BAA9A6
C0AFAC
C3B2AF
C4B3B0
C6B5B2
C6B5B2
C7B6B3
9A8986
BCABA8
C7B6B3
C5B4B1
C4B3B0
C3B2AF
C4B3B0
C5B4B1
C4B3B0
C7B4B2
C7B4B2
C4B1AF
BAA7A5
AD9A98
9F8C8A
93807E
8E7B79
8A7775
887573
8C7977
93807E
927F7D
8B7876
816E6C
786563
796664
7A6765
7E6B69
84716F
917D7E
A18D8E
B29E9F
C0ACAD
C6B4B4
C7B5B5
C6B4B4
C5B3B3
EFECEB
ECE9E8
EFECEB
F3F0EF
F4F1F0
F4F1F0
F4F1F0
F4F1F0
EDEAE9
E8E5E4
E8E5E4
E8E5E4
E7E4E3
EAE7E6
F4F1F0
F4F1F0
F4F1F0
F3F0EF
F2EFEE
EAE7E6
F1EDEE
FFFDFE
FFFDFE
FFFDFE
FFFDFE
FFFDFE
FFFDFE
FFFDFE
FFFDFE
FFFDFE
FFFDFE
FFFDFE
FFFDFE
FFFDFE
FEFCFD
FEFCFD
FFFEFF
C5BCBD
A8837F
B8938F
9D8E8B
F2E3E0
FFFEFF
FFFDFE
FEFEFE
FDFDFD
FFFFFF
CCC4C5
B1A09D
C5B4B1
C3B2AF
C3B2AF
C3B2AF
C3B2AF
C2B3B0
C2B3B0
C6B3B1
C5B2B0
A38E8D
BEA9A8
C6B5B2
C4B3B0
C4B3B0
C4B3B0
C4B3B0
C4B3B0
C4B3B0
C4B3B0
C4B3B0
C4B3B0
C5B2B0
C6B3B1
9B8A87
92817E
CBAEAC
B69997
B38E8C
FAD5D3
FDE7E0
F3DDD6
F3D0CC
E2BFBB
DAAEAA
D1A5A1
D8BAB6
E8CAC6
F0E3DF
F8EBE7
FAEFED
FEF3F1
FEF5F4
FEF5F4
FEF5F4
FEF5F4
FEF5F4
FEF5F4
FEF5F4
FEF5F4
FEF5F4
FEF5F4
FEF5F4
FEF5F4
FEF5F4
FEF5F4
FEF5F4
FEF5F4
FEF5F4
FEF5F4
FEF5F4
FEF5F4
FEF5F4
FEF5F4
FEF5F4
FEF5F4
FEF5F4
FEF5F4
FEF5F4
FEF5F4
FEF5F4
FEF5F4
FEF5F4
FEF5F4
FEF5F4
FEF5F4
FEF5F4
FEF5F4
FEF5F4
FEF5F4
FEF5F4
FEF5F4
FEF5F4
FEF5F4
FEF5F4
FEF5F4
FEF5F4
FFF6F5
FEF5F4
FFF8F7
FFE2E0
EDCFCD
D8B0AA
C09892
D1B0AD
CAA9A6
BBA09D
816663
544B48
59504D
6C4F4D
B69997
C5AFAA
C2ACA7
C3B0AE
9E8B89
928D8B
938E8C
938E8C
938E8C
95908E
96918F
8E8385
8D8284
C0AFAC
B6A5A2
C6B5B2
C6B5B2
B19E9C
C0ADAB
C4B3B0
C4B3B0
C4B3B0
C4B3B0
C4B2B2
C4B2B2
C2B2B2
C2B2B2
C5B3B3
C6B4B4
C6AEB0
BCA4A6
AF9696
A58C8C
A58E8D
AF9897
B8A3A2
AE9998
C8B5B3
C7B4B2
C5B4B1
C4B3B0
C4B3B0
C4B3B0
C4B3B0
C4B3B0
C4B3B0
C4B3B0
C4B3B0
C4B3B0
C4B3B0
C4B3B0
C4B3B0
C4B3B0
C4B3B0
C4B3B0
C4B3B0
C5B4B1
C4B5B2
C5B6B3
C4B5B2
BFB0AD
BEABA9
B6A3A1
B3A29F
AE9D9A
AF9E9B
AC9B98
AC9B98
B09F9C
B5A4A1
A89794
9D8C89
BEADAA
BFAEAB
C4B3B0
C4B3B0
C5B4B1
C6B5B2
C6B5B2
C7B4B2
C8B5B3
C9B6B4
CAB7B5
C7B4B2
C3B0AE
BFACAA
B5A2A0
A89593
978482
8A7775
7F6C6A
776462
766361
7E6B69
857270
907D7B
A4918F
B7A4A2
C3B0AE
C9B5B6
C9B5B6
C7B4B2
C6B3B1
C2B3B0
C2B3B0
C2B3B0
C2B3B0
FFFEFD
F8F7F6
EEEDEC
EBEAE9
EEEDEC
F2F1F0
F4F1F0
F5F2F1
F2EFEE
E9E6E5
E8E5E4
E9E6E5
E8E5E4
E6E3E2
EEEBEA
F4F1F0
F3F0EF
F4F1F0
F3F0EF
F5F2F1
EDE9EA
ECE8E9
FCF8F9
FFFEFF
FFFDFE
FFFDFE
FFFDFE
FFFDFE
FFFDFE
FFFDFE
FFFDFE
FFFDFE
FFFDFE
FFFDFE
FDFDFD
FDFDFD
FFFEFF
DFD7D8
A07D7B
B89593
958481
EBDAD7
FFFFFF
FEFEFE
FEFEFE
FDFDFD
FFFEFD
FAF7F6
AA9B98
BFB0AD
C3B2AF
C4B3B0
C1B2AF
C2B3B0
C1B2AF
C1B2AF
C5B2B0
C8B5B3
BFACAA
9C8987
C2AFAD
C6B3B1
C4B3B0
C4B3B0
C4B3B0
C4B3B0
C4B3B0
C4B3B0
C2B3B0
C2B3B0
C4B3B0
C5B4B1
BAA9A6
8A7976
A08F8C
C8B7B4
C6A5A4
B39291
EEE1DB
FFFBF5
FBF6F2
FBF6F2
FFF8F2
FFF8F2
FFF5F3
FDF2F0
FFF2F1
FFF2F1
FDF4F1
FDF4F1
FEF5F4
FEF5F4
FEF5F4
FEF5F4
FEF5F4
FEF5F4
FEF5F4
FEF5F4
FEF5F4
FEF5F4
FEF5F4
FEF5F4
FEF5F4
FEF5F4
FEF5F4
FEF5F4
FEF5F4
FEF5F4
FEF5F4
FEF5F4
FEF5F4
FEF5F4
FEF5F4
FEF5F4
FEF5F4
FEF5F4
FEF5F4
FEF5F4
FEF5F4
FEF5F4
FEF5F4
FEF5F4
FEF5F4
FEF5F4
FEF5F4
FEF5F4
FEF5F4
FEF5F4
FEF5F4
FEF5F4
FEF5F4
FEF5F4
FDF5F4
FCF4F3
FDF4F3
FFF6F5
FFF3F3
FEEEEE
F3CFC8
DBB7B0
BEA09A
DEC0BA
E1CBC6
DEC8C3
C6ABA8
8F7471
504744
584F4C
6F5753
B8A09C
C3ABA7
BFA7A3
B0A19E
978885
94918E
928F8C
938E8C
938E8C
938E8C
938E8C
96888B
A39598
C0AFAC
B7A6A3
C7B6B3
C2B1AE
AF9E9B
C4B3B0
C3B2AF
C4B3B0
C2B3B0
C2B3B0
C4B2B2
C4B2B2
C4B2B2
C4B2B2
C1B1B1
C2B2B2
C4B2B2
C5B3B3
C8B3B2
C6B1B0
BEA7A6
B19A99
9D8685
97807F
A59290
B09D9B
BCA9A7
C4B1AF
C6B5B2
C7B6B3
C6B5B2
C4B3B0
C3B2AF
C3B2AF
C4B3B0
C3B2AF
C3B2AF
C3B2AF
C4B3B0
C4B3B0
C5B2B0
C5B2B0
C5B2B0
C5B2B0
C4B3B0
C4B3B0
C4B3B0
C4B3B0
C3B4B1
C4B5B2
C4B5B2
C5B6B3
C4B3B0
C2B1AE
BFAEAB
BBAAA7
B7A6A3
B3A29F
A79693
A89794
A3928F
A79693
A69592
A69592
A99895
AB9A97
AA9795
A59290
A28F8D
9E8B89
998684
93807E
8D7A78
857270
7D6A68
7A6765
7F6C6A
8C7977
A69391
B9A6A4
BFACAA
C4B1AF
C8B5B3
C9B6B4
C7B4B2
C5B2B0
C3B1B1
C3B1B1
C4B3B0
C5B4B1
C1B2AF
C2B3B0
C3B4B1
C0B1AE
FFFFFF
FFFFFF
FFFFFF
FAFAFA
F3F1F2
EEECED
F1EDEE
F4F0F1
F5F1F2
EEEAEB
E8E5E4
E8E5E4
E8E5E4
E8E5E4
E7E4E3
F3F0EF
F4F1F0
F4F1F0
F3F0EF
F4F1F0
F4F0F1
EEEAEB
E9E3E5
F5EFF1
FFFDFE
FFFEFF
FFFDFE
FFFDFE
FFFDFE
FFFDFE
FFFDFE
FFFDFE
FFFDFE
FFFDFE
FFFDFE
FFFDFE
FFFEFF
F6F2F3
A78685
B59493
98817E
E2CBC8
FFFFFF
FDFDFD
FFFDFE
FFFDFE
FFFDFE
FFFFFF
D5C7C8
A89A9B
C6B5B2
C4B3B0
C4B3B0
C4B3B0
C3B2AF
C4B3B0
C4B3B0
C4B3B0
C8B5B3
B29F9D
998684
C5B2B0
C4B3B0
C4B3B0
C4B3B0
C4B3B0
C4B3B0
C4B3B0
C4B3B0
C4B3B0
C4B3B0
C3B2AF
C6B5B2
A69592
897777
AA9898
CDB6B5
C3ACAB
A9908E
ECD3D1
FFFBF8
FDF5F2
FEF5F2
FFF6F3
FEF5F4
FEF5F4
FEF5F4
FEF5F4
FEF5F4
FEF5F4
FEF5F4
FEF5F4
FEF5F4
FEF5F4
FEF5F4
FEF5F4
FEF5F4
FEF5F4
FEF5F4
FEF5F4
FEF5F4
FEF5F4
FEF5F4
FEF5F4
FEF5F4
FEF5F4
FEF5F4
FEF5F4
FEF5F4
FEF5F4
FEF5F4
FEF5F4
FEF5F4
FEF5F4
FDF5F4
FDF5F4
FEF5F4
FEF5F4
FEF5F4
FEF5F4
FEF5F4
FEF5F4
FEF5F4
FEF5F4
FEF5F4
FEF5F4
FEF5F4
FEF5F4
FEF5F4
FEF5F4
FEF5F4
FEF5F4
FEF5F4
FDF4F3
FDF5F6
FFF8F9
FFF1ED
EFD7D3
E0BBB7
CDA8A4
DCC6C1
E1CBC6
DECAC5
DECAC5
DDC4C2
A88F8D
524745
564B49
87716C
BEA8A3
C5A9A8
BCA09F
9C918F
8F8482
8B8885
94918E
938E8C
938E8C
938E8C
938E8C
8E8083
A89A9D
C0AFAC
B8A7A4
C7B6B3
B7A6A3
AA9996
C4B3B0
C7B4B2
C7B4B2
C4B3B0
C4B3B0
C4B2B2
C4B2B2
C4B2B2
C4B2B2
C4B2B2
C4B2B2
C4B2B2
C4B2B2
C4B2B2
C4B2B2
C6B2B3
C8B4B5
C4ACAE
C2AAAC
BB9FA0
AE9293
A58789
A38587
A78E8C
B09795
B6A39F
BFACA8
C3B0AC
C6B3AF
C8B5B3
C7B4B2
C5B1B2
C5B1B2
C5B2B0
C5B2B0
C5B2B0
C5B2B0
C5B2B0
C5B2B0
C4B3B0
C4B3B0
C4B3B0
C4B3B0
C4B3B0
C4B3B0
C4B3B0
C4B3B0
C5B2B0
C5B2B0
C5B4B1
C5B4B1
C6B5B2
C6B5B2
C7B6B3
C6B5B2
C5B4B1
C4B3B0
C2B1AE
C0AFAC
BDACA9
BDACA9
BCA9A7
B9A6A4
B7A4A2
B5A2A0
B09D9B
AA9795
A4918F
A4918F
AD9A98
B9A6A4
C3B0AE
C9B6B4
C8B7B4
C6B5B2
C5B4B1
C5B4B1
C4B3B0
C4B3B0
C4B3B0
C4B3B0
C4B3B0
C4B3B0
C4B3B0
C4B3B0
C2B1AE
BDACA9
BBA9A9
C3B1B1
FFFFFF
FFFFFF
FFFFFF
FFFFFF
FFFFFF
FAFAFA
F1EFF0
EEECED
F4F0F1
F3EFF0
E9E6E5
E8E5E4
E8E5E4
E9E6E5
E6E3E2
ECE9E8
F5F2F1
F4F1F0
F4F1F0
F3F0EF
F4F0F1
F4F0F1
EBE5E7
E1DBDD
EBE5E7
FDF7F9
FFFEFF
FFFEFF
FFFDFE
FFFDFE
FFFDFE
FFFDFE
FFFDFE
FFFDFE
FFFDFE
FFFDFE
FEFCFD
FFFEFF
B59698
AC8D8F
99807E
D0B7B5
FFFFFF
FDFDFD
FFFDFE
FFFDFE
FFFDFE
FFFEFF
FFF8F7
A89F9E
BFAEAB
C5B4B1
C4B3B0
C3B2AF
C4B3B0
C5B4B1
C5B4B1
C4B3B0
C4B3B0
C7B6B3
A99694
A59290
C4B3B0
C4B3B0
C4B3B0
C4B3B0
C4B3B0
C4B3B0
C4B3B0
C4B3B0
C4B3B0
C3B2AF
C5B4B1
C2B1AE
928080
8A7878
B2A2A2
C5B5B5
C6A7A9
A68789
DFD1D0
FFFAF9
FDF5F2
FDF5F2
FEF5F4
FEF5F4
FEF5F4
FEF5F4
FEF5F4
FEF5F4
FEF5F4
FEF5F4
FEF5F4
FEF5F4
FEF5F4
FEF5F4
FEF5F4
FEF5F4
FEF5F4
FEF5F4
FEF5F4
FEF5F4
FEF5F4
FEF5F4
FEF5F4
FEF5F4
FEF5F4
FEF5F4
FEF5F4
FEF5F4
FDF5F6
FEF6F7
FFF8F5
FFF8F5
FFF8F7
FDF4F3
FDF4F3
FEF5F4
FEF5F4
FEF5F4
FEF5F4
FEF5F4
FEF5F4
FEF5F4
FEF5F4
FEF5F4
FEF5F4
FEF5F4
FEF5F4
FEF5F4
FEF5F4
FEF5F4
FFF4F6
FFF4F6
FFF6F1
FEF4EF
F4D3D0
E3C2BF
D9BEBB
E2C7C4
DEC9C6
DBC6C3
DDC9C4
DDC9C4
E1CAC7
D3BCB9
665656
574747
AA928E
BFA7A3
C5A9A8
A88C8B
958A88
8E8381
757070
928D8D
95908E
938E8C
938E8C
938E8C
908285
B1A3A6
BEADAA
B9A8A5
C8B7B4
AF9E9B
B3A09E
AA9795
B09B9A
C0ABAA
C6B5B2
C6B5B2
C6B4B4
C5B3B3
C5B1B2
C5B1B2
C4B2B2
C4B2B2
C1B1B1
C2B2B2
C4B2B2
C4B2B2
C4B2B2
C4B2B2
C2B2B2
C2B2B2
C7B3B4
C7B3B4
C7AFB1
C1A9AB
BA9C9E
B09294
A88989
A38484
A48686
A88A8A
AE9593
B89F9D
BDA6A3
C0A9A6
C4AFAE
C6B1B0
C6B5B2
C6B5B2
C6B5B2
C6B5B2
C5B4B1
C5B4B1
C5B4B1
C4B3B0
C4B3B0
C4B3B0
C4B3B0
C4B3B0
C4B2B2
C4B2B2
C4B3B0
C4B3B0
C4B3B0
C3B2AF
C3B2AF
C4B3B0
C5B4B1
C6B5B2
C5B4B1
C6B5B2
C4B3B0
C1B0AD
BCA9A7
B8A5A3
B4A19F
B3A09E
B7A4A2
BEABA9
C4B1AF
C8B5B3
C8B5B3
C6B3B1
C3B2AF
C3B2AF
C4B3B0
C4B3B0
C4B3B0
C4B3B0
C4B3B0
C4B3B0
C4B3B0
C4B3B0
C5B4B1
C2B1AE
BDABAB
B9A7A7
BAAFAF
D0C5C5
E7DFE0
F6EEEF
FFFFFF
FFFFFF
FFFFFF
FFFFFF
FFFFFF
FFFFFF
FFFDFE
F6F4F5
EEECED
F0EEEF
EDEAE9
E8E5E4
E9E6E5
E9E6E5
E6E3E2
E6E3E2
F2EFEE
F4F1F0
F4F1F0
F3F0EF
F4F0F1
F4F0F1
EEEAEB
E2DEDF
E1DBDD
E2DCDE
EAE6E7
F9F5F6
FFFDFE
FFFEFF
FFFDFE
FFFDFE
FFFDFE
FFFDFE
FFFDFE
FFFDFE
FEFEFE
FFFFFF
D5B8BC
A28589
9E8283
D0B4B5
FFFFFF
FDFDFD
FFFDFE
FFFDFE
FFFDFE
FFFDFE
FFFFFF
DBD6D6
A99895
C7B6B3
C5B4B1
C3B2AF
BFAEAB
C4B3B0
C4B3B0
C4B3B0
C4B3B0
C3B2AF
C4B3B0
AA9996
AD9C99
C1B0AD
C5B4B1
C4B3B0
C4B3B0
C4B3B0
C4B3B0
C4B3B0
C4B3B0
C4B3B0
C4B3B0
C7B6B3
B09E9E
877575
917F81
BDABAD
C9B3B5
BDA7A9
9C7F83
EBCED2
FFFBF8
FEF5F2
FEF5F4
FEF5F4
FEF5F4
FEF5F4
FEF5F4
FEF5F4
FEF5F4
FEF5F4
FEF5F4
FEF5F4
FEF5F4
FEF5F4
FEF5F4
FEF5F4
FEF5F4
FEF5F4
FEF5F4
FEF5F4
FEF5F4
FEF5F4
FEF5F4
FEF5F4
FEF5F4
FEF5F4
FEF5F4
FEF5F4
FFF7F6
FAF1F0
EADADA
E6D6D6
E3D5D4
FEF0EF
FEF5F4
FEF5F4
FEF5F4
FEF5F4
FEF5F4
FEF5F4
FEF5F4
FEF5F4
FEF5F4
FEF5F4
FEF5F4
FEF5F4
FEF5F4
FEF5F4
FEF5F4
FEF5F4
FDF5F4
FDF5F4
FFF0EB
ECD8D3
E6C8C4
E7C9C5
DFCCC8
DCC9C5
DDC8C5
DCC7C4
DCC7C4
DDC8C5
DDC8C5
E4CFCC
8D7A78
5C4947
C1A8A6
BEA5A3
BAA3A0
99827F
948C89
968E8B
777272
757070
918C8C
948F8F
928D8D
938E8E
908283
B7A9AA
BEADAA
BEADAA
C1B0AD
AF9E9B
C8B5B3
C3B0AE
B09B9A
9C8786
9F8C8A
AE9B99
B7A8A5
BCADAA
BFADAD
C1AFAF
C3B1B1
C4B2B2
C5B3B3
C5B3B3
C7B3B4
C7B3B4
C6B4B4
C6B4B4
C2B5B1
C1B4B0
C1B4B0
C1B4B0
C3B3B3
C4B4B4
C7B6B1
C7B6B1
C9B0AE
C2A9A7
BE9D9C
B79695
B08D8B
AB8886
A98885
AA8986
A88B87
AE918D
AF9791
B19993
B8A29D
B9A39E
BAA5A2
BFAAA7
C2AFAB
C3B0AC
C5B4B1
C5B4B1
C3B4B1
C4B5B2
C3B5B4
C3B5B4
C7B6B3
C7B6B3
C7B2B1
C6B1B0
C3B0AE
C1AEAC
BFACAA
BBA8A6
B8A5A3
B3A09E
B09D9B
B19E9C
B6A5A2
BCABA8
C0AFAC
C3B2AF
C6B5B2
C5B4B1
C4B3B0
C5B4B1
C5B4B1
C3B2AF
C3B2AF
C3B2AF
C4B3B0
C4B3B0
C4B3B0
C3B2AF
C4B3B0
C4B3B0
C0B1AE
BDAEAB
B9ACA8
BDB0AC
CABFBF
E7DCDC
F5F2F1
FCF9F8
F6F7F5
F4F5F3
FFFFFF
FFFFFF
FFFFFF
FFFFFF
FFFFFF
FFFFFF
FFFFFF
FFFFFF
FAF8F9
EFEDEE
EFECEB
E9E6E5
E8E5E4
E8E5E4
E6E3E2
E6E3E2
EBE8E7
F5F2F1
F5F2F1
F4F1F0
F4F0F1
F4F0F1
F3F1F2
E8E6E7
DEDCDD
DDDBDC
E0DADC
E1DBDD
E9E3E5
F6F0F2
FFFBFC
FFFEFF
FFFEFF
FFFDFE
FFFDFE
FFFDFE
FEFEFE
FFFFFF
F6DEE2
9C8488
9F8384
CEB2B3
FFFFFF
FEFEFE
FFFDFE
FFFDFE
FFFDFE
FFFDFE
FEFCFD
FFFDFE
B5A5A5
B7A7A7
C6B5B2
C5B4B1
BDAAA8
BAA7A5
C3B2AF
C4B3B0
C2B3B0
C2B3B0
C5B4B1
C0AFAC
B9A8A5
B3A29F
BDACA9
C6B5B2
C4B3B0
C4B3B0
C4B3B0
C4B3B0
C4B3B0
C4B3B0
C4B3B0
C4B3B0
C5B3B3
9B8989
867474
9A8888
C0B0B0
C5B5B5
C7A8AD
9D7E83
EFDFDF
FFF7F7
FDF5F4
FDF5F4
FEF5F4
FEF5F4
FEF5F4
FEF5F4
FEF5F4
FEF5F4
FEF5F4
FEF5F4
FEF5F4
FEF5F4
FEF5F4
FEF5F4
FEF5F4
FEF5F4
FEF5F4
FEF5F4
FEF5F4
FEF5F4
FEF5F4
FEF5F4
FEF5F4
FEF5F4
FEF5F4
FFF8F7
F8DFDF
B49B9B
E8DBD7
E9DCD8
CFBFBF
FDEDED
FFF6F3
FEF5F2
FEF5F4
FEF5F4
FEF5F4
FEF5F4
FEF5F4
FEF5F4
FEF5F4
FEF5F4
FEF5F4
FEF5F4
FEF5F4
FEF5F4
FEF5F4
FEF5F4
FFF5F3
FEF3F1
F7D6D5
E0BFBE
E0C4C3
E4C8C7
DDC8C5
DCC7C4
DFC8C5
DEC7C4
DCC7C4
DDC8C5
DDC8C7
E2CDCC
AE9B99
6E5B59
CCB5B2
BDA6A3
B49F9C
988380
928D8B
948F8D
8F8A8A
716C6C
6F6A6A
8F8A8A
959090
938E8E
928485
BAACAD
C1B0AD
C3B2AF
B3A29F
B9A8A5
C5B4B1
C4B3B0
C8B3B2
C4AFAE
B49D9C
9F8887
9C8786
AD9897
B4A2A2
B6A4A4
B39FA0
AE9A9B
AC9698
AF999B
B59B9E
B79DA0
BCA3A3
BDA4A4
BFA6A4
C0A7A5
C0AAA5
C0AAA5
C0AAA5
C1ABA6
C3AAA8
C4ABA9
C4ABA9
C5ACAA
C8ACAB
C7ABAA
C6A5A4
C09F9E
BE9999
BA9595
B69391
B59290
B6918F
B6918F
B28F8D
AF8C8A
B18E8C
B28F8D
B08F8E
B39291
B79999
B49696
B49B99
B89F9D
B39A9A
B09797
B19C9B
B29D9C
BBA8A6
B6A3A1
B5A2A0
B6A3A1
B7A4A2
BBA8A6
BEABA9
C3B0AE
C4B1AF
C6B3B1
C5B4B1
C5B4B1
C4B3B0
C4B3B0
C4B3B0
C4B3B0
C5B4B1
C5B4B1
C4B3B0
C3B2AF
C5B4B1
C6B5B2
C7B6B3
C7B6B3
C8B5B3
C6B3B1
C0AFAC
BBAAA7
BDAEAB
C9BAB7
D9CBCA
E9DBDA
EDE2E2
E9DEDE
E6DDDC
E5DCDB
E5DCDD
E4DBDC
FFFFFF
FFFFFF
FFFFFF
FFFFFF
FFFFFF
FFFFFF
FFFFFF
FFFFFF
FFFFFF
FDFDFD
F2EEEF
E9E5E6
E8E5E4
E8E5E4
E7E4E3
E8E5E4
E7E4E3
F1EEED
F4F1F0
F4F1F0
F4F1F0
F4F1F0
F4F1F0
F3F0EF
E7E3E4
E0DCDD
E0DCDD
E2DEDF
E5DFE1
E4DEE0
E8E2E4
F1EBED
FAF6F7
FFFBFC
FFFEFF
FFFEFF
FDFFFE
FEFFFF
FFF7F9
A59597
9E8283
C2A6A7
FFFFFF
FEFEFE
FFFDFE
FEFCFD
FFFDFE
FFFDFE
FDFDFD
FFFFFF
EDE2E2
A19696
C5B4B1
C4B3B0
C7B2B1
B7A2A1
B79E9C
C5ACAA
C3B4B1
C2B3B0
C1B1B1
C4B4B4
B7A8A5
D0C1BE
B6A7A4
B3A4A1
C7B6B3
C4B3B0
C4B3B0
C4B3B0
C4B3B0
C4B3B0
C4B3B0
C4B3B0
C6B4B4
B9A7A7
8C7A7A
887676
A49292
C6B4B4
CAB5B4
B9A4A3
AD9494
FFEDED
FFF7F6
FCF4F3
FEF5F4
FEF5F4
FEF5F4
FEF5F4
FEF5F4
FEF5F4
FEF5F4
FEF5F4
FEF5F4
FEF5F4
FEF5F4
FEF5F4
FEF5F4
FEF5F4
FEF5F4
FEF5F4
FEF5F4
FEF5F4
FEF5F4
FEF5F4
FEF5F4
FEF5F4
FEF5F4
FFF6F5
FEEFEC
EADBD8
FAF1EE
FAF1EE
FDF2F2
FFF5F5
FEF5F4
FEF5F4
FEF5F4
FEF5F4
FEF5F4
FEF5F4
FEF5F4
FEF5F4
FEF5F4
FEF5F4
FEF5F4
FEF5F4
FEF5F4
FEF5F4
FFF4F4
FFF4F4
FFEFED
F3DAD8
DFBEBD
DBBAB9
DFC8C5
DFC8C5
DDC8C5
DCC7C4
DCC7C4
DDC8C5
DDC8C5
DDC8C5
DFC8C7
E1CAC9
C9B4B3
AC9796
CDB6B5
A68F8E
AB9C99
958683
918E89
928F8A
948F8F
928D8D
797474
6C6767
858080
938E8E
9A8C8B
BFB1B0
C1B0AD
C2B1AE
AD9C99
C4B3B0
C3B2AF
C4B3B0
C4B3B0
C5B4B1
C7B4B2
C5B2B0
BAA3A2
A7908F
A18A89
AC9594
BCA6A8
C3ADAF
BFA9AB
BBA5A7
B49F9E
B19C9B
B09795
AB9290
AD9190
A98D8C
AA8C8A
AD8F8D
AF8E8D
AC8B8A
AC8B8A
AE8D8C
AF8E8D
B08F8E
AF918F
B09290
B19391
B19391
B49191
B28F8F
B28F8F
B28F8F
B38E8E
B38E8E
B28D8D
B28D8D
B38E8E
B18C8C
AC8989
AC8989
AB8D8B
AA8C8A
AC8E8C
B19391
AE9390
B39895
B4A19D
B7A4A0
C1B0AD
C4B3B0
C4B3B0
C5B4B1
C6B5B2
C6B5B2
C5B4B1
C4B3B0
C5B2B0
C4B1AF
C4B3B0
C4B3B0
C4B3B0
C5B4B1
C5B4B1
C2B1AE
BFACAA
BEABA9
C1AAA7
C0A9A6
BDA6A3
B69F9C
AC9796
A99493
A48F8E
A48F8E
9A8986
AD9C99
C1B0AD
C5B4B1
BDACA9
B7A6A3
B2A2A2
B2A2A2
B5A3A3
B5A3A3
B5A4A1
B5A4A1
FFFFFF
FFFFFF
FFFFFF
FFFFFF
FFFFFF
FFFFFF
FFFFFF
FFFFFF
FFFFFF
FFFFFF
FFFDFE
F1EFF0
E8E5E4
E8E5E4
E8E5E4
E8E5E4
E7E4E3
ECE9E8
F4F1F0
F4F1F0
F4F1F0
F4F1F0
F4F1F0
F5F2F1
F3EFF0
E7E3E4
E0DCDD
E0DCDD
E6E2E3
E9E5E6
E7E3E4
E5E1E2
E2DEDF
E5E1E2
EDEBEC
F5F3F4
F9F9F9
FCFCFC
FFFDFE
C9BBBC
967C7F
C4AAAD
FFFFFF
FFFEFF
FFFEFF
FFFEFF
FFFEFF
FFFEFF
FFFDFE
FFFDFE
FFFFFF
C0B7B8
B1A09D
C5B4B1
C5B2B0
C5B2B0
BB9D9D
B29494
BDA1A0
C8ACAB
C5B4B1
C5B4B1
C2B3B0
B7A8A5
EFE1E0
BEB0AF
AB9A97
C5B4B1
C6B5B2
C4B3B0
C4B3B0
C4B3B0
C4B3B0
C4B3B0
C3B1B1
C6B4B4
A59393
877575
8C7A7A
AF9D9D
C7B4B2
C9B6B4
B89D9A
B99E9B
FFF7F5
FFF4F2
FEF5F4
FEF5F4
FEF5F4
FEF5F4
FEF5F4
FEF5F4
FEF5F4
FEF5F4
FEF5F4
FEF5F4
FEF5F4
FEF5F4
FEF5F4
FEF5F4
FEF5F4
FEF5F4
FEF5F4
FEF5F4
FEF5F4
FEF5F4
FEF5F4
FEF5F4
FEF5F4
FEF5F4
FFF6F5
FFF8F7
FFF6F5
FFF6F5
FFF6F5
FEF5F4
FEF5F4
FEF5F4
FEF5F4
FEF5F4
FEF5F4
FEF5F4
FEF5F4
FEF5F4
FEF5F4
FEF5F4
FEF5F4
FEF5F4
FEF5F4
FEF5F4
FFF5F3
FCF1EF
F4D5D5
DEBFBF
D7BCB9
E3C8C5
DDC8C5
DDC8C5
DDC8C5
DDC8C5
DDC8C5
DDC8C5
DDC8C5
DDC8C5
E0C7C5
E1C8C6
C5AEAD
CBB4B3
B59E9D
7E6766
A79A96
968985
928F8A
928F8A
938E8E
948F8F
969191
898484
736E6E
767171
938682
C4B7B3
C4B3B0
B7A6A3
B4A3A0
C6B5B2
C3B2AF
C4B3B0
C4B3B0
C4B3B0
C4B3B0
C4B3B0
C7B4B2
C7B4B2
C1AAA9
B09998
A48889
A48889
B29999
C2A9A9
C7B6B3
C8B7B4
C6B5B0
C6B5B0
C5B2AE
C3B0AC
C3AEAB
C0ABA8
BBA8A4
B9A6A2
B9A4A1
B5A09D
B49D9A
AF9895
B09795
B09795
B29695
B29695
B09292
AF9191
AD9190
AD9190
AD9190
AE9291
AE9291
B09493
B09795
B49B99
B9A09E
BDA4A2
BEA9A6
C3AEAB
C4AFAC
C6B1AE
C8B3B0
C8B3B0
C6B5B2
C5B4B1
C5B4B1
C4B3B0
C4B3B0
C4B3B0
C4B3B0
C4B3B0
C4B3B0
C4B3B0
C2B3B0
C2B3B0
C5B4B1
C5B4B1
C8B1B0
C2ABAA
BD9F9F
B59797
B59292
B69393
B79494
B59292
AE8F8F
A88989
A38587
A58789
A99291
BCA5A4
C4B3B0
C5B4B1
C3B2AF
C4B3B0
C5B4B1
C5B4B1
C6B5B2
C6B5B2
C6B5B2
C5B4B1
C5B4B1
C5B4B1
FFFFFF
FFFFFF
FFFFFF
FFFFFF
FFFFFF
FFFFFF
FFFFFF
FFFFFF
FFFFFF
FFFFFF
FFFFFF
FFFFFF
F6F3F2
E8E5E4
E7E4E3
E7E4E3
E7E4E3
E7E4E3
F3F0EF
F4F1F0
F4F1F0
F4F1F0
F4F1F0
F4F1F0
F4F0F1
F3EFF0
E7E3E4
DFDBDC
E2DEDF
E7E3E4
E9E5E6
E8E4E5
E2DEDF
DDD9DA
E4E0E1
E3DFE0
E2E0E1
E5E3E4
F2E7E9
DED3D5
937B7D
B59D9F
FDF7F9
FDF7F9
FCF8F9
FDF9FA
FDF9FA
FCF8F9
FFFBFC
FFFBFC
FFFBFC
F7EFF0
A39594
BEB0AF
C4B2B2
C5B3B3
C9B0AE
B9A09E
B39090
B79494
BB9F9E
C5A9A8
C4B1AF
C1AEAC
BCB1AF
FFF9F7
D6C6C6
A29292
BCA9A7
C8B5B3
C5B2B0
C5B2B0
C4B3B0
C4B3B0
C4B2B2
C4B2B2
BDABAB
917F7F
897777
907E7E
BAA9A6
C6B5B2
CBB3AB
AC948C
C5B0AF
FFF7F6
FDF4F3
FDF4F3
FEF5F4
FEF5F4
FEF5F4
FEF5F4
FEF5F4
FEF5F4
FEF5F4
FEF5F4
FEF5F4
FEF5F4
FEF5F4
FEF5F4
FEF5F4
FEF5F4
FEF5F4
FEF5F4
FEF5F4
FEF5F4
FEF5F4
FEF5F4
FEF5F4
FEF5F4
FEF5F4
FEF5F4
FEF5F4
FEF5F4
FEF5F4
FEF5F4
FEF5F4
FEF5F4
FEF5F4
FEF5F4
FEF5F4
FEF5F4
FEF5F4
FEF5F4
FEF5F4
FEF5F4
FEF5F4
FEF5F4
FEF5F4
FFF6F5
FFEFEE
EBD6D5
DFC1BF
E0C2C0
DEC7C4
DFC8C5
DDC8C5
DDC8C5
DDC8C5
DDC8C5
DDC8C5
DDC8C5
DDC8C5
DDC8C5
E1C8C6
D9C0BE
C3AAA8
C2A9A7
765F5E
826B6A
A49697
988A8B
938E8C
938E8C
938E8E
938E8E
938E8E
948F8F
968E8F
857D7E
9C8F8B
C4B7B3
C6B3B1
AD9A98
C0AFAC
C4B3B0
C3B2AF
C4B3B0
C4B3B0
C4B3B0
C4B3B0
C4B3B0
C4B3B0
C4B3B0
C5B2B0
C6B3B1
C7AEAE
BBA2A2
AE9092
A18385
A28484
B39595
BDA8A5
C7B2AF
C5B6B1
C3B4AF
C2B5AF
C1B4AE
C2B3AE
C4B5B0
C6B5B2
C7B6B3
C7B6B3
C7B6B3
C7B6B3
C6B5B2
C6B5B2
C5B4B1
C7B4B2
C7B4B2
C7B4B2
C6B3B1
C6B3B1
C7B4B2
C7B4B2
C8B5B3
C7B4B2
C6B3B1
C6B3B1
C6B3B1
C3B4B1
C2B3B0
C2B3B0
C2B3B0
C4B3B0
C4B3B0
C4B3B0
C4B3B0
C5B4B1
C4B3B0
C2B3B0
C2B3B0
C4B3B0
C4B3B0
C5B4B1
C6B5B2
C6B3B1
C4B1AF
C3AAA8
BDA4A2
BC9999
B79494
B88F8F
B99090
B68F90
B28B8C
A78989
A98B8B
AA9592
B49F9C
BDACA9
C3B2AF
C6B5B2
C5B4B1
C3B2AF
C4B3B0
C4B3B0
C3B2AF
C4B3B0
C4B3B0
C4B3B0
C4B3B0
C4B3B0
C4B3B0
C4B3B0
C4B3B0
FAFAFA
FFFFFF
FFFFFF
FFFFFF
FFFFFF
FFFFFF
FFFFFF
FFFFFF
FFFFFF
FFFFFF
FFFFFF
FFFFFF
FFFEFF
F6F4F5
E9E6E5
E8E5E4
E8E5E4
E6E3E2
ECE9E8
F5F2F1
F4F1F0
F4F1F0
F4F1F0
F4F1F0
F4F1F0
F5F2F1
F3EFF0
E7E3E4
DFDBDC
E7E3E4
E9E5E6
E7E3E4
E1DDDE
DDD9DA
E5E1E2
E7E3E4
E8E4E5
E7E3E4
EAE2E3
EAE2E3
9F898D
9A8488
E9E1E2
EBE3E4
E8E4E5
E9E5E6
E6E2E3
E0DCDD
E7E3E4
E8E4E5
EBE5E7
EBE5E7
C1B6B6
A39898
C7B5B5
C4B2B2
C5B1B2
C6B2B3
BFA19F
B09290
B68F8E
B99291
B99C9A
C1A4A2
B4A3A0
D5C4C1
FFF4F2
D4C9C7
A69696
A89898
C3AFB0
C8B4B5
C4B3B0
C4B3B0
C4B2B2
C4B2B2
C6B4B4
AA9898
8A7878
877575
968582
C3B2AF
C6B2AB
C9B5AE
A38786
E1C5C4
FFFBFA
FDF4F3
FEF5F4
FEF5F4
FEF5F4
FEF5F4
FEF5F4
FEF5F4
FEF5F4
FEF5F4
FEF5F4
FEF5F4
FEF5F4
FEF5F4
FEF5F4
FEF5F4
FEF5F4
FEF5F4
FEF5F4
FEF5F4
FEF5F4
FEF5F4
FEF5F4
FEF5F4
FEF5F4
FEF5F4
FEF5F4
FEF5F4
FEF5F4
FEF5F4
FEF5F4
FEF5F4
FEF5F4
FEF5F4
FEF5F4
FEF5F4
FEF5F4
FEF5F4
FEF5F4
FEF5F4
FEF5F4
FEF5F4
FFF5F5
FFF4F4
F1D2D4
DFC0C2
DCC5C2
E0C9C6
DDC8C5
DDC8C5
DDC8C5
DDC8C5
DDC8C5
DDC8C5
DDC8C5
DDC8C5
DDC8C5
DDC8C5
E4C8C7
C9ADAC
C4A7A5
B69997
836C6B
998281
998E90
988D8F
938E8C
938E8C
938E8C
938E8C
938E8E
938E8E
968E8F
908889
B0A39F
C4B7B3
BAA7A5
B19E9C
C8B5B3
C6B3B1
C4B3B0
C4B3B0
C4B3B0
C4B3B0
C4B3B0
C4B3B0
C4B3B0
C4B3B0
C4B3B0
C4B3B0
C4B3B0
C5B4B1
C9B0B0
C4ABAB
BD9B9C
AD8B8C
A58686
A78888
AF9895
BFA8A5
C4B3B0
C7B6B3
C8B5B3
C8B5B3
C8B5B3
C9B6B4
C8B7B4
C8B7B4
C6B7B4
C5B6B3
C4B5B2
C4B5B2
C6B5B2
C5B4B1
C4B3B0
C4B3B0
C4B3B0
C4B3B0
C4B1AF
C5B2B0
C5B2B0
C4B1AF
C4B1AF
C4B1AF
C4B3B0
C4B3B0
C4B3B0
C4B3B0
C4B3B0
C4B3B0
C4B3B0
C4B3B0
C2B3B0
C2B3B0
C5B4B1
C5B4B1
C7B2B1
C5B0AF
C5ACAA
C0A7A5
C2A1A0
BA9998
B79290
B5908E
B5908E
B5908E
B18E8E
AE8B8B
AA918F
B49B99
BDAAA8
C4B1AF
C7B4B2
C7B4B2
C6B3B1
C5B2B0
C4B3B0
C4B3B0
C4B3B0
C4B3B0
C4B3B0
C4B3B0
C4B3B0
C4B3B0
C4B3B0
C4B3B0
C4B3B0
C4B3B0
C4B3B0
C4B3B0
EEEEEE
F2F2F2
F8F8F8
FEFEFE
FFFFFF
FFFFFF
FFFFFF
FFFFFF
FFFFFF
FFFFFF
FFFFFF
FFFFFF
FEFEFE
FFFFFF
F8F5F4
E8E5E4
E6E3E2
E7E4E3
E8E5E4
F2EFEE
F4F1F0
F4F1F0
F4F1F0
F4F1F0
F4F1F0
F4F1F0
F5F1F2
F3EFF0
E6E2E3
E5E1E2
E9E5E6
E5E1E2
DFDBDC
DDD9DA
E5E1E2
E6E2E3
E8E4E5
E8E4E5
E7E3E4
EDE9EA
C8B6B8
8D7B7D
E2DADB
EDE5E6
E8E4E5
E8E4E5
E4E0E1
DDD9DA
E6E2E3
E6E2E3
E8E2E4
E2DCDE
E6DBDD
A4999B
BBA9A9
C6B4B4
C3B1B3
C5B3B5
CAB1AF
BBA2A0
B68F8C
B7908D
B9918C
B9918C
B59795
A88A88
CFC1C0
F5E7E6
EDE2E0
C3B8B6
A49292
B19F9F
C4B3B0
C7B6B3
C5B3B3
C4B2B2
C4B2B2
C1AFAF
958383
8B7979
867572
A1908D
C7B4B0
C5B2AE
C8ADAA
A38885
EBDDDE
FFF8F9
FCF4F3
FDF5F4
FEF5F4
FEF5F4
FEF5F4
FEF5F4
FEF5F4
FEF5F4
FEF5F4
FEF5F4
FEF5F4
FEF5F4
FEF5F4
FEF5F4
FEF5F4
FEF5F4
FEF5F4
FEF5F4
FEF5F4
FEF5F4
FEF5F4
FEF5F4
FEF5F4
FEF5F4
FEF5F4
FEF5F4
FEF5F4
FEF5F4
FEF5F4
FEF5F4
FEF5F4
FEF5F4
FEF5F4
FEF5F4
FEF5F4
FEF5F4
FEF5F4
FEF5F4
FEF5F4
FFF6F5
FFF1F3
E7D1D3
D8BCBB
E2C6C5
DDCAC6
DCC9C5
DDC8C5
DDC8C5
DDC8C5
DDC8C5
DDC8C5
DDC8C5
DDC8C5
DDC8C5
DDC8C5
DFCAC7
D9BCBA
BA9D9B
B79693
D3B2AF
C4ABAB
C1A8A8
AAA1A2
898081
8E8989
948F8F
948F8D
938E8C
928D8B
928D8B
968D8E
918889
BAADA9
C3B6B2
B2A19E
B6A5A2
B49F9E
B8A3A2
BFACAA
C5B2B0
C6B5B2
C5B4B1
C4B3B0
C4B3B0
C4B3B0
C4B3B0
C4B3B0
C4B3B0
C2B3B0
C2B3B0
C2B3B0
C3B4B1
C6B5B0
C3B2AD
C2A9A7
B59C9A
AD8B8C
A58384
A38585
AD8F8F
B6A39F
C2AFAB
C7B6B3
C8B7B4
C6B7B4
C5B6B3
C6B7B4
C7B8B5
CAB9B6
CBBAB7
CBBAB7
CBBAB7
CCB9B7
CCB9B7
CDBAB8
CBB8B6
C9B8B5
C8B7B4
C8B7B4
C7B6B3
C6B5B2
C6B5B2
C5B4B1
C4B3B0
C3B2AF
C3B2AF
C4B3B0
C4B3B0
C4B1AF
C4B1AF
C4B1AF
C3B0AE
C2A9A9
BDA4A4
BB9C9E
B59698
B69191
B48F8F
B58E8D
B89190
B79494
BB9898
BC9EA0
BA9C9E
BBA4A3
C4ADAC
C6B2B3
C8B4B5
C4B4B4
C2B2B2
C2B3B0
C2B3B0
C4B3B0
C4B3B0
C4B3B0
C4B3B0
C4B3B0
C4B3B0
C4B3B0
C4B3B0
C4B3B0
C4B3B0
C4B3B0
C5B4B1
C6B5B2
C6B5B2
C6B5B2
C6B5B2
F2F0F1
F1EFF0
EFEDEE
EFEDEE
F4F2F3
FBF9FA
FFFEFF
FFFFFF
FFFEFF
FFFEFF
FFFFFF
FFFFFF
FFFFFF
FFFFFF
FFFEFF
F5F3F4
E6E5E4
E6E5E4
E6E3E2
ECE9E8
F4F1F0
F4F1F0
F4F1F0
F4F1F0
F4F1F0
F4F1F0
F4F1F0
F4F1F0
F3EFF0
E8E4E5
E5E1E2
E2DEDF
DFDBDC
DFDBDC
E6E3E2
E6E3E2
E7E4E3
E7E4E3
E5E4E3
E7E6E5
E8DFE0
9D9495
D6D0D2
ECE6E8
E6E4E5
E6E4E5
E3E1E2
DCDADB
E7E4E3
E8E5E4
E8E5E4
E5E2E1
E8DFE0
DAD1D2
A28E91
C6B2B5
C2B2B2
C2B2B2
C4B2B2
C5B3B3
C0A3A1
AD908E
B7918B
B8928C
B9928F
B58E8B
A4938E
EDDCD7
EAE7E4
EEEBE8
E6DBD9
BDB2B0
A59693
B0A19E
C2B1AE
C7B6B3
C4B3B0
C5B4B1
B09E9E
8C7A7A
8B7979
877575
AF9E9B
C7B6B3
C8B4AF
BEAAA5
A48D8A
F5DEDB
FFFCFB
FDF4F3
FEF5F4
FEF5F4
FEF5F4
FEF5F4
FEF5F4
FEF5F4
FEF5F4
FEF5F4
FEF5F4
FEF5F4
FEF5F4
FEF5F4
FEF5F4
FEF5F4
FEF5F4
FEF5F4
FEF5F4
FEF5F4
FEF5F4
FEF5F4
FEF5F4
FEF5F4
FEF5F4
FEF5F4
FEF5F4
FEF5F4
FEF5F4
FEF5F4
FEF5F4
FEF5F4
FEF5F4
FEF5F4
FEF5F4
FEF5F4
FDF5F4
FDF5F4
FFF4F4
FFF6F6
E7C9C9
C7A9A9
DFC8C5
DFC8C5
DCC9C5
DCC9C5
DDC8C5
DDC8C5
DDC8C5
DDC8C5
DDC8C5
DDC8C5
DDC8C5
DDC8C5
E1C8C6
E1C8C6
C19E9C
B79492
D1B6B1
E4C9C4
D3BCB9
BBA4A1
F1E9EA
CFC7C8
948C8D
7E7677
8A8583
8E8987
918C88
938E8A
968B89
9A8F8D
C3B4B1
BBACA9
B29F9B
C7B4B0
C3AEAD
BCA7A6
B49D9C
B09998
B7A09F
C1AAA9
C4B1AF
C6B3B1
C7B4B2
C6B3B1
C6B3B1
C5B2B0
C2B3B0
C2B3B0
C4B3B0
C4B3B0
C1B4B0
C1B4B0
C3B4AF
C4B5B0
C6AFAC
BFA8A5
B99C9A
AC8F8D
A68284
A58183
A68A89
B19594
B9A6A4
C3B0AE
C5B6B3
C5B6B3
C3B4B1
C2B3B0
C4B3B0
C5B4B1
C5B4B1
C6B5B2
C8B7B4
C8B7B4
C8B7B4
C9B8B5
CBBAB7
CCBBB8
CDBCB9
CDBCB9
CEBDBA
CEBDBA
CDBCB9
CCBBB8
CBBAB7
C9B8B5
C6B1B0
C0ABAA
BEA5A5
BAA1A1
B99A9C
B69799
B8999B
BA9B9D
BA9E9D
BEA2A1
BFA8A5
C3ACA9
C4AFAE
C5B0AF
C4B3B0
C5B4B1
C6B4B4
C5B3B3
C4B2B2
C4B2B2
C4B2B2
C4B2B2
C4B2B2
C4B2B2
C4B2B2
C5B3B3
C4B2B2
C5B3B3
C5B3B3
C6B4B4
C8B6B6
C8B6B6
C7B5B5
C6B4B4
C2B0B0
C0AEAE
B6A4A4
B4A2A2
AF9D9D
A89696
EEECED
F1EFF0
F3F1F2
F2F0F1
EFEDEE
EDEBEC
F0EEEF
F6F4F5
FCFAFB
FFFDFE
FFFFFF
FFFFFF
FFFFFF
FFFFFF
FFFEFF
FFFFFF
F4F3F2
E5E4E3
E7E4E3
E6E3E2
F1EEED
F4F1F0
F4F1F0
F3F0EF
F4F1F0
F4F1F0
F4F1F0
F4F1F0
F5F1F2
F3EFF0
E7E3E4
E0DCDD
E0DCDD
DFDBDC
E6E3E2
E6E3E2
E7E4E3
E7E4E3
E6E5E4
E6E5E4
F0E8E9
BEB6B7
C6C0C2
EDE7E9
E6E4E5
E6E4E5
E3E1E2
DDDBDC
E7E4E3
E7E4E3
E8E5E4
E6E3E2
E3E0DF
F0EDEC
BFADB1
AD9B9F
C7B5B5
C4B2B2
C2B2B2
C2B2B2
CAB3B2
BFA8A7
B6918F
B48F8D
BA928D
BB938E
A58D89
C2AAA6
EDEAE5
E8E5E0
ECE4E1
F0E8E5
E6DBD9
C4B9B7
A89898
AB9B9B
C1AFAF
C5B3B3
C4B0B1
998586
8C7879
8C7879
8F7C7A
C0ADAB
C5B4AF
C6B5B0
C4A6A6
AB8D8D
E3CDD1
FFF5F9
FFF7F6
FCF4F3
FDF5F4
FDF5F4
FFF4F4
FFF4F4
FEF5F4
FEF5F4
FEF5F4
FEF5F4
FEF5F4
FEF5F4
FEF5F4
FEF5F4
FEF5F4
FEF5F4
FEF5F4
FEF5F4
FEF5F4
FEF5F4
FEF5F4
FEF5F4
FEF5F4
FEF5F4
FEF5F4
FEF5F4
FEF5F4
FEF5F4
FEF5F4
FEF5F4
FEF5F4
FEF5F4
FEF5F4
FEF5F4
FBF6F4
FBF6F4
FFF7F5
E1CECC
B79695
D5B4B3
DFCAC7
DDC8C5
DCC9C5
DCC9C5
DDC8C5
DDC8C5
DDC8C5
DDC8C5
DDC8C5
DDC8C5
DDC8C5
DDC8C5
E4C6C6
CBADAD
BFA2A0
DCBFBD
DECAC5
DECAC5
DAC3C0
AC9592
F1ECEC
FFFFFF
F8F2F4
C3BDBF
988D8D
958A8A
978787
968686
948484
AA9A9A
C8B7B2
B1A09B
C2ADAC
C8B3B2
C6B3B1
C8B5B3
C8B4B5
C4B0B1
BDA5A7
B49C9E
B19A99
B39C9B
B9A4A3
C2ADAC
C6B3B1
C8B5B3
C6B5B2
C5B4B1
C5B4B1
C4B3B0
C5B2B0
C6B3B1
C6B3B1
C4B1AF
C3B2AF
C6B5B2
CAB4AF
C5AFAA
C5A7A5
BB9D9B
B69092
AE888A
A68485
A88687
AA8E8D
B39796
BDA8A7
C6B1B0
C7B6B3
C8B7B4
C7B6B3
C6B5B2
C4B3B0
C3B2AF
C3B2AF
C3B2AF
C4B3B0
C5B4B1
C5B4B1
C4B3B0
C5B4B1
C6B5B2
C7B6B3
C9B8B5
C9B8B5
C9B8B5
CAB9B6
CAB9B6
CAB9B6
CAB9B6
C9B6B4
C8B5B3
C8B5B3
C7B4B2
C3B2AF
C2B1AE
C2B1AE
C3B2AF
C5B2B0
C3B0AE
C2AEAF
C3AFB0
C2B0B0
C2B0B0
C2B0B0
C3B1B1
C2B0B0
C2B0B0
C2B0B0
C2B0B0
C2B0B0
C2B0B0
BFADAD
B9A7A7
B9A7A7
B4A2A2
AA9898
AC9A9A
9C8A8A
978585
8E7C7C
8D7B7B
877575
887676
887676
8A7878
F4F2F3
F1EFF0
EDEBEC
EDEBEC
EDEBEC
EEECED
EFEDEE
EEECED
EDEBEC
F0EEEF
F5F3F4
F9F7F8
FDFBFC
FFFDFE
FFFEFF
FFFEFF
FFFEFF
F0EEEF
E7E4E3
E7E4E3
EBE8E7
F5F2F1
F5F2F1
F5F2F1
F4F1F0
F4F1F0
F3F0EF
F0EDEC
F2EEEF
F4F0F1
F4F0F1
EAE6E7
DFDBDC
E0DCDD
E7E4E3
E7E4E3
E7E4E3
E8E5E4
E6E5E4
E6E5E4
EAE5E5
DED9D9
C1BBBD
EBE5E7
E8E4E5
E8E4E5
E3DFE0
E0DCDD
E5E2E1
E6E3E2
E7E4E3
E7E4E3
DFE0DE
F3F4F2
ECE3E4
A39A9B
BCAAAA
C5B3B3
C2B2B2
C2B2B2
C3B3B3
C4B4B4
C6ADAB
B39A98
B38A88
B9908E
B99490
A98480
CEC6C0
F1E9E3
E8E5E2
E7E4E1
EBE6E4
EEE9E7
ECE1E1
CFC4C4
C0B0B0
B7A7A7
C6B2B3
B4A0A1
8C7879
8D797A
877472
9F8C8A
C7B6B1
C5B4AF
C8B3B0
C5B0AD
A58789
C0A2A4
FAEAEA
FFF9F9
FFF6F5
FEF5F4
FDF5F4
FCF4F3
FEF5F4
FEF5F4
FEF5F4
FEF5F4
FEF5F4
FEF5F4
FEF5F4
FEF5F4
FEF5F4
FEF5F4
FEF5F4
FEF5F4
FEF5F4
FEF5F4
FEF5F4
FEF5F4
FEF5F4
FEF5F4
FEF5F4
FEF5F4
FEF5F4
FEF5F4
FEF5F4
FEF5F4
FEF5F4
FEF5F4
FDF5F4
FDF5F4
FFF5F6
FFF6F7
E2C1C0
B89796
BFA19F
E3C5C3
DCC9C5
DCC9C5
DCC9C5
DCC9C5
DDC8C5
DDC8C5
DDC8C5
DDC8C5
DDC8C5
DDC8C5
DDC8C5
DEC9C6
D4BBB9
CFB6B4
E1CAC7
E1CAC7
DFC9C4
E0CAC5
D5BEBB
C9B2AF
BAB5B5
FFFCFC
FEFEFE
FFFFFF
F0E5E7
B2A7A9
B6A2A3
C3AFB0
AE9B99
BFACAA
BFACA8
A6938F
B5A29E
B19E9A
B7A29F
B9A4A1
C0AEA8
C2B0AA
C3B0AC
C4B1AD
C5AFB1
BDA7A9
B6A1A0
B39E9D
B19E9C
B6A3A1
BAA7A5
BFACAA
C2AFAD
C6B3B1
C5B4B1
C5B4B1
C4B3B0
C2B1AE
C1ACAB
BEA9A8
C1A3A3
BC9E9E
B99897
B49392
B58F91
B58F91
B68E91
B48C8F
AE888A
A78183
A08284
A08284
9C8786
A28D8C
AC9997
B8A5A3
C1AEAC
C7B4B2
C6B3B1
C7B4B2
C7B4B2
C6B3B1
C6B3B1
C4B1AF
C4B1AF
C5B2B0
C5B2B0
C4B1AF
C3B2AF
C3B2AF
C1B2AF
C1B2AF
C0B3AF
C0B3AF
C2B3B0
C3B4B1
C3B4B1
BEAFAC
BCADAA
BDAEAB
C0AFAC
C0AFAC
C0ADAB
BCA9A7
B5A1A2
B29E9F
B19F9F
B19F9F
B3A1A1
B6A4A4
B4A2A2
B3A1A1
B19F9F
B09E9E
AF9D9D
B5A3A3
B3A1A1
A59393
A39191
A49292
A08E8E
A29090
A29090
A29090
A49292
A49292
A59393
A59393
A59393
A59393
FFFFFF
FFFFFF
FDFDFD
F9F9F9
F6F4F5
F2F0F1
EFEDEE
EDEBEC
ECEAEB
ECEAEB
EBE9EA
EBE9EA
EAE8E9
EBE9EA
EDEBEC
F1EFF0
F5F3F4
F6F4F5
E8E4E5
E3DFE0
E4E1E0
EFECEB
EEEBEA
EDEAE9
ECE9E8
EBE8E7
EDEAE9
F1EEED
F3EFF0
F4F0F1
F4F0F1
F5F1F2
EAE6E7
E0DCDD
E7E4E3
E8E5E4
E8E5E4
E8E5E4
E8E5E4
E8E5E4
E9E4E4
EAE5E5
DDD9DA
E6E2E3
E8E4E5
E7E3E4
E0DCDD
E2DEDF
E5E2E1
E5E2E1
E6E3E2
E8E5E4
DDDEDC
EFF0EE
FAF7F6
D2CFCE
A18F91
C5B3B5
C4B2B2
C4B2B2
C4B2B2
C5B3B3
C5B4B1
C4B3B0
C0A3A1
AD908E
B58E8B
B58E8B
A5948F
EFDED9
EAE7E4
E9E6E3
E9E4E2
E9E4E2
EAE5E3
E9E4E2
F5ECEB
E1D8D7
B9A9A9
BEAEAE
9A8687
8A7677
8C7879
887475
B8A7A4
C6B5B2
C2B3AE
C4B5B0
BCA5A2
735C59
856364
D1AFB0
FAEFED
FFFCFA
FFF9F8
FEF5F4
FEF5F4
FEF5F4
FEF5F4
FEF5F4
FEF5F4
FEF5F4
FEF5F4
FEF5F4
FEF5F4
FEF5F4
FEF5F4
FEF5F4
FEF5F4
FEF5F4
FEF5F4
FEF5F4
FEF5F4
FEF5F4
FEF5F4
FEF5F4
FEF5F4
FEF5F4
FEF5F4
FEF5F4
FEF5F4
FEF5F4
FEF5F4
FFFAF9
FFEDED
DAC1C1
B99293
BE9798
CCB1AE
E3C8C5
DBCAC5
DBCAC5
DCC9C5
DCC9C5
DDC8C5
DDC8C5
DDC8C5
DDC8C5
DDC8C5
DDC8C5
DDC8C5
DCC7C4
DBC6C3
DEC9C6
DDC8C5
DDC8C5
DFC9C4
DFC9C4
DCC5C2
E1CAC7
B0A5A7
CEC3C5
E1E3E4
E8EAEB
FBF8F7
FAF7F6
CABCBB
B2A4A3
AD9A96
C7B4B0
B19D98
C3AFAA
C4B1AF
BCA9A7
B29EA1
AE9A9D
AE969A
A68E92
A79195
AE989C
B19F9F
AE9C9C
B09D99
AF9C98
AC9995
A99692
A69391
A18E8C
A08B8A
9D8887
A38786
A68A89
AA8B8B
AC8D8D
AC8A8B
A58384
A58384
AE8C8D
B29093
B29093
B19294
B29395
AE9595
B19898
B49B9B
B89F9F
BAA3A2
BBA4A3
B29F9D
968381
7C6967
806D6B
8B7876
998684
AB9896
B3A09E
B5A2A0
BAA7A5
BBA8A6
BEABA9
C1AEAC
C4B1AF
C4B1AF
C3B0AE
C4B1AF
C4B1AF
C2B1AE
C2B1AE
C1B0AD
C1B0AD
C0AFAC
C2B1AE
C4B1AF
C4B1AF
C3B2AF
C3B2AF
C2B1AE
C3B2AF
C4B1AF
C7B4B2
C7B6B3
C7B6B3
C5B6B3
C5B6B3
C7B5B5
C6B4B4
C6B4B4
C5B3B3
C5B3B3
C6B4B4
C6B4B4
C5B3B3
C6B4B4
C7B5B5
C7B5B5
C6B4B4
C6B4B4
C6B4B4
C7B5B5
C6B4B4
C6B4B4
C5B3B3
C6B4B4
C6B4B4
C6B4B4
C6B4B4
FEFEFE
FFFFFF
FFFFFF
FFFFFF
FFFFFF
FFFFFF
FFFEFF
FFFEFF
FDFBFC
FCFAFB
FAF8F9
F8F6F7
F6F4F5
F4F2F3
F1EFF0
EFEDEE
EEECED
EEECED
ECEAEB
DEDCDD
DEDBDA
E5E2E1
ECE9E8
EEEBEA
F1EEED
F3F0EF
F4F1F0
F4F1F0
F4F1F0
F4F1F0
F4F0F1
F4F0F1
F4F1F0
EAE7E6
E5E2E1
E8E5E4
E8E5E4
E8E5E4
E8E5E4
E8E5E4
E8E5E4
E8E5E4
E8E5E4
E8E5E4
E9E5E6
E4E0E1
DFDCDB
E3E0DF
E4E1E0
E7E4E3
E5E2E1
E6E3E2
E0DFDE
E6E5E4
FFFFFE
F0EFEE
BEB0B1
A7999A
C8B6B6
C3B1B1
C3B0AE
BDAAA8
C1ACAB
C8B3B2
C7B4B2
C3B0AE
B69896
AA8C8A
A38A88
C5ACAA
EEE9E7
E9E4E2
E9E4E4
E9E4E4
E8E5E4
E7E4E3
E8E3E1
FFFEFC
F4E9E9
C2B7B7
A59393
8A7878
8F7B7C
897576
978683
C5B4B1
C4B3AE
C4B3AE
C7B7B0
9B8B84
624444
604242
8B676B
C29EA2
EADDD9
FFF9F5
FFFCF9
FFF8F5
FFF6F3
FEF5F2
FCF4F3
FDF5F4
FEF5F4
FEF5F4
FEF5F4
FEF5F4
FDF5F4
FDF5F4
FDF5F4
FDF5F4
FDF5F4
FDF5F4
FDF5F4
FDF5F4
FEF5F4
FEF5F4
FFF4F2
FFF4F2
FEF5F4
FEF5F4
FDF5F4
FCF4F3
FFF9F9
E9D7D7
7D5A5A
A78484
C09B9B
C29D9D
DAC1BF
E0C7C5
DCC9C5
DCC9C5
DDC8C5
DDC8C5
DDC8C5
DDC8C5
DDC8C5
DDC8C5
DDC8C5
DDC8C5
DDC8C5
DDC8C5
DCCAC4
DCCAC4
DFC8C7
DFC8C7
DBC8C4
DCC9C5
E1CAC7
E2CBC8
DCCCCE
B5A5A7
D9DBDC
D9DBDC
D5D5D7
D0D0D2
D2CDCB
9B9694
AC9D9A
B6A7A4
625D66
635E67
53556D
4D4F67
464D66
444B64
3E4961
3E4961
484857
565665
B7A6A3
C8B7B4
C4B3AE
C3B2AD
C2AFAB
C2AFAB
C2AFAD
C1AEAC
C2ADAC
C0ABAA
C2ABA8
C1AAA7
BFABA6
C0ACA7
C2B0AA
C3B1AB
C2B1AC
C4B3AE
C6B5B2
C6B5B2
C4B5B2
C4B5B2
C6B5B2
C6B5B2
C7B4B2
C7B4B2
C5B6B3
C4B5B2
C7B6B3
C3B2AF
9E8D8A
877673
8C7977
897674
968381
B4A19F
BBA8A6
B3A09E
B29F9D
B19E9C
AD9A98
AA9795
AE9B99
B09D9B
AF9C9A
B09D9B
B09D9B
B19E9C
B1A09D
B09F9C
B09D9B
AD9A98
AE9B99
AC9997
A99895
A89794
A89794
AC9B98
A5908D
A38E8B
B59A97
AF9491
A9908E
A68D8B
AE9593
B79E9C
BAA19F
BDA4A2
B9A4A3
B7A2A1
B7A4A2
BFACAA
C1AFAF
C2B0B0
C5B3B3
C7B5B5
C5B5B5
C5B5B5
C3B3B3
C4B4B4
C4B2B2
C4B2B2
C3B1B1
C2B0B0
C3B1B1
C4B2B2
FFFFFF
FFFFFF
FFFFFF
FFFFFF
FFFFFF
FFFFFF
FFFFFF
FFFFFF
FFFFFF
FFFFFF
FFFFFF
FFFFFF
FFFFFF
FFFFFF
FFFFFF
FFFFFF
FFFFFF
FFFFFF
FFFFFF
F4F4F4
E1E0DF
E9E8E7
F4F1F0
F5F2F1
F5F2F1
F4F1F0
F4F1F0
F4F1F0
F4F1F0
F4F1F0
F4F1F0
F4F1F0
F4F1F0
F5F2F1
EEEBEA
E6E3E2
E7E4E3
E8E5E4
E8E5E4
E8E5E4
E8E5E4
E8E5E4
E7E4E3
E8E5E4
E9E6E5
E2DFDE
E0DDDC
E4E1E0
E4E1E0
E8E5E4
E7E4E3
E3E0DF
E0DFDE
DEDDDC
FAFBF9
FCFDFB
EEE5E6
AAA1A2
B9A7A9
C6B4B6
C5B2B0
BEABA9
B79B9C
BB9FA0
C2AFAD
C6B3B1
C8B3B2
BFAAA9
AD9494
A28989
DED6D3
EFE7E4
E8E5E2
E8E5E2
E8E5E4
E8E5E4
E2DFDE
F7F4F3
FFFDFE
FFFAFB
CCBEBF
8C7E7F
8C7879
8B7778
877374
B29E9F
C6B5B0
C4B3AE
C5B4AF
C7B6B1
937E7D
5F4A49
6F5256
83666A
8B6A69
B29190
CEB9B6
F2DDDA
FCF4EE
FFFBF5
FFFAF7
FFFBF8
FFF9F6
FFF8F5
FFF8F7
FFF8F7
FFF8F7
FFF7F6
FFF7F6
FFF7F6
FFF6F5
FFF6F5
FFF6F5
FFF6F5
FEF6F5
FEF6F5
FEF5F4
FEF5F4
FEF5F4
FDF4F3
FFF5F3
FFFDFB
E1BDC1
805C60
795656
926F6F
C29D9D
CEA9A9
DFCAC7
DDC8C5
DDC8C5
DDC8C5
DDC8C5
DDC8C5
DDC8C5
DDC8C5
DDC8C5
DDC8C5
DDC8C5
DDC8C5
DDC8C5
DDC8C5
DDC8C7
DDC8C7
DDC9C2
DFCBC4
E3CFCA
E4D0CB
DDC7C9
C8B2B4
AEA3AD
8E838D
6B6E7C
686B79
4E566C
40485E
3B3E49
575A65
BBB6BE
6F6A72
293D5C
2B3F5E
284163
294264
2B4266
2B4266
2C4367
2C4367
33425E
2E3D59
807070
B4A4A4
BBA8A6
C2AFAD
C6B5B2
C7B6B3
C4B5B2
C3B4B1
C5B4B1
C7B6B3
C6B5B2
C5B4B1
C5B4AF
C5B4AF
C4B3AE
C4B3AE
C4B3AE
C4B3AE
C4B3B0
C4B3B0
C4B3B0
C4B3B0
C4B3B0
C4B3B0
C4B3B0
C4B3B0
C4B3B0
C4B3B0
C4B3B0
C5B4B1
C7B6B3
B6A5A2
907F7C
8C7B78
8B7876
958280
BCA9A7
C9B6B4
C7B4B2
C7B4B2
C6B3B1
C6B3B1
C1AEAC
C2AFAD
C6B5B2
C5B4B1
C5B4B1
C5B4B1
C5B4B1
C5B4B1
C5B2B0
C4B1AF
BCA9A7
C5B2B0
C6B5B2
C5B4B1
C5B4B1
C5B4B1
C8B2AD
A38D88
A6817F
B79290
B38E8C
B28D8B
B48F8D
B5908E
B59090
B38E8E
AD8C89
AC8B88
AB8D8B
AE908E
A88C8B
AC908F
AC9393
AE9595
B39C9B
B59E9D
BBA4A3
BFA8A7
C0AFAC
C3B2AF
C6B2B3
C7B3B4
C7B3B4
C7B3B4
FFFFFF
FFFFFF
FFFFFF
FFFFFF
FFFFFF
FFFFFF
FFFFFF
FFFFFF
FFFFFF
FFFFFF
FFFFFF
FFFFFF
FFFFFF
FFFFFF
FFFFFF
FFFFFF
FFFFFF
FFFFFF
FFFFFF
FFFFFF
EEEDEC
E5E4E3
F2EFEE
F4F1F0
F4F1F0
F4F1F0
F4F1F0
F4F1F0
F4F1F0
F4F1F0
F4F1F0
F4F1F0
F4F1F0
F4F1F0
F5F2F1
EEEBEA
E6E3E2
E7E4E3
E8E5E4
E8E5E4
E8E5E4
E8E5E4
E8E5E4
E8E5E4
E6E3E2
DFDCDB
E0DDDC
E5E2E1
E5E2E1
E7E4E3
E8E5E4
E6E3E2
E0DDDC
DEDBDA
EEEFED
FFFFFF
FCF7F7
DFDADA
A59395
BFADAF
C5B3B3
C4B2B2
C6AAA9
B89C9B
B39694
BC9F9D
C2ABA8
CAB3B0
C8B3B2
BBA6A5
B9ABAA
DBCDCC
E9E4E2
ECE7E5
E7E6E5
E6E5E4
E0DFDE
EEEDEC
FEFDFC
FFFEFD
FFFEFD
D7CECD
8E7C7C
887676
897576
968283
C6B5B0
C4B3AE
C3B2AD
C7B6B1
C6B6B6
8F7F7F
5B494B
7F6D6F
927F7B
83706C
644644
836563
9B7D7F
AD8F91
BEA9A8
CFBAB9
E0CECE
EBD9D9
EDDFDE
EFE1E0
EFE1E0
F5E7E6
F8EAE9
F9EBEA
FCEEED
FFF1F0
FFF1F0
FFF1F0
FFF3F4
FFF5F6
FFFBFA
FFFDFC
FFFEFC
FFFDFB
FFEBEE
C0A6A9
7D6162
8D7172
907775
775E5C
BD9C9B
DBBAB9
DECBC7
DCC9C5
DDC8C5
DDC8C5
DDC8C5
DDC8C5
DDC8C5
DDC8C5
DDC8C5
DDC8C5
DDC8C5
DDC8C5
DDC8C5
DDC8C5
DCCAC4
DCCAC4
E5CECD
D8C1C0
A2969A
807478
545A6A
3E4454
2F3B55
2E3A54
2C3B5E
2D3C5F
294064
2B4266
34374C
8A8DA2
8D90A5
3B3E53
2D4468
2E4569
2F4367
2F4367
2F4368
2F4368
2F436A
2F436A
324365
2E3F61
5C525C
998F99
837171
877575
8B7B7D
9E8E90
A79693
B5A4A1
BAA9A6
C2B1AE
C6B5B2
C6B5B2
C7B6B1
C7B6B1
C7B6B1
C7B6B1
C7B6B1
C6B5B0
C5B4B1
C5B4B1
C5B4B1
C4B3B0
C3B2AF
C3B2AF
C3B2AF
C3B2AF
C3B2AF
C3B2AF
C4B3B0
C3B2AF
C4B3B0
C7B6B3
BDACA9
958481
897674
8A7775
927F7D
C0ADAB
C7B4B2
C5B2B0
C4B3B0
C4B3B0
C4B3B0
BCABA8
B9A8A5
C3B2AF
C5B4B1
C4B3B0
C4B3B0
C3B2AF
C4B3B0
C5B4B1
C1AEAC
B5A2A0
C3B2AF
C3B2AF
C4B3B0
C3B2AF
C5B2AE
C7B4B0
A88A86
A68884
BA9591
B8938F
B7928E
B7928E
B8918E
B8918E
B9928F
B9928F
B99291
B89190
B89190
B89190
B89190
B89190
B38E8C
B08B89
AC8A8B
A98788
AA8C8C
A78989
A28D8C
A5908F
AD9799
B6A0A2
FFFFFF
FFFFFF
FFFFFF
FFFFFF
FFFFFF
FFFFFF
FFFFFF
FFFFFF
FFFFFF
FFFFFF
FFFFFF
FFFFFF
FFFFFF
FFFFFF
FFFFFF
FFFFFF
FFFFFF
FFFFFF
FFFFFF
FFFFFF
FEFDFC
EAE9E8
F0EDEC
F4F1F0
F4F1F0
F4F1F0
F4F1F0
F4F1F0
F4F1F0
F4F1F0
F4F1F0
F4F1F0
F4F1F0
F4F1F0
F4F1F0
F4F1F0
EDEAE9
E6E3E2
E7E4E3
E8E5E4
E8E5E4
E8E5E4
E8E5E4
E8E5E4
E2DFDE
DEDBDA
E0DDDC
E4E1E0
E6E3E2
E7E4E3
E7E4E3
E8E5E4
E5E2E1
DDDAD9
E1E0DF
FEFDFC
FFFFFF
F5F4F3
D8CACB
A19394
C4B4B4
C2B2B2
C5B2B0
C4B1AF
BE9B9B
B39090
A98C8A
B59896
BCABA8
C5B4B1
C5B4B1
BCABA8
BDB2B2
D5CACA
E5E0DE
EDE8E6
E8E5E4
EAE7E6
FDFEFC
FEFFFD
FFFEFD
FFFFFF
DED3D3
867B7B
8A7677
867273
B5A4A1
C7B6B3
C4B3B0
C4B3B0
C5B3B3
C5B3B3
8B797B
695759
8D7E7B
7B6C69
5A4743
7D6A66
897473
867170
866F6E
856E6D
886E71
8B7174
8F7578
8E7477
6E5457
8F7578
997F82
896F72
8F7578
9F8588
9C8285
9C8285
9E8786
A48D8C
A7888A
BA9B9D
BA969A
C39FA3
956F73
825C60
887976
8B7C79
8E7B79
73605E
AA8F8C
E4C9C6
DDCAC6
DCC9C5
DDC8C5
DDC8C5
DDC8C5
DDC8C5
DDC8C5
DDC8C5
DDC8C5
DDC8C5
DDC8C5
DDC8C5
DDC8C5
DDC8C5
E1CAC9
E3CCCB
9E96A5
544C5B
2C3B5A
2C3B5A
294265
2D4669
304469
2F4368
2D4468
2D4468
2F4368
2D4166
4D4A61
9C99B0
424E6B
34405D
2D4468
2D4468
2F4368
2F4368
2F4368
2F4368
2F436A
2F436A
314469
2D4065
515462
EFF2FF
EDE5E6
CBC3C4
A99B9E
8C7E81
806E70
7E6C6E
837171
8F7D7D
93827F
9E8D8A
9F8E8B
A08F8C
AA9996
B09F9C
B4A3A0
BCABA8
BDACA9
BEADAA
C0AFAC
C3B2AF
C6B5B2
C7B6B3
C7B6B3
C6B5B2
C6B5B2
C6B5B2
C6B5B2
C6B5B2
C7B6B3
C5B4B1
C6B5B2
C4B3B0
998684
897674
8A7775
9B8886
C5B2B0
C6B3B1
C4B3B0
C4B3B0
C4B3B0
C5B4B1
BEADAA
B4A3A0
BEADAA
C6B5B2
C4B3B0
C4B3B0
C4B3B0
C4B3B0
C7B4B2
BFACAA
AF9C9A
C3B0AE
C4B3B0
C4B3B0
C4B3AE
C5B4AF
CAB2AE
9F8783
AD8884
BA9591
B8918E
B8918E
B8918E
B8918E
B8918E
B8918E
B8918E
B7908D
B9908E
B9908E
B8918E
B8918E
B8918E
B9928F
B69391
B69391
B89190
B89190
B68F8E
B38C8B
B08988
AC8584
FFFFFF
FFFFFF
FFFFFF
FFFFFF
FFFFFF
FFFFFF
FFFFFF
FFFFFF
FFFFFF
FFFFFF
FFFFFF
FFFFFF
FFFFFF
FFFFFF
FFFFFF
FFFFFF
FFFFFF
FFFFFF
FFFFFF
FFFFFF
FFFEFF
F5F3F4
EBE8E7
F5F2F1
F4F1F0
F4F1F0
F4F1F0
F4F1F0
F4F1F0
F4F1F0
F4F1F0
F4F1F0
F4F1F0
F4F1F0
F4F1F0
F4F1F0
F4F1F0
EEEBEA
E7E4E3
E8E5E4
E8E5E4
E8E5E4
E8E5E4
E8E5E4
E0DDDC
DFDCDB
E0DDDC
E4E1E0
E7E4E3
E7E4E3
E8E5E4
E8E5E4
E7E6E5
E3E2E1
DAD9D8
F4F3F2
FFFFFF
FEFDFC
F5EDEE
C7BFC0
A99799
C5B3B5
C2B2B2
C2B2B2
CBB0AD
BCA19E
B28F8D
BD9A98
D1C2BF
C3B4B1
BEACAC
C0AEAE
C3B2AF
BDACA9
BAACAB
CABCBB
DED6D5
E8E0DF
FFFEFD
FFFFFF
FEFFFD
FDFEFC
FFFFFF
DCD4D3
8B7979
867474
978683
C7B6B3
C4B3B0
C4B3B0
C4B3AE
C4B3AE
C5B3B3
928080
837171
6D5B5B
5C4947
7F6C6A
857471
8D7C79
897B7A
8A7C7B
8A7C7B
897B7A
897B7C
857778
5C4C4C
837373
8A7A7A
746464
736363
867676
847474
847474
857375
857375
6E565A
6E565A
88656B
836066
85706F
8F7A79
8A7B78
8A7B78
8C7A7A
7E6C6C
99837E
E5CFCA
DCC8C3
DDC9C4
DDC8C5
DDC8C5
DDC8C5
DDC8C5
DDC8C5
DDC8C5
DDC8C5
DDC8C5
DDC8C5
DDC8C5
DFC9C4
E2CCC7
D6CACE
8B7F83
2F4062
2D3E60
2D4669
2D4669
2F4368
2E4267
2E4267
2F4368
2F4368
2F4368
344167
313E64
73718B
64627C
2C3F63
304367
2F4367
2F4367
2F4368
2F4368
2F4368
2F4368
2F4368
2F4368
2F436A
2E4269
3B3E51
CBCEE1
FFFFFF
FFFFFF
FFFFFF
FFFDFE
E8E0E1
C3BBBC
A69897
8B7D7C
7F6E6B
7F6E6B
7E6D6A
806F6C
81706D
82716E
857471
867572
867572
887774
8C7B78
907F7C
948380
948380
93827F
978683
9C8B88
A08F8C
A3928F
A3928F
A59393
A39191
9D8B8B
978585
93807E
816E6C
877472
887573
A59290
C9B6B4
C4B3B0
C4B3B0
C4B3B0
C4B3B0
C4B3B0
C3B2AF
B6A5A2
B6A5A2
C3B2AF
C5B4B1
C4B3B0
C4B3B0
C4B1AF
C7B4B2
B9A4A3
AE9998
C7B4B2
C6B3B1
C4B3B0
C3B2AF
C6B3AF
C5B2AE
A98684
AD8A88
BA9392
B89190
B8918E
B8918E
B8918E
B8918E
B8918E
B8918E
B8918E
B8918E
B8918E
B8918E
B8918E
B8918E
B8918E
B8918E
B8918E
B8918E
B7928E
B6918D
B7928E
B8938F
EFEDEE
FFFDFE
FFFEFF
FFFEFF
FFFFFF
FFFFFF
FFFFFF
FFFFFF
FFFFFF
FFFFFF
FFFFFF
FFFFFF
FFFFFF
FFFFFF
FFFFFF
FFFFFF
FFFFFF
FFFFFF
FFFFFF
FFFFFF
FFFFFF
FEFEFE
EBE9EA
EFEDEE
F4F1F0
F4F1F0
F4F1F0
F4F1F0
F4F1F0
F4F1F0
F4F1F0
F4F1F0
F4F1F0
F1EEED
F3F0EF
F5F2F1
F4F1F0
F4F1F0
EFECEB
E6E3E2
E7E4E3
E8E5E4
E8E5E4
E4E1E0
DDDAD9
E0DDDC
E0DDDC
E1DEDD
E6E3E2
E8E5E4
E8E5E4
E8E5E4
E8E5E4
E9E6E5
E3E0DF
E6E3E2
FCFBFA
FFFFFF
FDFCFB
EDECEB
C3B5B8
AB9DA0
C5B5B5
C1B1B1
C4B3AE
C5B4AF
BFA29E
A88B87
C9BAB7
F7E8E5
E0D8D5
C6BEBB
B9AAA7
B3A4A1
BBA8A6
B9A6A4
B6A6A6
BBABAB
D3CECC
F1ECEA
FAFDFA
FFFFFF
FFFFFF
FFFFFF
DCD1CF
827775
857270
B5A2A0
C6B7B4
C4B5B2
C6B5B0
C7B6B1
C6B3B1
C3B0AE
9B8788
634F50
5F4B4C
836F70
877575
8C7A7A
897979
8A7A7A
897B7A
897B7A
897B7A
897B7A
685858
807070
8C7E7D
7E706F
7A6F6F
887D7D
897B7C
897B7C
8A7A7E
8B7B7F
8A7A7C
6D5D5F
807072
8D7D7F
897B7A
887A79
897B7A
897B7A
8A7A7A
877777
857270
DFCCCA
DBC8C4
DCC9C5
DDC8C5
DDC8C5
DDC8C5
DDC8C5
DDC8C5
DDC8C5
DDC8C5
DDC8C5
DCC9C5
DCC9C5
DEC9C8
E2CDCC
6D7A8F
2E3B50
2C4367
2D4468
2F4367
2F4367
2F4367
2F4367
2F4368
2F4368
2D4468
2D4468
334263
364566
52607F
334160
2F4368
2F4368
2F4368
2F4368
2F4368
2F4368
2F4368
2F4368
2F4367
2F4367
2F4367
2F4367
31405F
485776
747A8C
7F8597
9599A4
A4A8B3
C9CBCE
E8EAED
FAF9F8
F8F7F6
E7E4DF
CBC8C3
B5ADA7
A19993
948685
817372
7C6D6A
7C6D6A
81706B
82716C
83726D
85746F
847370
83726F
847370
847370
847370
83726F
837171
837171
837171
837171
837171
837171
837171
877575
7D6B6B
877575
8B7979
B09E9E
C5B5B5
C1B1B1
C4B2B2
C4B2B2
C3B2AF
C3B2AF
C5B3B3
BAA8A8
B09F9C
BCABA8
C4B3B0
C3B2AF
C3B2AF
C4B3B0
C7B4B2
B09D9B
AF9A99
C8B3B2
C4B3B0
C4B3B0
C3B2AD
C4B3AE
C7B1AC
A08A85
B08D8B
B89593
B99291
B89190
B6918F
B79290
B89190
B89190
B89190
B89190
B89190
B89190
B89190
B89190
B8918E
B8918E
B8918E
B8918E
B8918E
B8918E
B8918E
B8918E
E7E5E6
EEECED
FDFDFD
FEFEFE
FFFFFF
FFFFFF
FFFFFF
FFFFFF
FFFFFF
FFFFFF
FFFFFF
FFFFFF
FFFFFF
FFFFFF
FFFFFF
FFFFFF
FFFFFF
FFFFFF
FFFFFF
FFFFFF
FFFFFF
FFFFFF
FBF9FA
E9E7E8
F0EFEE
F2F1F0
F4F1F0
F4F1F0
F4F1F0
F4F1F0
F4F1F0
F4F1F0
F4F1F0
F2EFEE
EFECEB
F2EFEE
F4F1F0
F4F1F0
F5F2F1
EDEAE9
E5E2E1
E7E4E3
E8E5E4
E9E6E5
E2DFDE
DCD9D8
E0DDDC
E0DDDC
E3E0DF
E8E5E4
E8E5E4
E8E5E4
E8E5E4
E8E5E4
E8E5E4
E5E2E1
E6E5E4
FAF9F8
FFFFFF
FAFBF9
F1E9EA
BAB2B3
AF9D9D
C6B4B4
C6B3B1
C5B2B0
C9B1AD
BBA39F
9E8986
D2BDBA
EDE8E6
EAE5E3
EAE1DE
D9D0CD
C5B7B6
BAACAB
B4A2A2
B19F9F
A89497
A99598
B3A1A5
C7B5B9
D0C7C8
DFD6D7
F6EBEB
BBB0B0
7C6466
937B7D
BFAAA9
B9A4A3
B2A19E
B09F9C
B7A3A4
C3AFB0
C9B5B6
A28E8F
634F50
857172
8D7B7B
8D7B7B
897B7A
897B7A
897B7A
897B7A
8B7B7B
7E6E6E
695959
7C6C6C
887878
857575
7F7675
A9A09F
837574
897B7A
8A7A7A
8A7A7A
8C7C7E
827274
635355
817173
8C7C7C
8A7A7A
8A7A7A
8A7A7A
8A7A7A
8B7B7B
7A6966
D4C3C0
E9D6D2
DCC9C5
DBC6C3
DDC8C5
DDC8C5
DDC8C5
DDC8C5
DDC8C5
DDC8C5
DDC8C5
DFC9C4
E0CAC5
DBD0DA
8B808A
273B5A
2F4362
2F4367
2F4367
2F4367
2F4367
2F4368
2F4368
2F4368
2F4368
2F4368
2F4368
2F4364
304465
324667
2F4364
2F4368
2F4368
2F4368
2F4368
2F4368
2F4368
2F4368
2F4368
2F4368
2F4368
2F4368
2F4368
2F4368
2C4065
2E3D60
2A395C
2A3955
2B3A56
313C52
3C475D
525A6D
71798C
9A9DA8
C2C5D0
F1EDF0
FFFFFF
FFFCFC
ECE7E7
D4CCCB
BFB7B6
ADA2A2
9F9494
958786
897B7A
827473
7D6F6E
7B6D6C
7B6D6C
7E6E6E
7E6E6E
7F6D6F
806E70
816F71
806E70
806E70
806E70
7F6D6D
806E6E
7E6C6C
7A6868
857172
937F80
B9A7A7
C6B4B4
C4B2B2
C4B2B2
C4B3B0
C4B3B0
C4B2B2
C5B3B3
C2B0B0
B2A0A0
B6A5A2
C4B3B0
C4B3B0
C4B3B0
C5B2B0
C5B2B0
AA9392
B49D9C
C8B7B4
C4B3B0
C2B3B0
C1B2AF
C7B5AF
C3B1AB
A0837F
A68985
B99492
B99492
B99090
B99090
B89190
B89190
B89190
B89190
B89190
B89190
B89190
B89190
B8918E
B8918E
B8918E
B8918E
B8918E
B8918E
B8918E
B8918E
F4F0F1
EAE6E7
EFEDEE
FEFCFD
FFFFFF
FFFFFF
FFFFFF
FFFFFF
FFFFFF
FFFFFF
FFFFFF
FFFFFF
FFFFFF
FFFFFF
FFFFFF
FFFFFF
FFFFFF
FFFFFF
FFFFFF
FFFFFF
FFFFFF
FFFFFF
FFFFFF
F8F6F7
EBEAE9
F1F0EF
F4F1F0
F4F1F0
F4F1F0
F4F1F0
F4F1F0
F4F1F0
F4F1F0
F4F1F0
F3F0EF
EFECEB
F0EDEC
F4F1F0
F4F1F0
F5F2F1
ECE9E8
E6E3E2
E5E2E1
F3F0EF
FDFAF9
E2DFDE
DCD9D8
E1DEDD
E0DDDC
E4E1E0
E8E5E4
E8E5E4
E8E5E4
E8E5E4
E8E5E4
E8E5E4
E6E3E2
E7E4E3
F1F2F0
FFFFFE
FCFBFA
EAE9E8
B6A8A9
AB9D9E
C8B4B5
C5B1B2
C4B1AF
C8B5B3
BAA29E
A18985
D3CAC9
EEE5E4
E2E1DE
E4E3E0
E5E0DE
E7E2E0
E8E3DF
DAD5D1
E0D8D9
E3DBDC
D6CBCD
C8BDBF
BBB0B2
B5AAAC
B7AEAF
BEB5B6
8A7677
624E4F
977F81
A99193
AE9D9A
BCABA8
C5B3B3
C4B2B2
C5B3B3
C9B7B7
A69293
847071
8C7A7A
8D7B7B
8A7A7A
8A7A7A
897B7A
8A7C7B
8D7D7D
685858
675757
7D6D6D
807070
7D6D6D
6A5F5F
C8BDBD
958A88
837876
8A7A7A
8A7A7A
8A7A7A
8D7D7D
6B5B5B
635353
837373
8C7C7C
8A7A7A
897979
8A7A7A
8B7B7B
806E6E
AE9C9C
FFEDEB
F4E1DF
E5D0CD
DCC7C4
DBC6C3
DCC7C4
DDC8C5
DDC8C5
DDC8C5
DDC8C5
DFC9C2
E6D0C9
8F95A9
343A4E
2C4367
2D4468
2F4367
2F4367
2F4367
2F4367
2F4368
2F4368
2F4368
2F4368
2F4368
2F4368
2F4267
2D4065
304469
2F4368
2F4368
2F4368
2F4368
2F4368
2F4368
2F4368
2F4368
2F4368
2F4368
2F4368
2F4368
2F4368
2F436A
2F436A
2F426C
2F426C
2E4269
2F436A
2F4267
2E4166
2D3D62
2A3A5F
293756
2B3958
434B62
656D84
9A9DA8
CCCFDA
F7F5F8
FFFFFF
FFFFFF
FFFFFF
FFF9FB
F5EFF1
E8E2E4
DBD5D7
D5D0D0
D1CCCC
CEC6C5
C6BEBD
BCB1B1
AFA4A4
ACA1A1
B1A6A6
B0A5A5
B2A7A7
B4A9A9
BAAFAF
C1B6B6
D2C7C7
BBABAD
867678
968484
BFADAD
C6B4B4
C4B2B2
C4B3B0
C4B3B0
C4B2B2
C4B2B2
C5B3B3
C5B3B3
B8A7A4
AE9D9A
BEADAA
C6B5B2
C4B1AF
C5B2B0
C4ABAB
A68D8D
B7A4A2
C8B5B3
C1B2AF
C1B2AF
C4B3AE
C5B4AF
C5AFAA
98827D
957473
AA8988
B79290
B6918F
B58E8D
B7908F
B89190
B89190
B89190
B89190
B89190
B89190
B8918E
B8918E
B8918E
B8918E
B8918E
B8918E
B8918E
B8918E
F5F1F2
F3EFF0
E9E7E8
EFEDEE
FDFDFD
FFFFFF
FFFFFF
FFFFFF
FFFFFF
FFFFFF
FFFFFF
FFFFFF
FFFFFF
FFFFFF
FFFFFF
FFFFFF
FFFFFF
FFFFFF
FFFFFF
FFFFFF
FFFFFF
FFFFFF
FFFFFF
FFFFFF
F9F6F5
EEEBEA
F3F0EF
F4F1F0
F4F1F0
F4F1F0
F4F1F0
F4F1F0
F4F1F0
F4F1F0
F4F1F0
F4F1F0
F2EFEE
EFECEB
F3F0EF
F5F2F1
F4F1F0
E9E6E5
E4E3E2
FBFAF9
FFFFFF
FDFCFB
E5E2E1
DDDAD9
E0DDDC
E0DDDC
E6E3E2
E7E4E3
E8E5E4
E8E5E4
E8E5E4
E8E5E4
E8E5E4
E8E5E4
E2E1E0
E8E7E6
FAF9F8
FFFEFD
F2EAEB
B9B1B2
AB999B
C6B4B6
C4B3B0
C4B3B0
CBB4B1
B7A09D
998885
E0CFCC
EDE8E6
E6E1DF
DFDEDB
DDDCD9
E4DFDD
E6E1DF
F8F7F6
FFFFFF
FFFFFF
FFFFFF
FFFFFF
FFFFFF
FFFFFF
FFFFFF
FAF1EE
877E7B
AA9898
CAB8B8
C7B5B5
C5B3B3
C4B2B2
C4B2B2
C4B2B2
C4B2B2
C9B5B6
AC9899
847272
8B7979
8A7A7A
8A7A7A
8A7A7A
8B7B7B
877777
5F4F4F
6A5A5A
7A6A6A
8A7A7A
736363
564B4B
A39898
D1C9C8
857D7C
8B7A77
8C7B78
8A7A7A
8B7B7B
877575
665454
655555
7F6F6F
8C7C7C
8A7A7A
8A7A7A
8A7A7A
877777
897979
F9E9E9
FFF4F4
FCECEC
EDDDDD
E0CDC9
DAC7C3
DCC7C4
DDC8C5
DDC9C4
DDC9C4
DED0D1
B6A8A9
394766
32405F
2D4468
2D4468
2F4367
2F4367
2F4367
2F4367
2F4368
2F4368
2F4368
2F4368
2F4368
2F4368
2F4368
2F4368
2F4368
2F4368
2F4368
2F4368
2F4368
2F4368
2F4368
2F4368
2F4368
2F4368
2F4368
2F4368
2F4368
2F4368
2F4368
2F4368
2F4368
2F4368
2E4267
2F4368
2F436A
2E4269
30446B
2F436A
2C4367
2D4468
2D4165
283C60
2D3955
313D59
4A5261
747C8B
AAABB2
D2D3DA
F4F4F8
FFFFFF
FFFFFF
FFFFFF
FFFFFF
FFFFFF
FFFFFF
FFFFFF
FFFFFF
F4F3F2
EBE8E7
F3F0EF
FBF8F7
FAF7F6
FAF7F6
FAF7F6
FAF5F5
FBF6F6
FBF2F3
B7AEAF
827274
948486
C2B1AE
C5B4B1
C4B3B0
C4B3B0
C4B2B2
C4B2B2
C4B2B2
C4B2B2
C6B5B2
BFAEAB
B09D9B
B8A5A3
C6B3B1
C4B1AF
C9B2B1
BBA4A3
9F8887
C0A9A8
C6B5B2
C4B3B0
C4B3B0
C4B3B0
C6B3AF
C1AEAA
937C79
846D6A
9C8381
B79E9C
BC9E9C
B19391
B28F8D
B28F8D
B7908F
B89190
B89190
B89190
B8918E
B8918E
B8918E
B8918E
B8918E
B8918E
B8918E
B8918E
F4F0F1
F5F1F2
F4F0F1
EBE7E8
F0EEEF
FFFDFE
FFFFFF
FFFFFF
FFFFFF
FFFFFF
FFFFFF
FFFFFF
FFFFFF
FFFFFF
FFFFFF
FFFFFF
FFFFFF
FFFFFF
FFFFFF
FFFFFF
FFFFFF
FFFFFF
FFFFFF
FFFFFF
FFFEFF
F6F4F5
EEEAEB
F4F0F1
F4F1F0
F4F1F0
F4F1F0
F4F1F0
F4F1F0
F4F1F0
F4F1F0
F4F1F0
F4F1F0
F1EEED
EEEBEA
F1EEED
F5F2F1
F2EFEE
EBEAE9
FCFBFA
FFFFFE
FFFFFF
FEFDFC
EAE9E8
E0DDDC
DFDCDB
E1DEDD
E6E3E2
E7E4E3
E8E5E4
E8E5E4
E8E5E4
E8E5E4
E8E5E4
E7E6E5
E4E3E2
E3E2E1
F1F0EF
FCFBFA
F4F3F2
CCBEBF
A99B9C
C2B1AE
C4B3B0
C6B3B1
C7B4B2
B69D9B
A08785
E1D8D7
EFE6E5
E5E2DF
E1DEDB
DCDBD8
E1E0DD
FBFCFA
FEFFFD
FEFDFC
FFFEFD
FFFEFD
FFFEFD
FEFDFC
FDFCFB
FFFFFF
D8D3D1
9C8A8A
C5B3B3
C2B2B2
C2B2B2
C4B2B2
C4B2B2
C4B2B2
C4B2B2
C5B1B2
CAB6B7
AD9B9B
857373
897979
8A7A7A
8A7A7A
8D7D7D
766666
594949
6F5F5F
897979
8B7B7B
8A7A7A
635A59
6A6160
E2DEDF
B4B0B1
837471
8A7B78
8C7A7A
8C7A7A
8B7B7B
7F6F6F
9A8C8B
8A7C7B
817171
877777
8A7A7A
8A7A7A
8B7B7B
7B6B6B
DED3D3
FFF9F9
FFF7F6
FCF3F2
F8E7E4
E6D5D2
DEC9C6
DCC7C4
DEC8C3
E4CEC9
B9B7C4
4E4C59
2F3F67
32426A
2F4367
2F4367
2F4367
2F4367
2F4368
2F4368
2F4368
2F4368
2F4368
2F4368
2F4368
2F4368
2F4368
2F4368
2F4368
2F4368
2F4368
2F4368
2F4368
2F4368
2F4368
2F4368
2F4368
2F4368
2F4368
2F4368
2F4368
2F4368
2F4368
2F4368
2F4368
2F4368
2F4269
31446B
304368
304368
304469
2F4368
2E4266
2F4367
2F4368
2F4368
2D4468
2D4468
2E4165
283B5F
2D3953
36425C
5D606B
90939E
C1BFC2
EBE9EC
FFFFFF
FFFFFF
FFFFFF
FEFEFE
FEFEFE
FDFDFD
F0EFEE
E2E1E0
ECEBEA
F3F2F1
F4F1F0
F4F1F0
F5F0F0
F5F0F0
F9F0F1
F9F0F1
BAAFAF
817676
9D8C89
C5B4B1
C5B4B1
C4B3B0
C4B2B2
C4B2B2
C4B2B2
C3B1B1
C3B2AF
C5B4B1
C5B2B0
B3A09E
AC9997
BFACAA
C9B4B3
C6B1B0
B29999
A38A8A
C4B1AF
C5B2B0
C4B3B0
C4B3B0
C4B3B0
C7B6B3
C1B0AD
8E7D7A
837471
AC9D9A
C8B9B4
D7C8C3
D3BFBA
BEAAA5
B89796
B08F8E
B28D8D
B28D8D
B48F8B
B5908C
B7908D
B9928F
B8918E
B8918E
B9908E
B9908E
F4F0F1
F4F0F1
F4F0F1
F3EFF0
EBE7E8
F1EDEE
FDFDFD
FFFFFF
FFFFFF
FFFFFF
FFFFFF
FFFFFF
FFFFFF
FFFFFF
FFFFFF
FFFFFF
FFFFFF
FFFFFF
FFFFFF
FFFFFF
FFFFFF
FFFFFF
FFFFFF
FFFFFF
FFFFFE
FFFFFE
F6F5F4
EDECEB
F5F2F1
F4F1F0
F4F1F0
F4F1F0
F4F1F0
F4F1F0
F4F1F0
F4F1F0
F3F0EF
F4F1F0
F3F0EF
EFECEB
EEEBEA
F3F0EF
F1F0EF
EEEDEC
FDFEFC
FFFFFE
FFFFFF
FEFFFE
F1F0EF
DFDEDD
DFDCDB
E1DEDD
E5E2E1
E8E5E4
E8E5E4
E7E4E3
E8E5E4
E8E5E4
E8E5E4
E8E5E4
E8E5E4
E5E2E1
E6E5E4
F2F1F0
F6F1F1
D6D1D1
AA9A9C
B6A6A8
C7B6B3
C4B3B0
CBB4B1
B39C99
9D8B8B
E6D4D4
ECE7E5
E6E1DF
DAD9D6
EDECE9
FFFFFE
FEFFFD
FEFEFE
FEFEFE
FFFDFE
FFFDFE
FEFCFD
FFFDFE
F2F0F3
E0DEE1
AC9EA1
B5A7AA
C4B3B0
C4B3B0
C4B2B2
C4B2B2
C4B2B2
C4B2B2
C3B1B1
C4B2B2
C8B6B6
B2A0A0
887774
8A7976
8A7A7A
8A7A7A
635451
5D4E4B
6B5B5D
8A7A7C
897979
8B7B7B
867B79
5B504E
B1AFB4
E5E3E8
A29996
7F7673
8B7C79
8A7B78
8A7B78
887976
887F7E
C4BBBA
BAB1B2
999091
897979
8B7B7B
8F7D7D
7A6868
B8ADAD
FFFBFB
FDF5F4
FDF5F4
FFF4F2
F9EEEC
F2DFDB
E3D0CC
DECBC7
D2BFBB
515C74
323D55
2F436A
2F436A
304368
304368
2F4368
2F4368
2F4368
2F4368
2F4368
2F4368
2F4368
2F4368
2F4368
2F4368
2F4368
2F4368
2F4368
2F4368
2F4368
2F4368
2F4368
2F4368
2F4368
2F4368
2F4368
2F4368
2F4368
2F4368
2F4368
2F4368
2F4368
2F4368
2F4368
2F4368
2F4368
2F4368
2F4368
2F4368
2F4368
2F4368
2F4367
2F4367
2F4367
2F4367
2E4266
2F4367
2F4368
2F4368
2F436A
2E4269
2F4060
364767
585B6C
737687
959396
C1BFC2
ECEDEB
FFFFFF
FFFFFF
FFFFFF
FFFDFE
F1EFF0
E4E2E3
EDEBEC
F2F0F1
F2F0F1
F4F0F1
F4F0F1
F5F0F0
F6F1F1
FBF2F1
BFB6B5
837373
9E8E8E
C8B6B6
C5B3B3
C4B2B2
C4B2B2
C4B2B2
C4B2B2
C4B3B0
C4B3B0
C4B3B0
C6B5B2
BDA8A7
A79291
B69F9E
C9B2B1
C7AEAE
AA9191
A5908F
C8B3B2
C4B3B0
C4B3B0
C2B3B0
C2B3B0
C6B5B2
BBAAA7
867572
867572
B0A19E
BEAFAC
CFC8C2
F1EAE4
F6EEE8
E3DBD5
D9CAC7
CABBB8
BFAAA9
B09B9A
B89C9B
B09493
B39494
B19292
AE8A8C
AB8789
E9E7E8
EEECED
F4F0F1
F4F0F1
F4F0F1
EDE9EA
F1EFF0
FFFEFF
FFFFFF
FFFFFF
FFFFFF
FFFFFF
FFFFFF
FFFFFF
FFFFFF
FFFFFF
FFFFFF
FFFFFF
FFFFFF
FFFFFF
FFFFFF
FFFFFF
FFFFFF
FFFFFF
FFFFFF
FFFFFF
FFFFFF
F6F4F5
EFECEB
F5F2F1
F4F1F0
F4F1F0
F4F1F0
F4F1F0
F4F1F0
F4F1F0
F4F1F0
F4F1F0
F3F0EF
F4F1F0
F1EEED
ECE9E8
EFEEED
EEEDEC
EFF0EE
FFFFFE
FFFFFE
FFFFFE
FFFFFE
F6F7F5
E6E3E2
DEDBDA
E1DEDD
E5E2E1
E8E5E4
E9E6E5
E8E5E4
E8E5E4
E8E5E4
E8E5E4
E8E5E4
E8E5E4
E7E4E3
E7E4E3
E7E4E3
E7E4E3
E0D7D8
ABA2A3
AE9C9C
C5B3B3
C7B2B1
CAB5B4
B79B9A
A48887
DFDAD6
EAE5E1
E0E1DD
FBFCF8
FEFFFD
FEFFFD
FEFFFD
FEFFFD
FEFEFE
FFFFFF
FEFCFF
F1EFF4
DADBE2
DADBE2
D1C8CB
9C9396
C3AFB0
C5B1B2
C4B2B2
C4B2B2
C4B2B2
C4B2B2
C0AEAE
B9A7A7
C3B1B1
C9B7B7
B2A0A0
877575
8B7B7B
837373
5E4F4C
584946
5F4F4F
796969
8C7C7C
8A7A7A
8D7B7B
8A7878
777578
C0BEC1
E0DDDC
979493
81746E
8A7D77
897A77
8B7C79
837373
605050
786A6D
9A8C8F
98888A
8A7A7C
8D7B7B
806E6E
A79C9C
FFFAFA
FCF4F3
FDF5F4
FEF5F4
FFF6F5
FFF1EB
FDEBE5
E0D7DE
70676E
2C3A61
344269
304469
2F4368
2F4368
2F4368
2F4368
2F4368
2F4368
2F4368
2F4368
2F4368
2F4368
2F4368
2F4368
2F4368
2F4368
2F4368
2F4368
2F4368
2F4368
2F4368
2F4368
2F4368
2F4368
2F4368
2F4368
2F4368
2F4368
2F4368
2F4368
2F4368
2F4368
2F4368
2F4368
2F4368
2F4368
2F4368
2F4368
2F4368
2F4368
2F4368
2F4368
2F4368
2F4368
2F4368
2F4368
2F4368
2F4368
2F4368
2F4368
2F4368
2F426C
2E416B
304161
415272
636A77
6C7380
78787C
96969A
C8C6C9
F2F0F3
FFFFFF
FFFFFF
F5F2F1
E7E4E3
EFECEB
F5F2F1
F4F0F1
F4F0F1
F5EFF1
F5EFF1
F7EFF0
FBF3F4
C8BABB
817374
9F8F8F
C4B4B4
C4B2B2
C4B2B2
C4B2B2
C4B2B2
C4B3B0
C4B3B0
C4B3B0
C4B3B0
C6B3B1
C5B2B0
B09797
A99090
C3A5A5
C2A4A4
A68888
B49696
C7B6B3
C4B3B0
C4B3B0
C4B3B0
C3B2AF
C6B5B2
BDA9AA
867273
887676
BAA8A8
BEACAC
BAA8A8
CCC7C3
F2EDE9
FDFAF5
FBF8F3
F8F0F1
F2EAEB
E6E3E2
E5E2E1
E9E4E4
E3DEDE
DED5D6
D9D0D1
FCFAFB
F0EEEF
EBE9EA
F1EFF0
F5F1F2
F4F0F1
ECEAEB
F0EEEF
FEFEFE
FFFFFF
FEFEFE
FEFEFE
FFFFFF
FFFFFF
FFFFFF
FFFFFF
FFFFFF
FFFFFF
FFFFFF
FFFFFF
FFFFFF
FFFFFF
FFFFFF
FFFFFF
FFFFFF
FFFFFF
FFFFFF
FFFFFF
F4F3F2
EDECEB
F7F4F3
F5F2F1
F4F1F0
F4F1F0
F4F1F0
F4F1F0
F4F1F0
F4F1F0
F3F0EF
F5F2F1
F5F2F1
F3F0EF
EDEAE9
ECE9E8
EBEAE9
F5F4F3
FFFFFF
FEFFFD
FEFFFD
FFFFFF
FDFCFB
EAE9E8
DEDADB
DFDBDC
E5E1E2
E9E5E6
E8E5E4
E7E4E3
E8E5E4
E8E5E4
E8E5E4
E8E5E4
E8E5E4
E8E5E4
E6E5E4
E5E4E3
E6E3E2
E5E2E1
BCACAE
A09092
C0AFAC
C7B6B3
CAB6B1
B4A09B
A08D8B
E5D2D0
F5F4F1
FFFFFC
FEFFFD
FEFFFD
FFFEFD
FFFFFE
FFFFFF
F6F6F8
E5E6ED
D9DAE1
D2D9E3
D3DAE4
DCDCE0
BFBFC3
A79799
C2B2B4
C5B1B2
C5B1B2
C4B2B2
C4B2B2
C4B2B2
BFADAD
B3A1A1
BDABAB
CBB9B9
AF9D9D
7D6D6F
938385
C0B7B6
5A5150
574747
645454
837373
8B7B7B
897979
8A7A7A
87797C
827477
A3A1A2
D3D1D2
A69995
827571
897C78
887B77
8F7B7C
7B6768
574749
6B5B5D
7C6A6C
6D5B5D
736161
816F6F
A69B9B
FFFBFB
FCF4F3
FCF4F3
FEF5F4
FDF4F3
FFF4F3
FFF9F8
80879D
31384E
2F436A
2F436A
2F4368
2F4368
2F436A
2F436A
2F4368
2F4368
2F4368
2F4368
2F4368
2F4368
2F4368
2F4368
2F4368
2F4368
2F4368
2F4368
2F4368
2F4368
2F4368
2F4368
2F4368
2F4368
2F4368
2F4368
2F4368
2F4368
2F4368
2F4368
2F4368
2F4368
2F4368
2F4368
2F4368
2F4368
2F4368
2F4368
2F4368
2F4368
2F4368
2F4368
2F4368
2F4368
2F4368
2F4368
2F4368
2F4368
2F4368
2F4368
2F4368
2F4368
2F4367
2F4367
2D436C
2B416A
334263
4C5B7C
757C88
767D89
6F7077
74757C
9A99A0
D4D3DA
FDFBFC
FBF9FA
EFECE9
F3F0ED
F6F3F2
F5F2F1
F4F0F1
F3EFF0
F5EFF1
F6F0F2
FDF4F3
D1C8C7
867877
A39594
C8B6B6
C4B2B2
C4B3B0
C4B3B0
C4B3B0
C4B3B0
C4B3B0
C4B3B0
C3B2AF
C4B3B0
CAB3B2
BCA5A4
AA8C8C
B39595
BC989A
A78385
B6A1A0
C8B3B2
C4B3B0
C4B3B0
C3B2AF
C4B3B0
C9B5B6
BDA9AA
867474
8A7878
BCAAAA
C6B4B4
B9A7A7
BAA8A8
D0CBC7
F3EEEA
F9F6F3
F5F2EF
F4F3F2
F2F1F0
F0F0F0
F6F6F6
FFFFFF
FFFFFF
FFFFFF
FFFFFF
F8F6F7
ECEAEB
ECEAEB
F2F0F1
F5F1F2
EEEAEB
EDEBEC
FEFCFD
FFFFFF
FEFEFE
FEFEFE
FFFFFF
FFFFFF
FFFFFF
FFFFFF
FFFFFF
FFFFFF
FFFFFF
FFFFFF
FFFFFF
FFFFFF
FFFFFF
FFFFFF
FFFFFF
FFFFFF
FFFFFF
FFFFFF
F5F4F3
EDECEB
F4F3F2
F4F1F0
F4F1F0
F4F1F0
F4F1F0
F4F1F0
F4F1F0
F4F1F0
F3F0EF
F4F1F0
F4F1F0
F4F1F0
F1EEED
EAE9E8
E6E5E4
F7F6F5
FFFFFF
FEFFFD
FDFEFC
FEFFFD
FFFFFE
F5F1F2
E2DEDF
DEDADB
E4E0E1
E8E4E5
E8E4E5
E8E5E4
E8E5E4
E8E5E4
E8E5E4
E8E5E4
E8E5E4
E8E5E4
E8E5E4
E8E4E5
E8E4E5
EDE5E6
CBC3C4
A39193
B4A2A4
C8B7B4
C9B8B5
B69D9D
A68D8D
F4EBEA
FFFFFE
FFFEFD
FFFFFF
FFFEFF
F8F6F9
E7E8EF
D9DAE1
D3D7DF
D5D9E1
D2DCE2
D2DCE2
D5DAE0
DADFE5
C9C0C1
ACA3A4
C6B2B3
C5B1B2
C4B2B2
C4B2B2
C4B2B2
C5B3B3
C2B0B0
B2A0A0
B6A3A1
CBB8B6
9C9193
AEA3A5
E4E6E7
C5C7C8
736868
564B4B
665656
877777
8A7A7A
897979
8C7A7A
8C7A7A
7E7071
897B7C
BEB9B7
A8A3A1
877875
8A7B78
8A7A7A
8C7C7C
6F5D5F
625052
8C7A7C
7D6B6D
625052
645254
B9AEAE
FFFBFB
FCF4F3
FCF4F3
FDF2F2
FDF2F2
FFFDFF
A29DA5
253958
2F4362
2F4367
2F4367
2F4368
2F4368
2F4368
2F4368
2F4368
2F4368
2F4368
2F4368
2F4368
2F4368
2F4368
2F4368
2F4368
2F4368
2F4368
2F4368
2F4368
2F4368
2F4368
2F4368
2F4368
2F4368
2F4368
2F4368
2F4368
2F4368
2F4368
2F4368
2F4368
2F4368
2F4368
2F4368
2F4368
2F4368
2F4368
2F4368
2F4368
2F4368
2F4368
2F4368
2F4368
2F4368
2F4368
2F4368
2F4368
2F4368
2F4368
2F4368
2F4368
2F4368
2F4368
2F4368
2F4368
2F4368
2E4266
2C4064
424F64
6B788D
838792
7F838E
73777F
696D75
83848A
A3A4AA
B5B5B9
C8C8CC
E7E5E8
F6F4F7
F8F6F9
F5F3F6
F3F1F2
F2F0F1
F5F0F0
FAF5F5
DED0D1
897B7C
A69494
C7B5B5
C4B3B0
C4B3B0
C4B3B0
C4B3B0
C4B3B0
C4B3B0
C4B3B0
C4B3B0
C3B2AF
C4B3B0
C6AFAC
AE9794
AD8C8B
B49392
A28687
C3A7A8
C6B5B2
C4B3B0
C4B3B0
C4B3B0
C3B1B1
C7B5B5
BCAAAA
877575
8D7B7B
B9A7A7
CAB4B6
C7B1B3
B8A8A8
B8A8A8
D5CCC9
F6EDEA
FAF2F1
F7EFEE
F4F1F0
F1EEED
F0EDEC
F4F1F0
FFFFFF
FFFFFF
FFFFFF
FDFDFD
F1F1F1
EBEBEB
F2EEEF
F5F1F2
EDEBEC
EBE9EA
FAFAFA
FFFFFF
FEFEFE
FFFFFF
FFFFFF
FFFFFF
FFFFFF
FFFFFF
FFFFFF
FFFFFF
FFFFFF
FFFFFF
FFFFFF
FFFFFF
FFFFFF
FFFFFF
FFFFFF
FFFFFF
FFFFFE
FFFFFE
F2EFEE
EEEBEA
F7F4F3
F6F3F2
F4F1F0
F4F1F0
F4F1F0
F4F1F0
F3F0EF
F3F0EF
F4F1F0
F4F1F0
F4F1F0
F5F2F1
F4F1F0
ECE9E8
E5E4E3
F8F7F6
FFFFFF
FFFFFE
FDFFFD
FDFFFD
FFFFFF
FCFAFB
EBE7E8
DEDADB
E0DCDD
E6E2E3
E8E5E4
E7E4E3
E8E5E4
E8E5E4
E8E5E4
E8E5E4
E9E4E4
E9E4E4
E7E4E3
E7E4E3
E8E5E4
EBE8E7
E4D9D9
B1A6A6
A79394
C0ACAD
CAB5B4
B6A1A0
A39692
F6E9E5
FFFFFF
F6F5F4
E6E6EA
DCDCE0
D6D7DE
D7D8DF
D5DAE2
D5DAE2
D3DBE2
D3DBE2
D4DCE3
D3DBE2
DFDDE2
C2C0C5
B7A5A5
C9B7B7
C4B2B2
C5B3B3
C4B2B2
C3B1B1
C4B2B2
C5B3B3
B6A5A2
AB9A97
BBADB0
B1A3A6
C3C9CB
DCE2E4
D7D3D6
8C888B
5C4B48
6B5A57
877777
8B7B7B
897979
8A7A7A
8B7B7D
867678
7C7173
988D8F
958786
857776
8C7E7D
8A7C7B
8A7A7C
605052
736363
8F7F7F
756365
695759
EDE4E1
FFF7F4
FDF4F3
FDF4F3
FFF7F4
FFFEFB
A6ACBE
363C4E
2C4367
2D4468
2F4368
2F4368
2F4368
2F4368
2F4367
2F4367
2F4368
2F4368
2F4368
2F4368
2F4368
2F4368
2F4368
2F4368
2F4368
2F4368
2F4368
2F4368
2F4368
2F4368
2F4368
2F4368
2F4368
2F4368
2F4368
2F4368
2F4368
2F4368
2F4368
2F4368
2F4368
2F4368
2F4368
2F4368
2F4368
2F4368
2F4368
2F4368
2F4368
2F4368
2F4368
2F4368
2F4368
2F4368
2F4368
2F4368
2F4368
2F4368
2F4368
2F4368
2F4368
2F4368
2F4368
2F4368
2F4367
2F4367
2D446A
2D446A
2F405E
384967
697182
7E8697
808791
808791
7A818B
727983
70747F
6E727D
7C7D86
95969F
B6B5BD
D8D7DF
EDEDEF
F7F7F9
FAF7F6
F7F4F3
FDF4F3
E3DAD9
91827F
A79895
C8B7B4
C4B3B0
C4B3B0
C4B3B0
C4B3B0
C4B3B0
C4B3B0
C4B3B0
C2B3B0
C2B3B0
C6B3AF
C7B4B0
BEA3A0
AB908D
AE8F8F
A78888
C1AEAC
C6B3B1
C4B3B0
C4B3B0
C3B2AF
C4B3B0
C7B5B5
BCAAAA
8A7677
8B7778
B8A6A6
C7B5B5
C5B1B2
C4B0B1
B7A7A7
BAAAAA
D5CDCE
F5EDEE
F8F5F4
F5F2F1
F4F1F0
F1EEED
FFFFFF
FFFFFF
FFFFFF
FFFFFF
FFFFFF
F9F9F9
EEEEEE
EAEAEA
F1EFF0
EFEDEE
EBE9EA
F6F4F5
FFFFFF
FFFFFF
FFFFFF
FFFFFF
FFFFFF
FFFFFF
FFFFFF
FFFFFF
FFFFFF
FFFFFF
FFFFFF
FFFFFF
FEFFFF
FEFFFF
FFFFFF
FFFFFF
FFFFFF
F8F8F8
F2EFEE
F1EEED
EFECEB
F9F6F5
F7F4F3
F5F2F1
F5F2F1
F4F1F0
F4F1F0
F4F1F0
F4F1F0
F4F1F0
F4F1F0
F4F1F0
F4F1F0
F4F1F0
F1EEED
E8E5E4
F0EFEE
FDFCFB
FFFFFF
FEFEFE
FDFFFE
FEFFFF
FFFEFF
F6F4F5
E6E2E3
DEDADB
E2DEDF
E6E2E3
E8E4E5
E8E4E5
E8E5E4
E8E5E4
E8E5E4
E8E5E4
E8E5E4
E8E5E4
E8E5E4
E8E5E4
EBE6E6
ECE7E7
D3C3C3
AA9A9A
B2A19E
C7B6B3
BAA7A3
AF9C98
DAD6D7
E5E1E2
D6DAE0
D5D9DF
D5DAE0
D5DAE0
D5DAE2
D5DAE2
D5DAE2
D5DAE2
D5DAE2
D5DAE2
D6DBE1
D9DEE4
CBC0C2
B7ACAE
CDBBBB
C5B3B3
C4B2B2
C4B2B2
C4B2B2
C4B2B2
C6B4B4
BDABAB
A99799
AB999B
9F9DA0
D2D0D3
D9DEE4
D8DDE3
ADA2A2
675C5C
655353
847272
8B7B7B
8A7A7A
897B7C
897B7C
8A7C7D
827475
817372
746665
776767
867676
8D7D7F
867678
6A585C
877579
766668
B2A2A4
FFFEFD
FEF5F4
FFF7F4
FFFCF9
F7ECF7
A89DA8
364566
314061
2D4467
2D4467
2F4368
2F4368
2F4368
2F4368
2F4368
2F4368
2F4368
2F4368
2F4368
2F4368
2F4368
2F4368
2F4368
2F4368
2F4368
2F4368
2F4368
2F4368
2F4368
2F4368
2F4368
2F4368
2F4368
2F4368
2F4368
2F4368
2F4368
2F4368
2F4368
2F4368
2F4368
2F4368
2F4368
2F4368
2F4368
2F4368
2F4368
2F4368
2F4368
2F4368
2F4368
2F4368
2F4368
2F4368
2F4368
2F4368
2F4368
2F4368
2F4368
2F4368
2F4368
2F4368
2F4368
2F4368
2F4368
2F4368
2F4368
2F4368
2D4467
2B4265
384760
5A6982
7E8591
7F8692
7E858F
7F8690
818592
818592
7E818E
797C89
747482
747482
81818D
9E9EAA
C4C3CA
E4E3EA
F8F3F3
FFFDFD
F0E2E3
9B8D8E
AD9C99
C6B5B2
C4B2B2
C4B2B2
C4B2B2
C4B2B2
C4B3B0
C4B3B0
C4B3B0
C4B3B0
C4B3AE
C4B3AE
C7B4B0
C1AEAA
B59797
A88A8A
A38E8D
C6B1B0
C4B3B0
C4B3B0
C4B3B0
C4B3B0
C3B1B1
C6B4B4
BCAAAA
887676
8B7778
B8A4A5
C8B4B5
C5B1B2
C5B4B1
C1B0AD
B4A4A6
B9A9AB
D3CECE
F3EEEE
F9F6F5
F4F1F0
FFFFFF
FFFFFF
FFFFFF
FFFFFF
FFFFFF
FFFFFF
FEFEFE
F6F6F6
ECEAEB
EDEBEC
F1EFF0
EBE9EA
F0EEEF
FEFCFD
FFFFFF
FFFFFF
FFFFFF
FFFFFF
FFFFFF
FFFFFF
FFFFFF
FFFFFF
FFFFFF
FFFFFF
FFFFFF
FFFFFF
FFFFFF
FFFFFF
FDFBFC
EFEDEE
F2EEEF
F4F0F1
F2EEEF
EDE9EA
F8F5F4
F8F5F4
F5F2F1
F4F1F0
F4F1F0
F4F1F0
F4F1F0
F4F1F0
F4F1F0
F4F1F0
F4F1F0
F4F1F0
F4F1F0
F3F0EF
EBEAE9
ECEBEA
F5F3F4
FEFCFD
FFFFFF
FFFFFF
FEFEFE
FFFFFF
FEFEFE
F3F3F3
E7E5E6
E0DEDF
E2DEDF
E5E1E2
E7E4E3
E7E4E3
E8E5E4
E8E5E4
E7E4E3
E8E5E4
E8E5E4
E8E5E4
E8E5E4
E9E6E5
EDE8E8
E7E2E2
D1C3C4
AA9C9D
BEA8AA
C0AAAC
A29998
CDC4C3
DADFE5
D6DBE1
D3DBE2
D3DBE2
D5DAE2
D5DAE2
D5DAE2
D5DAE2
D5DAE2
D5DAE2
D3DBE2
D4DCE3
DEDBE3
C6C3CB
B9A9A9
D0C0C0
C5B3B3
C2B0B0
C4B2B2
C4B2B2
C4B0B1
C6B2B3
C5B1B2
B4A0A1
94898B
9E9395
D5DADF
D8DDE2
DDDEE4
C3C4CA
827475
5F5152
796A67
8B7C79
8A7C7D
897B7C
897B7C
87797A
8A7A7C
8A7A7C
837375
7B6B6D
7F6D6F
897779
8B777A
826E71
897B7C
FCEEEF
FFF9FA
FFFBFC
F8E9F0
BBACB3
595D7A
353956
2F4267
304368
2F4367
2F4367
2F4368
2F4368
2F4368
2F4368
2F4368
2F4368
2F4368
2F4368
2F4368
2F4368
2F4368
2F4368
2F4368
2F4368
2F4368
2F4368
2F4368
2F4368
2F4368
2F4368
2F4368
2F4368
2F4368
2F4368
2F4368
2F4368
2F4368
2F4368
2F4368
2F4368
2F4368
2F4368
2F4368
2F4368
2F4368
2F4368
2F4368
2F4368
2F4368
2F4368
2F4368
2F4368
2F4368
2F4368
2F4368
2F4368
2F4368
2F4368
2F4368
2F4368
2F4368
2F4368
2F4368
2F4368
2F4368
2F4368
2F4368
2F4368
2F4368
2F4368
2E4263
2E4263
556076
758096
7D8692
7E8793
808696
808696
828596
828596
838694
838694
7F8192
757788
717481
777A87
949297
BBB9BE
E2D9DC
E8DFE2
B1A1A3
B0A0A2
C7B3B4
C5B1B2
C4B2B2
C4B2B2
C4B3B0
C4B3B0
C4B3B0
C4B3B0
C4B3B0
C4B3B0
C4B3B0
C5B4B1
C8B1AE
BDA6A3
A7908F
AC9594
C4B3B0
C4B3B0
C3B2AF
C4B3B0
C3B1B1
C2B0B0
C7B3B4
BDA9AA
8C7879
887475
B39FA0
C8B4B5
C5B2B0
C5B2B0
C5B4B1
C3B2AF
B4A9A7
B6ABA9
D5CDCC
F3EBEA
FFFFFF
FFFFFF
FFFFFF
FFFFFF
FFFFFF
FEFEFE
FEFEFE
FFFFFF
FEFEFE
F5F5F5
EEECED
EEECED
EBE9EA
ECEAEB
F9F7F8
FFFEFF
FFFFFF
FFFFFF
FFFFFF
FFFFFF
FFFFFF
FFFFFF
FFFFFF
FFFFFF
FFFFFF
FFFFFF
FFFFFF
FDFDFD
F1EFF0
F0EEEF
F3EFF0
F3EFF0
F2F0F1
EEECED
EDEAE9
F7F4F3
F9F6F5
F6F3F2
F4F1F0
F4F1F0
F4F1F0
F4F1F0
F4F1F0
F4F1F0
F4F1F0
F4F1F0
F4F1F0
F3F0EF
F5F2F1
F4F1F0
EDEBEC
EDEBEC
F7F7F7
FFFFFF
FFFFFF
FDFDFD
FFFFFF
FFFFFF
FFFFFF
FAFAFA
F5F3F4
EFEDEE
EBE8E7
E8E5E4
E7E4E3
E6E3E2
E6E3E2
E7E4E3
E8E4E5
E8E4E5
E4E4E6
E2E2E4
DCDCDE
DEDEE0
E7E3E6
D6D2D5
B7A9AC
AC9EA1
BBACA9
A99A97
BBBBBD
E1E1E3
DADFE7
D7DCE4
D5DDE4
D4DCE3
D4DCE3
D4DCE3
D4DCE3
D3DBE2
D3DBE2
D3DBE2
D7DBE1
DDE1E7
B8A8AA
B4A4A6
D3C3C3
C7B7B7
C0B0B0
C1B1B1
C4B2B2
C4B2B2
C4B2B2
C6B4B4
C1AFAF
9B8989
999798
D3D1D2
D8E0E7
D8E0E7
DAD8DB
A5A3A6
68585C
68585C
847476
8D7D7F
8B7B7D
8A7A7C
8A7A7C
8A7A7C
8B7B7D
8B7B7D
88787A
867678
8B7B7D
7B6B6D
DACDC7
FFFFFB
EBDDE0
AFA1A4
5C5D78
393A55
273F5F
2D4565
2F4465
2F4465
304367
304367
2F4368
2F4368
2F4368
2F4368
2F4368
2F4368
2F4368
2F4368
2F4368
2F4368
2F4368
2F4368
2F4368
2F4368
2F4368
2F4368
2F4368
2F4368
2F4368
2F4368
2F4368
2F4368
2F4368
2F4368
2F4368
2F4368
2F4368
2D4166
2E4267
2F4368
2F4368
2F4368
2F4368
2F4368
2F4368
2F4368
2F4368
2F4368
2F4368
2F4368
2F4368
2F4368
2F4368
2F4368
2F4368
2F4368
2F4368
2F4368
2F4368
2F4368
2F4368
2F4368
2F4368
2F4368
2F4368
2F4368
2F4368
2F4368
2F4368
2F4368
2D4468
2C4367
2E4263
394D6E
455570
4B5B76
52617A
5A6982
646F85
6A758B
727A90
777F95
7D8395
818799
838999
808696
7C808D
767A87
797880
87868E
A0979C
948B90
A49498
C1B1B5
C4B2B2
C4B2B2
C4B3B0
C4B3B0
C4B3B0
C4B3B0
C4B3B0
C4B3B0
C4B3B0
C4B3B0
C5B2B0
C7B4B2
C4AFAE
B09B9A
AC9997
C3B0AE
C4B3B0
C4B3B0
C4B2B2
C4B2B2
C4B0B1
C7B3B4
C1ADAE
998586
857172
AB9798
C7B3B4
C6B2B3
C5B2B0
C5B2B0
C7B3B4
C4B0B1
B8A6A8
BAA8AA
FFFFFF
FFFFFF
FFFFFF
FFFFFF
FFFFFF
FFFFFF
FFFFFF
FFFFFF
FEFEFE
FFFFFF
FEFEFE
F6F6F6
EEECED
ECEAEB
EAE8E9
F3F1F2
FDFDFD
FFFFFF
FFFFFF
FFFFFF
FFFFFF
FFFFFF
FFFFFF
FFFFFF
FFFFFF
FFFFFF
FEFEFE
F0F0F0
EEECED
F1EFF0
F3EFF0
F3EFF0
F2F0F1
F2F0F1
F2EEEF
EDE9EA
F5F1F2
FAF6F7
F8F5F4
F5F2F1
F4F1F0
F4F1F0
F4F1F0
F4F1F0
F4F1F0
F4F1F0
F4F1F0
F4F1F0
F3F0EF
F4F1F0
F5F1F2
F3EFF0
EBE9EA
EFEDEE
F9F9F9
FFFFFF
FEFFFF
FDFFFE
FFFFFF
FFFFFF
FFFFFF
FFFFFF
FEFCFD
FBF9FA
FAF8F9
F9F7F8
F0EEEF
E2E0E1
DEDCDF
DFDDE0
DEDEE2
E1E1E5
E2E3E9
E4E5EB
E0E5EB
E2E7ED
E7E6ED
CAC9D0
B2A0A2
B6A4A6
A79E9F
B7AEAF
D8DDE3
E1E6EC
D9E1E8
D8E0E7
D7DFE6
D6DEE5
D5DDE4
D5DDE4
D5DDE4
D5DDE4
DFDEE5
C2C1C8
BDADAF
BBABAD
B2A2A2
D6C6C6
CCBCBC
C1B1B1
C3B1B1
C4B2B2
C4B2B2
C4B2B2
C4B3B0
C8B7B4
B0A2A1
A49695
B7BBC0
D4D8DD
D7DFE6
D8E0E7
CFCBD0
938F94
756567
736365
7E6E70
867678
89797B
8A7A7C
89797B
8B7B7D
8D7D7F
8E7E80
836F74
AC989D
D6C9D7
8C7F8D
4B516D
3C425E
293C68
2D406C
2E4267
2E4267
2F4364
304465
2F4465
2F4465
2F4368
2F4368
2F4368
2F4368
2F4368
2F4368
2F4368
2F4368
2F4368
2F4368
2F4368
2F4368
2F4368
2F4368
2F4368
2F4368
2F4368
2F4368
2F4368
2F4368
2F4368
2F4368
2F4368
2F4368
2F4368
2F4368
2E4267
304469
2F4368
2E4267
2F4368
2F4368
2F4368
2F4368
2F4368
2F4368
2F4368
2F4368
2F4368
2F4368
2F4368
2F4368
2F4368
2F4368
2F4368
2F4368
2F4368
2F4368
2F4368
2F4368
2F4368
2F4368
2F4368
2F4368
2F4368
2F4368
2F4368
2F4368
2F4368
2F4368
2F4368
2F4368
2F4368
2D4166
2C4067
2C4067
2C4065
2D4166
2F4266
314468
374868
3A4B6B
44536F
4D5C78
57637D
616D87
6A748F
727C97
7A8295
7C8497
80808C
7E7E8A
796F74
887E83
C1AEAC
C7B4B2
C4B3B0
C4B3B0
C4B3B0
C4B3B0
C4B3B0
C4B3B0
C4B3B0
C4B3B0
C4B3B0
C4B3B0
C6B3B1
C7B4B2
BBA8A6
B7A4A2
C3B2AF
C6B5B2
C4B2B2
C4B2B2
C5B1B2
C5B1B2
C6B2B3
C6B2B3
A69293
857172
A89495
C7B3B4
C5B3B3
C4B2B2
C4B0B1
C4B0B1
C5B3B3
C1AFAF
FFFFFF
FFFFFF
FFFFFF
FFFFFF
FFFFFF
FFFFFF
FFFFFF
FFFFFF
FFFFFF
FEFEFE
FFFFFF
FFFFFF
FDFDFD
F6F6F6
EFEFEF
E8E8E8
E9E7E8
F3F1F2
FEFEFE
FFFFFF
FFFFFE
FEFFFD
FEFFFD
FEFFFD
FEFFFD
FFFFFE
F5F4F3
EEEDEC
F2F1F0
F1F0EF
F2F1F0
F2F1F0
F1F0EF
F1F0EF
F3F2F1
EFEEED
EDEAE9
F4F1F0
F7F5F6
F5F3F4
F4F2F3
F3F1F2
F4F0F1
F4F0F1
F4F0F1
F4F0F1
F3EFF0
F4F0F1
F4F0F1
F4F0F1
F4F0F1
F4F0F1
F4F0F1
EFEBEC
EBE9EA
F0EEEF
FBF9FA
FFFEFF
FFFFFF
FFFFFF
FEFFFF
FEFFFF
FDFDFD
FFFFFF
FDFDFF
F1F1F3
E4E6E9
E2E4E7
E1E6E8
E3E8EA
E2E6EB
E2E6EB
E2E6EC
E2E6EC
E2E6EC
E2E6EC
E1E5EB
E5E9EF
E5E2EA
C8C5CD
B1A6A6
A19696
A69D9E
D6CDCE
E6EBF1
E2E7ED
DEE3E9
DDE2E8
D9E1E8
D9E1E8
D9E1E6
DBE3E8
D4CACD
B1A7AA
C3B4B1
C5B6B3
BAABA8
AFA09D
D4C6C5
D2C4C3
C3B5B4
BFB1B0
C2B3B0
C3B4B1
C4B3B0
C3B2AF
C6B5B2
C5B4B1
AFA4A4
A99E9E
BEBFC5
D8D9DF
DADFE7
DCE1E9
D2D2D6
B5B5B9
A59CA1
91888D
8B7C81
8B7C81
8A7A7C
827274
7D6F70
7C6E6F
5E5866
6E6876
4F6286
495C80
3F6190
3C5E8D
375989
335585
314D7E
2E4A7B
2F4972
2C466F
2C456A
2C456A
2E4266
2E4266
2F4367
304468
304468
304468
2F4368
2F4368
2F4368
2F4368
2F4367
2F4367
2F4367
2F4367
2F4368
2F4368
2F4368
2F4368
2F4368
2F4368
2F4368
2F4368
2F4368
2F4368
2B4466
2F486A
3D5879
466182
425D7E
355071
2D4467
2D4467
2E4568
2D4467
2F4368
2F4368
2F4368
2F4368
2F4368
2F4368
2F4368
2F4368
2F4368
2F4368
2F4368
2F4368
2F4368
2F4368
2F4368
2F4368
2F4368
2F4368
2F4368
2F4368
2F4368
2F4368
2F4368
2F4368
2F4368
2F4368
2F4368
2F4368
2F4368
2F4368
304368
304368
2A4165
294064
284068
294169
294265
294265
2A4165
294064
294064
2A4165
2F4367
33476B
3A4E6D
435776
51617A
5D6D86
727985
747B87
948484
B6A6A6
C9B6B2
C5B2AE
C5B1B2
C5B1B2
C4B3B0
C4B3B0
C4B3B0
C4B3B0
C2B3B0
C2B3B0
C3B2AF
C4B3B0
C5B4B1
B9A8A5
B4A19F
BCA9A7
C4B0B1
C7B3B4
C4B2B2
C3B1B1
C4B2B2
C4B2B2
C7B5B5
B2A0A0
8D7B7B
9E8C8C
C4B0B1
C6B2B3
C3B1B1
C4B2B2
C4B2B2
C4B2B2
FFFFFF
FFFFFF
FFFFFF
FFFFFF
FFFFFF
FFFFFF
FFFFFF
FFFFFF
FFFFFF
FFFFFF
FFFFFF
FFFFFF
FEFEFE
FFFFFF
FFFFFF
FAFAFA
F1EFF0
E8E6E7
ECEAEB
F7F5F6
FDFEFC
FFFFFF
FFFFFE
FEFFFD
FFFFFE
F4F5F3
EEEDEC
F2F1F0
F2F1F0
F2F1F0
F1F0EF
F2F1F0
F2F1F0
F2F1F0
F1F0EF
F2F1F0
F0EFEE
EBEAE9
F1EFF0
F8F6F7
F7F5F6
F5F3F4
F5F1F2
F4F0F1
F4F0F1
F3EFF0
F4F0F1
F4F0F1
F4F0F1
F4F0F1
F4F0F1
F4F0F1
F4F0F1
F4F0F1
F1EFF0
EEECED
EBE9EA
F2F0F1
FCFAFB
FFFEFF
FFFFFF
FFFFFF
FFFFFF
F9F9F9
E5E7EA
E0E2E5
E1E5EA
E2E6EB
E2E6EB
E2E6EB
E2E6EC
E2E6EC
E2E6EC
E2E6EC
E2E6EC
E2E6EC
E2E6EC
E2E6EC
E2E6EC
E5E9EF
E4E1E9
CAC7CF
AEA4A7
968C8F
AFA6AB
DFD6DB
E5EAF0
E1E6EC
DDE5EC
DEE6ED
E5E6EC
D7D8DE
B5A7A8
C0B2B3
C4B3B0
C3B2AF
C7B6B3
BEADAA
AC9A9A
D2C0C0
D8CAC9
C8BAB9
C2B3B0
C2B3B0
C4B3B0
C4B3B0
C4B3B0
C4B3B0
C5B3B3
C2B0B0
ACA1A3
ABA0A2
C3C4CA
DADBE1
D7DFE6
D7DFE6
DDDEE7
DCDDE6
D9D8E2
B1B0BA
737683
626572
686D84
71768D
6F7E9D
707F9E
6C83A6
6C83A6
6B84A6
6A83A5
6581A8
627EA5
5878A8
5171A1
476DA0
3F6598
395D91
32568A
32527F
2C4C79
2F486D
2C456A
2E4269
2F436A
2E4267
2F4368
2F4367
2F4367
304368
304368
2F436A
2F436A
2F4368
2F4368
2F4368
2F4368
2F4368
2F4368
2F4368
2F4368
2F4368
2F4368
294465
456081
6083A2
6487A6
597898
496888
375072
2C4567
2D4467
2D4467
2F4368
2F4368
2F4368
2F4368
2F4368
2F4368
2F4368
2F4368
2F4368
2F4368
2F4368
2F4368
2F4368
2F4368
2F4368
2F4368
2F4368
2F4368
2F4368
2F4368
2F4368
2F4368
2F4368
2F4368
2F4368
2F4368
2F4368
2F4368
2F4368
2F4368
2D4064
304367
576782
5E6E89
505F78
485770
445573
3F506E
36496D
34476B
314468
2D4064
2A3E62
283C60
283B60
273A5F
283B60
293C61
2E4261
354968
4D4C5E
5E5D6F
A38B8D
C7AFB1
C5B4AF
C5B4AF
C2B2B2
C2B2B2
C4B3B0
C4B3B0
C5B2B0
C5B2B0
C4B3B0
C4B3B0
C5B4B1
C4B3B0
C1B0AD
B5A4A1
B2A0A0
BBA9A9
C0AEAE
C4B2B2
C5B3B3
C4B2B2
C2B2B2
C4B4B4
BDABAB
978585
948081
BDA9AA
C7B5B5
C4B2B2
C4B2B2
C4B2B2
FFFFFF
FFFFFF
FFFFFF
FFFFFF
FFFFFF
FFFFFF
FFFFFF
FFFFFF
FFFFFF
FFFFFF
FFFFFF
FFFFFF
FFFFFF
FFFFFF
FFFFFF
FFFFFF
FFFFFF
FEFEFE
F9F7F8
F0EEEF
EDECEB
F2F1F0
F9FAF8
FEFFFD
F5F4F3
EFEEED
F2F1F0
F3F2F1
F2F1F0
F2F1F0
F1F0EF
F1F0EF
F1F0EF
F1F0EF
F1F0EF
EEEDEC
F2F1F0
FDFCFB
F3F1F2
F0EEEF
F8F6F7
F7F5F6
F6F4F5
F4F2F3
F4F0F1
F4F0F1
F4F0F1
F3EFF0
F4F0F1
F4F0F1
F4F0F1
F4F0F1
F4F0F1
F4F0F1
F4F0F1
F4F0F1
F1EFF0
EDEBEC
EBE9EA
F2F0F1
FBFBFB
FFFFFF
F3F3F5
E2E2E4
E0E4E9
E2E6EB
E2E6EC
E2E6EC
E2E6EC
E2E6EC
E2E6EC
E2E6EC
E2E6EC
E2E6EC
E2E6EC
E2E6EC
E2E6EC
E2E6EC
E2E6EC
E2E6EC
E1E6EE
E4E9F1
E7E5EA
D5D3D8
B4AAAF
9C9297
B4B0B5
D9D5DA
E7E9EC
ECEEF1
E1DBDF
B0AAAE
C2B0B0
C6B4B4
C5B2B0
C5B2B0
C6B3B1
C9B6B4
BBA9A9
A89696
CABCBB
DCCECD
CFC0BD
C4B5B2
C0B1AE
C1B2AF
C4B3B0
C4B3B0
C3B2AF
C4B3B0
C8B5B3
C0ADAB
A99EA0
B0A5A7
C6C7CE
D8D9E0
D9DCE9
D4D7E4
929DB2
697489
6A7F99
7287A1
7186A7
7085A6
6D84A7
6C83A6
6F83A2
6F83A2
6F849E
6F849E
6E83A2
6F84A3
6D84A7
6D84A7
6D84A8
6C83A7
6681A5
627DA1
5777A4
50709D
46679E
3D5E95
345487
2A4A7D
2C4670
2B456F
31456C
30446B
304367
304367
2F4368
2F4368
2F4368
2F4368
2F4368
2F4368
2F4368
2F4368
2F4368
2F4368
2F4368
2F4368
294465
4D6889
6791AD
6892AE
6A8DAC
587B9A
476082
2D4668
2C4366
2D4467
2F4368
2F4368
2F4368
2F4368
2F4368
2F4368
2F4368
2F4368
2F4368
2F4368
2F4368
2F4368
2F4368
2F4368
2F4368
2F4368
2F4368
2F4368
2F4368
2F4368
2F4368
2F4368
2F4368
2F4368
2F4368
2F4368
2F4368
2F4368
2F4368
2F4368
2F4364
304465
465570
73829D
A9B5C5
C2CEDE
BCCED7
B3C5CE
ABBEC7
A7BAC3
A1B4BD
96A9B2
899BAB
7F91A1
76879D
64758B
53667B
506378
445970
394E65
374763
2D3D59
413A44
766F79
B5A19A
C2AEA7
C5B4AF
C5B4AF
C2B3B0
C2B3B0
C4B3B0
C4B3B0
C4B3B0
C4B3B0
C4B3B0
C3B2AF
C4B3B0
C5B4B1
C0AFAC
B5A4A1
BBA9A9
BFADAD
BAAAAA
C1B1B1
C3B3B3
C2B2B2
C5B3B3
C6B4B4
A99596
927E7F
B19F9F
C7B5B5
C5B3B3
C4B2B2
FFFFFF
FFFFFF
FFFFFF
FFFFFF
FFFFFF
FFFFFF
FFFFFF
FFFFFF
FFFFFF
FFFFFF
FFFFFF
FFFFFF
FFFFFF
FFFFFF
FFFFFF
FFFFFF
FFFFFF
FFFFFF
FFFFFF
FFFEFF
FEFDFC
F8F7F6
F2F1F0
E8E7E6
E8E5E4
EEEBEA
F3F0EF
F4F1F0
F1F0EF
F2F1F0
F2F1F0
F2F1F0
F2F1F0
F1F0EF
EDECEB
ECEBEA
FBFCFA
FFFFFE
FFFDFE
F4F2F3
EDEBEC
F7F5F6
F7F5F6
F6F4F5
F5F3F4
F3F1F2
F4F0F1
F4F0F1
F5F1F2
F2EEEF
F4F0F1
F4F0F1
F4F0F1
F4F0F1
F4F0F1
F4F0F1
F4F0F1
F4F0F1
F1EFF0
EEECED
ECEAEB
EDEBEC
E1E3E6
E3E5E8
E2E6EB
E2E6EB
E2E6EC
E2E6EC
E2E6EC
E2E6EC
E2E6EC
E2E6EC
E2E6EC
E2E6EC
E2E6EC
E2E6EC
E2E6EC
E2E6EC
E2E6EC
E2E6EC
E2E6EC
E2E6EC
E2E6EB
E4E8ED
E9EAF0
E0E1E7
CBC2C7
B2A9AE
B9B0B3
C4BBBE
AA9C9D
BAACAD
C6B3B1
C6B3B1
C7B2B1
C6B1B0
C8B2B4
BCA6A8
B5ACAB
F5ECEB
C9C0BF
BEB5B4
DBCDCC
D5C7C6
C8BAB9
BFB1B0
C0B1AE
C2B3B0
C4B3B0
C4B3B0
C4B3AE
C4B3AE
C7B4B2
C0ADAB
AA9FA1
B3A8AA
BDC0CD
868996
667795
7283A1
6F84A5
6E83A4
6C84A4
6C84A4
6F83A2
6F83A2
6F83A0
6F83A0
6C84A2
6C84A2
6C84A2
6C84A2
6F83A0
6F83A0
6F83A0
6F83A0
6F84A3
6F84A3
6E86A4
6D85A3
6885A6
607D9E
5E799D
748FB3
6E87A9
536C8E
374F77
2F476F
2E4568
2B4265
2D4165
2F4367
2F4368
2F4368
2F4368
2F4368
2F4368
2F4368
2F4368
2F4368
2F4368
2F4368
2A4365
395274
6287A5
6D92B0
6A8FAD
668BA9
526D8E
324D6E
2C4366
2D4467
2F4368
2F4368
2F4368
2F4368
2F4368
2F4368
2F4368
2F4368
2F4368
2F4368
2F4368
2F4368
2F4368
2F4368
2F4368
2F4368
2F4368
2F4368
2F4368
2F4368
2F4368
2F4368
2F4368
2F4368
2F4368
2F4368
2F4368
2F4368
2F4368
2F4368
304367
304367
2E4165
2B3E62
3B4B64
697992
A4B7BF
C5D8E0
C5DBDD
C3D9DB
C3D9D9
C4DADA
C6DADA
C6DADA
C7DBDC
C4D8D9
C1D3D9
BFD1D7
B8CBCE
B4C7CA
AEC1C7
9AADB3
838A97
69707D
8C6F73
A78A8E
BB9E9A
C7AAA6
C5B4AF
C5B4AF
C2B3B0
C2B3B0
C4B3B0
C4B3B0
C4B3B0
C4B3B0
C4B3B0
C4B3B0
C5B4B1
C5B4B1
B9A9A9
BFAFAF
CBBBBB
BAAAAA
B7A7A7
C0B0B0
C5B3B3
C4B2B2
C8B4B5
BDA9AA
9D8B8B
A59393
C2B0B0
C7B5B5
FFFFFF
FFFFFF
FFFFFF
FFFFFF
FFFFFF
FFFFFF
FFFFFF
FFFFFF
FFFFFF
FFFFFF
FFFFFF
FFFFFF
FFFFFF
FFFFFF
FFFFFF
FFFFFF
FFFFFF
FFFFFF
FFFFFF
FEFEFE
FFFFFE
FFFFFE
F6F3F2
F1EEED
F3EEEE
EEE9E9
EBE8E7
ECE9E8
ECEBEA
ECEBEA
EFEEED
F1F0EF
F0EFEE
EDECEB
EDECEB
F9F8F7
FFFFFE
FEFFFD
FFFFFF
FFFFFF
F8F4F5
EFEBEC
F5F3F4
F8F6F7
F6F4F5
F6F4F5
F6F2F3
F5F1F2
F4F0F1
F0ECED
F3EFF0
F4F0F1
F4F0F1
F4F0F1
F4F0F1
F4F0F1
F4F0F1
F4F0F1
F4F0F1
F4F0F1
EEECEF
E1DFE2
E1E5EB
E2E6EC
E2E6EB
E2E6EB
E2E6EB
E2E6EB
E2E6EC
E2E6EC
E2E6EC
E2E6EC
E2E6EC
E2E6EC
E2E6EC
E2E6EC
E2E6EC
E2E6EC
E4E5EB
E4E5EB
E2E6EC
E2E6EC
E2E6EC
E2E6EC
E1E6EC
E2E7ED
E7E8EE
EBECF2
D9C8D0
A08F97
A59192
A79394
A99895
B3A29F
C3AEAD
C6B1B0
B5A1A2
B09C9D
EDEAE7
FFFFFF
FFFFFF
D0CDCC
BAACAD
D9CBCC
DCCECD
D1C3C2
C5B6B3
C0B1AE
C4B3B0
C4B3B0
C4B3B0
C4B3B0
C3B4B1
C3B4B1
C7B6B3
C0AFAC
70768A
72788C
6E83A2
6E83A2
6E83A4
6E83A4
6E83A4
6E83A4
6E83A4
6E83A4
6E83A2
6E83A2
6E83A2
6E83A2
6E83A2
6E83A2
6C84A2
6C84A2
6C84A2
6C84A2
6E83A2
6E83A2
6E83A2
6E83A2
727A90
929AB0
DBE0E2
FDFFFF
FBFFFF
E9F3FC
B1CBE6
7993AE
425D8A
405B88
3D5176
2F4368
2C4065
2D4166
2F4368
2F4368
2F4368
2F4368
2F4368
2F4368
2F4368
2F4368
2C4366
2C4366
3C5B7B
6887A7
6890AD
658DAA
536E8F
314C6D
2E4266
2F4367
2F4368
2F4368
2F4368
2F4368
2F4368
2F4368
2F4368
2F4368
2F4368
2F4368
2F4368
2F4368
2F4368
2F4368
2F4368
2F4368
2F4368
2F4368
2F4368
2F4368
2F4368
2F4368
2F4368
2F4368
2F4368
2F4368
2F4368
2F4368
2F4368
2F4368
2D446A
2D446A
2D446A
2C4369
2D4065
2A3D62
304358
617489
B2C5C8
C8DBDE
C3D6D7
C2D5D6
C0D6D6
BFD5D5
BFD5D4
BFD5D4
C1D5D5
C2D6D6
C5D8D8
C6D9D9
C6D9DA
C7DADB
C3DCE2
BFD8DE
C0C9CA
A6AFB0
A98C8A
B29593
B79F9B
C2AAA6
C5B4B1
C5B4B1
C4B3B0
C4B3B0
C4B3B0
C4B3B0
C4B3B0
C4B3B0
C4B3B0
C4B3B0
C3B3B3
BCACAC
BEAEAE
DFCFCF
D5C7C6
B3A5A4
B7A7A7
C1B1B1
C5B1B2
C6B2B3
C5B3B3
AD9B9B
9C8A8A
B3A1A1
FFFFFF
FFFFFF
FFFFFF
FFFFFF
FFFFFF
FFFFFF
FFFFFF
FFFFFF
FFFFFF
FFFFFF
FFFFFF
FFFFFF
FFFFFF
FFFFFF
FFFFFF
FFFFFF
FFFFFF
FFFFFF
FFFFFF
FFFFFF
FEFDFC
F2F1F0
F1EEED
F5F2F1
F4F1F0
F5F2F1
F4F1F0
F3F0EF
F3F0EF
F3F0EF
F3F0EF
EFECEB
EDECEB
EFEEED
F5F6F4
FFFFFE
FFFFFE
FEFFFD
FEFFFF
FEFFFF
FFFFFF
F9F7F8
ECEAEB
F3F1F2
F8F6F7
F7F5F6
F6F4F5
F5F3F4
F5F1F2
F4F0F1
F4F0F1
F4F0F1
F2F0F1
F2F0F1
F4F1F0
F4F1F0
F4F1F0
F4F1F0
F2EEEF
F3EFF0
E4E3EA
E3E2E9
E2E6EC
E2E6EC
E2E6EC
E2E6EC
E2E6EC
E2E6EC
E2E6EC
E2E6EC
E2E6EC
E2E6EC
E2E6EC
E2E6EC
E2E6EC
E2E6EC
E2E6EC
E2E6EC
E2E6EC
E2E6EC
E2E6EC
E2E6EC
E2E6EC
E2E6EC
E1E6EC
E1E6EC
EAE8ED
D0CED3
B8A6AA
C4B2B6
C7B6B3
C3B2AF
C0AEAE
C0AEAE
C0A8AA
B69EA0
AD9FA0
E4D6D7
FFFFFF
FDFEFC
FEFFFE
FFFFFF
E2D9DA
B5ACAD
D7CCCC
DDD2D2
D6C8C7
C9BBBA
C2B2B2
C0B0B0
C5B1B2
C5B1B2
C4B3B0
C4B3B0
C2B8BB
9C9295
687D96
70859E
6E83A2
6E83A2
6E83A2
6E83A2
6E83A2
6E83A2
6E83A2
6E83A2
6E83A2
6E83A2
6E83A2
6E83A2
6E83A2
6E83A2
6E83A2
6E83A2
6E83A2
6E83A2
6E83A2
6E83A2
6C7E98
6F819B
B5B9C1
F7FBFF
FFFFFF
FFFFFF
F9F8FF
F6F5FC
FFFFFF
FFFFFF
B1CFF8
5977A0
6781A8
617BA2
4E6283
394D6E
2E4364
2D4263
2F4367
2F4367
2F4368
2F4368
2F4368
2F4368
2D4467
2C4366
294465
3C5778
537594
507291
3E5779
2E4769
2F4367
2F4367
2F4368
2F4368
2F4368
2F4368
2F4368
2F4368
2F4368
2F4368
2F4368
2F4368
2F4368
2F4368
2F4368
2F4368
2F4368
2F4368
2F4368
2F4368
2F4368
2F4368
2F4368
2F4368
2F4368
2F4368
2F4368
2F4368
2F4368
2F4368
2F4368
2F4368
2F4368
2F4368
2F4368
2F4368
2F4368
2F4368
2E4364
273C5D
405260
899BA9
B7C7C9
C1D1D3
C8D4D2
C7D3D1
C4D0CE
C1CDCB
BBC9CB
B9C7C9
B5C0C3
B4BFC2
B4BFC3
B6C1C5
B4C4C6
B6C6C8
B7CACB
B9CCCD
BBB0B2
9D9294
AF8E8D
B69594
B79E9C
C3AAA8
C5B4B1
C5B4B1
C3B2AF
C4B3B0
C4B3B0
C4B3B0
C4B3B0
C4B3B0
C4B2B2
C5B3B3
BFAFAF
B3A3A3
D6CDCA
F5ECE9
CFC6C3
B0A7A4
B7A5A5
C2B0B0
C5B3B3
C7B5B5
BFADAD
A39191
FFFFFF
FFFFFF
FFFFFF
FFFFFF
FFFFFF
FFFFFF
FFFFFF
FFFFFF
FFFFFF
FFFFFF
FFFFFF
FFFFFF
FFFFFF
FFFFFF
FFFFFF
FFFFFF
FFFFFF
FFFFFF
FFFFFF
FEFCFD
F1F0EF
EFEEED
F4F1F0
F3F0EF
F4F1F0
F4F1F0
F3F0EF
F3F0EF
F3F0EF
F3F0EF
EEEBEA
F1EEED
F2F1F0
F0EFEE
FDFEFC
FEFFFD
FEFFFD
FEFFFD
FEFEFE
FEFEFE
FEFEFE
FFFFFF
FCFAFB
EDEBEC
F2F0F1
F8F6F7
F7F5F6
F6F4F5
F6F4F5
F4F2F3
F4F0F1
F4F0F1
F2F0F1
F2F0F1
F4F1F0
F4F1F0
F4F1F0
F3F0EF
F0EEEF
E8E6E7
E1E2E8
E4E5EB
E2E6EC
E2E6EC
E2E6EC
E2E6EC
E2E6EC
E2E6EC
E2E6EC
E2E6EC
E2E6EC
E2E6EC
E2E6EC
E2E6EC
E2E6EC
E2E6EC
E2E6EC
E2E6EC
E2E6EC
E2E6EC
E2E6EC
E2E6EC
E2E6EC
E2E6EC
E4E5EB
E7E8EE
D4CACF
B0A6AB
C2B0B2
C5B3B5
C4B2B2
C4B2B2
C7B1B3
BBA5A7
B5A1A2
BDA9AA
CBC2C3
FFFEFF
FFFFFF
FAFAFA
F1F3F4
EEF0F1
F7F5F8
E1DFE2
B8AAAD
CFC1C4
DFD1D0
DACCCB
D3C5C4
C7B9B8
C2B0B0
C3B1B1
C5B2B0
C7B4B2
AAAAB6
757581
6E83A0
6E83A0
6E83A2
6E83A2
6E83A2
6E83A2
6E83A2
6E83A2
6E83A2
6E83A2
6E83A2
6E83A2
6E83A2
6E83A2
6E83A2
6E83A2
6F83A4
6F83A4
6E83A4
6E83A4
6D82A1
687D9C
8D96A2
D4DDE9
FFFFFF
FFFFFF
E6EAF8
B0B4C2
838EA4
7D889E
989EAE
B5BBCB
D5E8FB
B8CBDE
4D739C
5F85AE
7287A6
6D82A1
607498
495D81
34486D
2C4065
2C4065
2F4368
2F4368
2F4368
2D4467
2C4366
2D4467
2B4265
2F4669
2E4568
2F4A6B
466182
486183
30496B
2E4267
2F4368
2F4368
2F4368
2F4368
2F4368
2F4368
2F4368
2F4368
2F4368
2F4368
2F4368
2F4368
2F4368
2F4368
2F4368
2F4368
2F4368
2F4368
2F4368
2F4368
2F4368
2F4368
2F4368
2F4368
2F4368
2F4368
2F4368
2F4368
2F4368
2F4368
2F4368
2F4368
2F4368
2F4368
2F4368
2F4368
2F4368
2F4060
2C3D5D
404D61
5A677B
6D7584
7C8493
999DAA
B0B4C1
C8CCD4
D4D8E0
E4E4E8
E3E3E7
E9E4E4
E5E0E0
DDD7D9
D8D2D4
D4CED4
D4CED4
D5D0D0
CCC7C7
C1ACA9
A99491
B59090
B89393
B79B9A
C3A7A6
C3B2AD
C5B4AF
C4B3B0
C4B3B0
C5B2B0
C5B2B0
C4B2B2
C4B2B2
C5B3B3
C4B2B2
A59595
C6B6B6
FFFEFB
F7EFEC
D2C9C8
B2A9A8
B5A5A5
C1B1B1
C6B4B4
C7B5B5
FFFFFF
FFFFFF
FFFFFF
FFFFFF
FFFFFF
FFFFFF
FFFFFF
FFFFFF
FFFFFF
FFFFFF
FFFFFF
FFFFFF
FFFFFF
FFFFFF
FFFFFF
FFFFFF
FFFFFF
FFFFFF
FEFCFD
F1EFF0
F1EEED
F5F2F1
F5F2F1
F3F0EF
F3F0EF
F3F0EF
F4F1F0
F3F0EF
EFECEB
EDEAE9
EFEEED
F3F2F1
EEEDEC
FDFCFB
FFFFFE
FEFFFD
FEFFFD
FDFEFC
FEFEFE
FEFEFE
FEFEFE
FEFEFE
FFFFFF
FEFCFD
EFEDEE
EFEDEE
F8F6F7
F7F5F6
F7F5F6
F6F4F5
F5F3F4
F3F1F2
F2F0F1
F2F0F1
F4F1F0
F4F1F0
F4F1F0
F5F2F1
EEEEF0
E2E2E4
E1E5EA
E2E6EB
E2E6EC
E2E6EC
E2E6EC
E2E6EC
E2E6EC
E2E6EC
E2E6EC
E2E6EC
E2E6EC
E2E6EC
E2E6EC
E2E6EC
E2E6EC
E2E6EC
E2E6EC
E2E6EC
E2E6EC
E2E6EC
E2E6EC
E2E6EC
E2E6EC
E2E6EC
ECE8EB
CDC9CC
B2A2A6
C1B1B5
C5B1B2
C5B1B2
C8B2B4
C5AFB1
B59E9D
BEA7A6
C3B8B8
C6BBBB
FDFBFC
FDFBFC
EFEFF3
E5E5E9
DFE3E8
E1E5EA
DFE3E8
E5E9EE
E3DAE1
B3AAB1
C4B9BB
DCD1D3
DBCDCC
D8CAC9
D0C0C0
C5B5B5
C4B2B2
C6B4B4
7C879C
717C91
6D85A3
6C84A2
6E83A0
6E83A0
6E83A2
6E83A2
6E83A2
6E83A2
6E83A2
6E83A2
6E83A2
6E83A2
6E83A2
6E83A2
6E83A2
6E83A2
6E83A0
6E83A0
6E83A4
6A7FA0
757D94
ACB4CB
FDF9FA
FFFFFF
E6EEF5
AAB2B9
7287A1
687D97
68829F
6983A0
6B7F9E
687C9B
6E8098
8597AF
5E83B2
406594
667FA2
6E87AA
7387A8
7185A6
697DA1
55698D
3B4F73
2D4165
2D4166
2F4368
2E4568
2D4467
2E4266
2F4367
2F4367
2C4064
375676
587797
5C799A
3F5C7D
2D4166
2F4368
2F4368
2F4368
2F4368
2F4368
2F4368
2F4368
2F4368
2F4368
2F4368
2F4368
2F4368
2F4368
2F4368
2F4368
2F4368
2F4368
2F4368
2F4368
2F4368
2F4368
2F4368
2F4368
2F4368
2F4368
2F4368
2F4368
2F4368
2F4368
2F4368
2F4368
2F4368
2F4368
2F4368
2F4368
2F4368
2F4368
2D446A
2D446A
2E4166
2B3E63
293D61
293D61
2D3E5E
334464
404D64
546178
747886
9498A6
B0AFB6
D5D4DB
F0E8E9
FAF2F3
FAEFEF
F9EEEE
F6F1EF
F6F1EF
FDF3EE
D9CFCA
B19391
AC8E8C
B79091
B89192
B79C99
C0A5A2
C3B0AC
C6B3AF
C4B3B0
C4B3B0
C2B2B2
C2B2B2
C5B1B2
C5B1B2
C6B0B2
A38D8F
B0A7A4
EFE6E3
FBF6F6
F5F0F0
D6CBCB
B1A6A6
B4A4A4
BFAFAF
FFFFFF
FFFFFF
FFFFFF
FFFFFF
FFFFFF
FFFFFF
FFFFFF
FFFFFF
FFFFFF
FFFFFF
FFFFFF
FFFFFF
FFFFFF
FFFFFF
FFFFFF
FFFFFF
FFFEFF
FEFCFD
F2EEEF
F2EEEF
F4F1F0
F4F1F0
F5F2F1
F4F1F0
F3F0EF
F4F1F0
F4F1F0
F0EDEC
F0EDEC
F4F1F0
F3F2F1
EDECEB
F9F8F7
FFFFFF
FEFFFD
FEFFFD
FDFEFC
FEFFFD
FFFFFF
FEFEFE
FEFEFE
FFFFFF
FFFFFF
FFFFFF
FEFEFE
F1F1F1
EDEDED
F5F5F5
F6F6F6
F6F6F6
F7F5F6
F7F5F6
F6F4F5
F5F3F4
F5F2F1
F4F1F0
F4F1F0
F5F2F1
E5E7EA
E2E4E7
E2E6EC
E2E6EC
E2E6EC
E2E6EC
E2E6EC
E2E6EC
E2E6EC
E2E6EC
E2E6EC
E2E6EC
E2E6EC
E2E6EC
E2E6EC
E2E6EC
E2E6EC
E2E6EC
E2E6EC
E2E6EC
E2E6EC
E2E6EC
E2E6EC
E2E6EC
E2E6EB
E6EAEF
D4C8CC
B0A4A8
C4B2B2
C4B2B2
C6B1B0
C8B3B2
C0A4A5
AF9394
C2B0B0
D2C0C0
BBB2B5
F6EDF0
F2F4F5
E5E7E8
E2E3E9
E2E3E9
E3E7ED
E2E6EC
E2E6EC
E2E6EC
E7E6EE
E6E5ED
C0BABC
B4AEB0
DACCCF
DED0D3
DBCDCE
D9CBCC
CBC2C3
B0A7A8
667890
72849C
6C84A2
6C84A2
6E83A0
6E83A0
6E83A2
6E83A2
6E83A2
6E83A2
6E83A2
6E83A2
6E83A2
6E83A2
6E83A2
6E83A2
6E83A2
6E83A2
6E83A0
6E83A0
6E7B90
828FA4
D7D7DB
FFFFFF
F7FBFF
B9BDC2
73889F
687D94
6A82A2
6D85A5
6E83A2
6E83A2
6F83A2
6F83A2
6E83A4
6C81A2
6883B2
5974A3
416191
436393
5E7291
6F83A2
7287A8
7287A8
6F84A5
5D7293
44597A
324768
294063
2C4366
2D4467
2D4467
2D4467
2C4366
2E4B6C
4D6A8B
567192
3D5879
2E4267
2F4368
2F4368
2F4368
2F4368
2F4368
2F4368
2F4368
2F4368
2F4368
2F4368
2F4368
2F4368
2F4368
2F4368
2F4368
2F4368
2F4368
2F4368
2F4368
2F4368
2F4368
2F4368
2F4368
2F4368
2F4368
2F4368
2F4368
2F4368
2F4368
2F4368
2F4368
2F4368
2F4368
2F4368
2F4368
2F4368
2F4368
2F4368
2F4368
2D4468
2D4468
2F436A
2F436A
2E4269
2D4168
2D4067
2B3E65
2D3D62
2C3C61
314061
3D4C6D
5E6679
8890A3
BDBBC0
E1DFE4
F7EFEE
F7EFEE
F2EFEA
F7F4EF
F1E2DD
B8A9A4
AC8987
B4918F
B6918D
B6918D
B59894
C0A39F
C2AFAB
C6B3AF
C5B4B1
C4B3B0
C4B2B2
C4B2B2
C7B1B3
C4AEB0
A39191
B8A6A6
D3CFD0
DFDBDC
F5ECF1
F6EDF2
D1C8C9
B1A8A9
FFFFFF
FFFFFF
FFFFFF
FFFFFF
FFFFFF
FFFFFF
FFFFFF
FFFFFF
FFFFFF
FFFFFF
FFFFFE
FFFFFE
FFFFFE
FFFFFE
FEFFFD
FFFFFE
FEFCFD
F1EFF0
F1EEED
F4F1F0
F3F0EF
F3F0EF
F4F1F0
F5F2F1
F4F1EE
F2EFEC
ECE9E8
EFECEB
F5F2F1
F8F5F4
EEEDEC
F6F5F4
FFFFFE
FFFFFE
FFFFFF
FFFFFF
FFFFFF
FFFFFF
FFFFFF
FEFEFE
FEFEFE
FFFFFF
FFFFFF
FFFFFF
FEFEFE
FEFEFE
F5F5F5
EDEDED
F4F2F3
F8F6F7
F6F4F5
F6F4F5
F7F5F6
F6F4F5
F8F5F4
F6F3F2
F2F1F0
EDECEB
DFE3E8
E2E6EB
E2E6EC
E2E6EC
E2E6EC
E2E6EC
E2E6EC
E2E6EC
E2E6EC
E2E6EC
E2E6EC
E2E6EC
E2E6EC
E2E6EC
E2E6EC
E2E6EC
E2E6EC
E2E6EC
E2E6EC
E2E6EC
E2E6EC
E2E6EC
E2E6EC
E1E5EB
EAE8ED
CECCD1
B3A5A8
C0B2B5
C4B2B2
C6B4B4
C9ADAE
B79B9C
B29999
CEB5B5
D5C7C6
BCAEAD
DAD8DB
EBE9EC
E1E6E8
E2E7E9
E2E6EB
E2E6EB
E2E6EC
E2E6EC
E2E6EC
E2E6EC
E2E6EC
E3E7ED
EAE8ED
CECCD1
B5ABAE
C9BFC2
DDCFD0
DDCFD0
D5D3D6
939194
687D97
6F849E
6E83A2
6E83A2
6E83A2
6E83A2
6E83A2
6E83A2
6E83A2
6E83A2
6E83A2
6E83A2
6E83A2
6E83A2
6E83A0
6E83A0
6E83A4
6E83A4
6E809B
6B7D98
AAAEB4
F3F7FD
FFFFFF
DDDFE0
8598AA
6A7D8F
6A82A0
6B83A1
6B83A1
6C84A2
6C84A4
6C84A4
6C86A5
6C86A5
6C84A2
6C84A2
6C83A6
6F86A9
5476A6
395B8B
2F466A
384F73
556986
6C809D
7387A4
7488A5
7186A7
637899
485D7E
324768
294063
2C4366
2D4467
2D4467
2F4367
33476B
354C6F
2F4669
2F4368
2F4368
2F4368
2F4368
2F4368
2F4368
2F4368
2F4368
2F4368
2F4368
2F4368
2F4368
2F4368
2F4368
2F4368
2F4368
2F4368
2F4368
2F4368
2F4368
2F4368
2F4368
2F4368
2F4368
2F4368
2F4368
2F4368
2F4368
2F4368
2F4368
2F4368
2F4368
2F4368
2F4368
2F4368
2F4368
2F4368
2F4368
304368
304368
2F4367
2F4367
2F4367
2F4367
2F4368
2F4368
2D4468
2C4367
2F4368
2F4368
2F436A
2E4269
2C3F63
2A3D61
35415D
4A5672
7A7F87
ABB0B8
DED9D7
F6F1EF
FEF5F2
FBF2EF
DBC5C0
A9938E
B28B88
BA9390
B6918D
B6918D
B69894
BFA19D
C1AEAA
C6B3AF
C3B3B3
C2B2B2
C5AFB1
C7B1B3
C2A6A7
A18586
AEA5A6
CAC1C2
C8BFC4
D8CFD4
EEE8EA
F1EBED
FFFFFF
FFFFFF
FFFFFF
FFFFFF
FFFFFF
FFFFFF
FFFFFF
FFFFFF
FFFFFF
FFFFFF
FFFFFE
FEFFFD
FEFFFD
FEFFFD
FFFEFD
FEFDFC
F0EFEE
EFEEED
F3F0EF
F3F0EF
F4F1F0
F3F0EF
F4F1F0
F4F1F0
F0EDEA
EBE8E5
F1EEED
F5F2F1
F8F5F4
F2EFEE
F4F3F2
FFFFFE
FFFFFE
FFFFFE
FFFFFF
FFFFFF
FFFFFF
FFFFFF
FFFFFF
FFFFFF
FEFEFE
FEFEFE
FFFFFF
FFFFFF
FFFFFF
FFFFFF
FEFEFE
F9F9F9
EFEDEE
F1EFF0
F8F6F7
F6F4F5
F7F5F6
F7F5F6
F7F5F6
F6F4F5
F4F3F2
E7E6E5
DFE3E9
E2E6EC
E2E6EC
E2E6EC
E2E6EC
E2E6EC
E2E6EC
E2E6EC
E2E6EC
E2E6EC
E2E6EC
E2E6EC
E2E6EC
E2E6EC
E2E6EC
E2E6EC
E2E6EC
E2E6EC
E2E6EC
E2E6EC
E2E6EC
E2E6EC
E0E5EB
E4E9EF
D7CED3
AEA5AA
C3B1B1
C5B3B3
C6B1B0
BCA7A6
B49B9B
C3AAAA
D2C0C0
D8C6C6
B9B1B2
D2CACB
E6EBED
E2E7E9
E2E6EC
E2E6EC
E2E6EC
E2E6EC
E2E6EC
E2E6EC
E2E6EC
E2E6EC
E2E6EC
E2E6EC
E2E6EB
E6EAEF
E4DFE7
BDB8C0
BBB2B1
D1C8C7
C4C5CE
777881
6E83A2
6E83A2
6E83A2
6E83A2
6E83A2
6E83A2
6E83A2
6E83A2
6E83A2
6E83A2
6E83A2
6E83A2
6E83A2
6E83A2
6C84A2
6C84A2
6F83A0
687C99
7D8691
C6CFDA
FFFFFF
FEFEFE
B2BECE
758191
697F99
6E849E
6C84A0
6C84A0
6D85A1
6E86A2
6C7A9B
647293
697494
697494
687C9B
6D81A0
6D85A3
6D85A3
6787B4
5474A1
3C5985
274470
2B3F5C
364A67
516582
6A7E9B
7286A7
7286A7
7085A6
667B9C
4C6084
33476B
2C4064
2E4266
2F4367
2E4266
2E4266
2F4367
2F4368
2F4368
2F4368
2F4368
2F4368
2F4368
2F4368
2F4368
2F4368
2F4368
2F4368
2F4368
2F4368
2F4368
2F4368
2F4368
2F4368
2F4368
2F4368
2F4368
2F4368
2F4368
2F4368
2F4368
2F4368
2F4368
2F4368
2F4368
2F4368
2F4368
2F4368
2F4368
2F4368
2F4368
2F4368
2F4368
2F4368
2F4368
2F4368
2F4368
2F4368
2F4368
2F4368
2F4368
2F4368
2F4368
2F4368
2F4368
2F4368
2F4368
2F4368
2F4368
2F4368
2F4368
2C4367
2A4165
2A3A5F
2C3C61
4B4D5E
727485
AFACAB
DFDCDB
FFF7EF
F3EBE3
C9AEA9
A88D88
B78E8E
B99090
B6918F
B6918F
B39694
BC9F9D
C0ADA9
C6B3AF
C5B4B1
C4B3B0
CAB2AE
B9A19D
978585
C5B3B3
D2C9CC
C1B8BB
BCB2B5
C8BEC1
FFFFFF
FFFFFF
FFFFFF
FFFFFF
FFFFFF
FFFFFF
FFFFFF
FFFFFF
FFFFFF
FFFFFF
FEFFFD
FEFFFD
FFFFFE
FFFFFE
FFFEFD
F0EFEE
F2EFEE
F4F1F0
F2EFEE
F2EFEE
F4F1F0
F4F1F0
F3F0ED
EDEAE7
EDEAE7
F3F0ED
F6F3F2
F9F6F5
F4F1F0
F3F0EF
FDFEFC
FFFFFE
FFFFFE
FFFFFE
FFFFFF
FFFFFF
FFFFFF
FFFFFF
FFFFFF
FFFFFF
FFFFFF
FEFEFE
FEFEFE
FEFEFE
FFFFFF
FFFFFF
FFFFFF
FFFFFF
FFFDFE
F3F1F2
EDEBEC
F5F3F4
F7F5F6
F7F5F6
F7F5F6
F7F5F6
F3F3F3
E4E4E4
E1E5EB
E2E6EC
E2E6EC
E2E6EC
E2E6EC
E2E6EC
E2E6EC
E2E6EC
E2E6EC
E2E6EC
E2E6EC
E2E6EC
E2E6EC
E2E6EC
E2E6EC
E2E6EC
E2E6EC
E2E6EC
E2E6EC
E2E6EC
E2E6EC
E2E6EC
E7E8EE
D2D3D9
AEA3A5
C0B5B7
C7B2B1
BEA9A8
B49D9C
C0A9A8
CDBDBD
CDBDBD
D6C6C8
C3B3B5
C6C4C7
E9E7EA
E2E6EB
E1E5EA
E2E6EC
E2E6EC
E2E6EC
E2E6EC
E1E5EB
E1E5EB
E1E5EB
E2E6EC
E2E6EE
E1E5ED
E1E6EC
E1E6EC
E4E8EE
E6EAF0
DDD7DB
CBC5C9
9399AB
73798B
6E83A4
6E83A4
6E83A2
6E83A2
6E83A2
6E83A2
6E83A2
6E83A2
6E83A2
6E83A2
6E83A2
6E83A2
6E83A2
6E83A2
6C84A4
6B83A3
6D7B8C
8F9DAE
EAE9E8
FFFFFF
E5E9F6
9599A6
667B98
6C819E
6D82A1
6E83A2
6E83A2
6E83A2
717A8B
717A8B
7B7C82
A5A6AC
D4CFD7
C4BFC7
9194A2
7F8290
6B7B96
697994
6883A7
6C87AB
4D73A8
33598E
2D446A
2B4268
2C405F
334766
4D6182
687C9D
7387A8
7286A7
7286A7
677B9C
475C7D
2E4364
2C4162
2F4465
2F4367
2F4367
2F4368
2F4368
2F4368
2F4368
2F4368
2F4368
2F4368
2F4368
2F4368
2F4368
2F4368
2F4368
2F4368
2F4368
2F4368
2F4368
2F4368
2F4368
2F4368
2F4368
2F4368
2F4368
2F4368
2F4368
2F4368
2F4368
2F4368
2F4368
2F4368
2F4368
2F4368
2F4368
2F4368
2F4368
2F4368
2F4368
2F4368
2F4368
2F4368
2F4368
2F4368
2F4368
2F4368
2F4368
2F4368
2F4368
2F4368
2F4368
2F4368
2F4368
2F4368
2F4368
2F4368
2F4368
2F4367
2F4367
2F4368
2F4368
2E4168
283B62
313B58
47516E
7E7F88
B9BAC3
EFE4E2
E1D6D4
BE9D9A
AE8D8A
B9908E
B9908E
B89190
B7908F
B49694
BB9D9B
BDABA5
C4B2AC
C8B4AF
C3AFAA
B29997
A9908E
E6E3E2
F5F2F1
E1D7DA
CDC3C6
FFFFFF
FFFFFF
FFFFFF
FFFFFF
FFFFFF
FFFFFF
FFFFFF
FFFFFF
FFFFFF
FFFFFF
FEFFFD
FEFFFD
FEFFFD
FEFFFD
F2F1F0
F0EFEE
F4F1F0
F3F0EF
F5F0F0
F5F0F0
F3F0EF
EFECEB
ECE9E6
F2EFEC
F5F2F1
F6F3F2
F8F5F4
F7F4F3
EFEEED
FCFBFA
FEFFFD
FEFFFD
FFFFFE
FFFFFE
FFFFFF
FFFFFF
FFFFFF
FFFFFF
FFFFFF
FFFFFF
FFFFFF
FFFFFF
FFFFFF
FEFEFE
FEFEFE
FFFFFF
FFFFFF
FFFFFF
FFFEFF
FFFFFF
F9F7F8
F0EEEF
F0EEEF
F5F3F4
F7F5F6
F9F7F8
EAEAEC
E2E2E4
E2E6EC
E2E6EC
E2E6EC
E2E6EC
E2E6EC
E2E6EC
E2E6EC
E2E6EC
E2E6EC
E2E6EC
E2E6EC
E2E6EC
E2E6EC
E2E6EC
E2E6EC
E2E6EC
E2E6EC
E2E6EC
E2E6EC
E2E6EC
E1E5EB
E4E8EE
E0D7DC
B0A7AC
C4B0B1
BEAAAB
B7A09F
C0A9A8
CCBBB8
CEBDBA
C6B4B4
D8C6C6
C9BEC0
C9BEC0
E5EAEC
E2E7E9
E1E6EC
E0E5EB
E2E6EC
E2E6EC
E4E5EC
E4E5EC
E4E5EC
E4E5EC
E4E5EB
E3E4EA
E3E4EA
E4E5EB
E2E6EC
E2E6EC
E2E6EE
E2E6EE
E8E7EF
E2E1E9
76829C
727E98
6D82A3
6E83A4
6E83A2
6E83A2
6E83A2
6E83A2
6E83A2
6E83A2
6E83A2
6E83A2
6E83A2
6E83A2
6E83A2
6D82A1
6F7F9A
6E7E99
B2B7BC
F8FDFF
FFFFFF
CACFD4
7787A0
6D7D96
6C84A2
6C84A2
6A849F
6D87A2
717C91
6C778C
938F94
AAA6AB
DFDAD6
FFFFFD
FFFFFF
F0EFEA
CBC6C6
E7E2E2
BEBDC4
ABAAB1
8492A3
707E8F
6181AC
4E6E99
35507D
27426F
304468
2E4266
2C3F63
314468
485B7F
65789C
7286A7
7387A8
7286A5
5F7392
3E5271
2D4160
2F4364
304465
2F4368
2F4368
2F4368
2F4368
2F4368
2F4368
2F4368
2F4368
2F4368
2F4368
2F4368
2F4368
2F4368
2F4368
2F4368
2F4368
2F4368
2F4368
2F4368
2F4368
2F4368
2F4368
2F4368
2F4368
2F4368
2F4368
2F4368
2F4368
2F4368
2F4368
2F4368
2F4368
2F4368
2F4368
2F4368
2F4368
2F4368
2F4368
2F4368
2F4368
2F4368
2F4368
2F4368
2F4368
2F4368
2F4368
2F4368
2F4368
2F4368
2F4368
2F4368
2F4368
2F4368
2F4368
2F4368
2F4368
2F4368
2F4368
2D436C
2D436C
30436A
2D4067
2E3D5E
324162
555967
8A8E9C
C9BABF
C3B4B9
BC9594
BA9392
B8938F
B7928E
B89391
B79290
B39591
B89A96
BEA6A2
C8B0AC
C5A7A3
AF918D
A19996
F0E8E5
F7F9F8
F4F6F5
FFFFFF
FFFFFF
FFFFFF
FFFFFF
FFFFFF
FFFFFF
FFFFFF
FFFFFF
FFFFFF
FFFFFF
FEFFFD
FFFFFE
FFFFFE
F2F3F1
F1EEED
F5F2F1
F4EFEF
F4EFEF
F5F0F0
F3EEEE
EFEAEA
F0EBEB
F6F1F1
F7F2F2
F5F2F1
F7F4F3
F6F5F4
EDECEB
FBFCFA
FFFFFE
FEFFFD
FEFFFD
FFFFFE
FFFFFE
FFFFFF
FFFFFF
FFFFFF
FFFFFF
FFFFFF
FFFFFF
FFFFFF
FFFFFF
FFFFFF
FFFFFF
FFFFFF
FEFEFE
FEFEFE
FEFEFE
FFFEFF
FFFEFF
FFFFFF
FFFDFE
F7F5F6
EFEDEE
F1EFF0
F4F2F3
E2E4E7
E3E5E8
E2E6EC
E2E6EC
E2E6EC
E2E6EC
E2E6EC
E2E6EC
E2E6EC
E2E6EC
E2E6EC
E2E6EC
E2E6EC
E2E6EC
E2E6EC
E2E6EC
E2E6EC
E2E6EC
E2E6EC
E2E6EC
E1E6EC
E1E6EC
E6E7EE
DEDFE6
BAA7AD
BAA7AD
BDA4A2
BFA6A4
CAB5B4
CCB7B6
C2B3B0
C1B2AF
D6C6C6
CFBFBF
BBB7BA
EAE6E9
E2E6EC
E1E5EB
E1E6EC
E1E6EC
E2E6EC
E2E6EC
E4E5EB
E3E4EA
E1E2E8
E0E1E7
E0E1E7
E3E4EA
E3E5E8
E2E4E7
E2E3E9
E1E2E8
E4E3EA
E4E3EA
E9EAF3
B4B5BE
677994
70829D
6D82A1
6E83A2
6E83A2
6E83A2
6E83A2
6E83A2
6E83A2
6E83A2
6E83A2
6E83A2
6E83A2
6E83A2
6C84A4
6880A0
7D8594
C8D0DF
FFFFFF
FBFAF7
A3B3C6
6F7F92
69819D
6D85A1
6D85A1
6C84A0
718099
67768F
848287
ADABB0
BEBBB8
F1EEEB
FFFFFF
FEFEFE
FFFFFF
DDDDDD
D5D2D1
FFFFFF
DFDEDB
EAE9E6
FFFEFF
BBB9BA
838EA3
6B768B
42628D
2A4A75
2C4369
2D446A
304367
2F4266
2C3F63
2F4266
475A7E
697CA0
7387A6
7387A6
6F83A2
536786
344869
2D4162
2F4368
2F4368
2F4368
2F4368
2F4368
2F4368
2F4368
2F4368
2F4368
2F4368
2F4368
2F4368
2F4368
2F4368
2F4368
2F4368
2F4368
2F4368
2F4368
2F4368
2F4368
2F4368
2F4368
2F4368
2F4368
2F4368
2F4368
2F4368
2F4368
2F4368
2F4368
2F4368
2F4368
2F4368
2F4368
2F4368
2F4368
2F4368
2F4368
2F4368
2F4368
2F4368
2F4368
2F4368
2F4368
2F4368
2F4368
2F4368
2F4368
2F4368
2F4368
2F4368
2F4368
2F4368
2F4368
2F4368
2F4368
2F4368
2F4367
2F4367
2D4468
2D4468
2F4368
2F4368
304065
2C3C61
38435B
5C677F
95848C
9D8C94
B5908E
BC9795
BA9390
B9928F
B89391
B79290
B49390
BA9996
C5A49F
BD9C97
A68D8B
BAA19F
F3F5F4
F0F2F1
FFFFFF
FFFFFF
FFFFFF
FFFFFF
FFFFFF
FFFFFF
FFFFFF
FFFFFF
FFFFFF
FFFFFF
FFFFFE
FFFFFE
F4F5F3
EEEFED
F3F0EF
F4F1F0
F4F1F0
F2EFEE
EFECEB
EEEBEA
F4F1F0
F6F3F2
F5F2F1
F5F2F1
F4F3F2
F7F6F5
EEEDEC
FAF9F8
FFFFFF
FFFFFF
FFFFFF
FFFFFF
FFFFFF
FFFFFF
FFFFFF
FFFFFF
FFFFFF
FFFFFF
FFFFFF
FFFFFF
FFFFFF
FFFFFF
FFFFFF
FFFFFF
FFFFFF
FFFFFF
FFFFFF
FFFFFF
FFFFFF
FFFFFF
FFFFFF
FFFFFF
FFFFFF
FFFDFE
F7F7F9
ECECEE
E0E1E7
E4E5EB
E2E6EC
E2E6EC
E2E6EC
E2E6EC
E2E6EC
E2E6EC
E2E6EC
E2E6EC
E2E6EC
E2E6EC
E2E6EC
E2E6EC
E1E6EC
E1E6EC
E2E6EC
E2E6EC
E2E6EC
E2E6EC
DDE5E9
E2EAEE
EADEE2
B4A8AC
B6A19E
C1ACA9
C9B4B1
CAB5B2
C5B4B1
C2B1AE
C3B6B2
D7CAC6
D0C7C6
BCB3B2
E2E4E7
E5E7EA
E2E6EC
E2E6EC
E4E5EC
E3E4EB
E4E3EA
E3E2E9
E1E1E3
E5E5E7
E6E6E8
EBEBED
F9F9F9
FEFEFE
FCFEFD
F3F5F4
ECEEED
E8EAE9
E3E5E6
E1E3E4
DCE0ED
818592
6C829C
6E849E
6E83A2
6E83A2
6E83A2
6E83A2
6C84A2
6C84A2
6C84A2
6C84A2
6E83A4
6E83A4
6B83A3
6C84A4
6A7A95
7D8DA8
E6E6EA
FFFFFF
E6EBF3
92979F
657D99
6C84A0
6D829F
6E83A0
7185A2
6B7F9C
757986
A5A9B6
C2BAB9
BDB5B4
F6F5F2
FFFFFF
FEFFFD
FDFEFC
FDFEFC
CCCDCB
ECEBEA
FFFFFE
F6F5F4
F8F7F6
FAF7F4
BDBAB7
C5C3C6
B7B5B8
8895AC
57647B
2B3F66
283C63
2D4166
33476C
304468
2F4367
2C3F64
33466B
526687
6F83A4
7286A5
7286A5
687C9D
435778
2C3F63
2E4165
2F4368
2F4368
2F4368
2F4368
2F4368
2F4368
2F4368
2F4368
2F4368
2F4368
2F4368
2F4368
2F4368
2F4368
2F4368
2F4368
2F4368
2F4368
2F4368
2F4368
2F4368
2F4368
2F4368
2F4368
2F4368
2F4368
2F4368
2F4368
2F4368
2F4368
2F4368
2F4368
2F4368
2F4368
2F4368
2F4368
2F4368
2F4368
2F4368
2F4368
2F4368
2F4368
2F4368
2F4368
2F4368
2F4368
2F4368
2F4368
2F4368
2F4368
2F4368
2F4368
2F4368
2F4368
2F4368
2F4368
2F4368
2F4368
2F4368
2F4368
2F4368
2F4368
2F436A
2F436A
2C4366
283F62
333D5A
414B68
5F4F5C
7A6A77
AD8A8A
B99696
BB9692
B8938F
B7928E
B7928E
B7928E
B8938F
B6938F
AC8985
C9C4C2
FFFFFE
FFFFFF
FFFFFF
FFFFFF
FFFFFF
FFFFFF
FFFFFF
FFFFFF
FFFFFF
FFFFFF
FFFFFF
FFFFFF
F6F7F5
EDECEB
F2F1F0
F4F1F0
F3F0EF
F0EDEC
EFECEB
F3F0EF
F7F4F3
F6F3F2
F4F1F0
F4F1F0
F7F4F3
F7F6F5
EDECEB
F7F8F6
FFFFFE
FFFFFF
FFFFFF
FFFFFF
FFFFFF
FFFFFF
FFFFFF
FFFFFF
FFFFFF
FFFFFF
FFFFFF
FFFFFF
FFFFFF
FFFFFF
FFFFFF
FFFFFF
FFFFFF
FFFFFF
FFFFFF
FFFFFF
FFFFFF
FFFFFF
FFFFFF
FFFFFF
FFFFFF
FFFFFF
FFFFFF
FFFFFF
E7E7E9
E2E3E9
E4E5EB
E2E6EC
E2E6EC
E2E6EC
E2E6EC
E2E6EC
E2E6EC
E2E6EC
E2E6EC
E2E6EC
E2E6EC
E2E6EC
E2E6EC
E2E6EC
E2E6EC
E2E6EC
E2E6EC
E1E6EB
E2E7EC
EAE6E9
D6D2D5
A99797
B4A2A2
C7B3AE
C8B4AF
C5B2AE
C5B2AE
C0B1AE
C7B8B5
D9CCC8
D8CBC7
B5B1B2
E2DEDF
E4E8ED
E2E6EB
E2E6EC
E2E6EC
E4E5EC
E3E4EB
E1E1E5
E3E3E7
ECECEE
EBEBED
F1F1F1
FDFDFD
FFFFFF
FFFFFF
FFFFFF
F6F6F6
F2F2F2
F9F9F9
F6F6F8
F5F5F7
B1BACB
6D7687
6F84A1
6E83A0
6E83A2
6E83A2
6E83A2
6E83A2
6E83A2
6E83A2
6F83A2
6F83A2
6E83A2
6E83A2
6E82A3
687C9D
9498A3
E7EBF6
FFFFFF
D7D7D9
7489A2
6A7F98
6E83A2
6E83A2
6E83A0
6F84A1
6E778A
7B8497
DEDEE0
D3D3D5
B3B1A9
F2F0E8
FFFFFE
FEFFFB
FFFFFE
FFFFFE
F7F8F6
D7D8D6
FDFCFB
FFFEFD
FFFEFD
FFFFFF
DDDBDC
B5B3B4
C5C0C0
C7C2C2
C8C7C6
B8B7B6
A1A8B4
7A818D
415073
2E3D60
2B4266
2E4569
314566
2F4364
2F4062
3D4E70
5F7392
7387A6
7286A7
7084A5
55698A
344869
2C4065
2F4368
2F4367
2F4367
2F4368
2F4368
2F4368
2F4368
2F4368
2F4368
2F4368
2F4368
2F4368
2F4368
2F4368
2F4368
2F4368
2F4368
2F4368
2F4368
2F4368
2F4368
2F4368
2F4368
2F4368
2F4368
2F4368
2F4368
2F4368
2F4368
2F4368
2F4368
2F4368
2F4368
2F4368
2F4368
2F4368
2F4368
2F4368
2F4368
2F4368
2F4368
2F4368
2F4368
2F4368
2F4368
2F4368
2F4368
2F4368
2F4368
2F4368
2F4368
2F4368
2F4368
2F4368
2F4368
2F4368
2F4368
2F4368
2F4368
2F4368
2F4368
2F4368
2F4368
2F436A
2F436A
2D4468
2B4266
314264
304163
4C435A
675E75
9C787C
B28E92
BB9493
BA9392
B7938C
B7938C
B9918C
BA928D
A2918E
EAD9D6
FFFFFF
FFFFFF
FFFFFF
FFFFFF
FFFFFF
FFFFFF
FFFFFF
FFFFFF
FFFFFF
FFFFFF
F8F7F6
EDECEB
F2F1F0
F1F0EF
F1EEED
EFECEB
F3F0EF
F5F2F1
F4F1F0
F3F0EF
F3F0EF
F4F1F0
F7F6F5
F7F6F5
EFEEED
F4F3F2
FFFFFF
FFFFFF
FFFFFF
FFFFFF
FFFFFF
FFFFFF
FFFFFF
FFFFFF
FFFFFF
FFFFFF
FFFFFF
FFFFFF
FFFFFF
FFFFFF
FFFFFF
FFFFFF
FFFFFF
FFFFFF
FFFFFF
FFFFFF
FFFFFF
FFFFFF
FFFFFF
FFFFFF
FFFFFF
FFFFFF
FEFEFE
FFFFFF
F7F9FC
E2E4E7
E3E4EA
E4E5EB
E2E6EC
E2E6EC
E2E6EC
E2E6EC
E2E6EC
E2E6EC
E2E6EC
E2E6EC
E2E6EC
E2E6EC
E2E6EC
E2E6EC
E2E6EC
E1E5EB
E1E6EC
E1E6EC
E7E6ED
DFDEE5
DACCCF
B6A8AB
B9A8A5
C7B6B3
C4B4AD
C4B4AD
C4B3B0
C3B2AF
C6B9B5
D9CCC8
D6CDCA
BDB4B1
DADBE1
E6E7ED
E1E6EC
E1E6EC
E4E5EC
E4E5EC
E2E3E9
DFE0E6
E9E9EB
F1F1F3
EEEEEE
F7F7F7
FEFEFE
FEFEFE
FEFEFE
FFFFFF
FFFFFF
F3F3F3
F3F3F3
FDFDFD
FDFDFF
F2F2F6
7B8BA1
6F7F95
6E83A2
6E83A2
6E83A2
6E83A2
6E83A2
6E83A2
6E83A2
6E83A2
6E83A4
6D82A3
6C83A6
6980A3
707B91
A5B0C6
FEFAFB
FFFFFF
B8C4D4
748090
6882A1
6C86A5
6C84A4
6C84A4
74849A
65758B
838186
C8C6CB
FBFAF7
C0BFBC
E0E1DD
FFFFFE
FEFFFD
FFFFFE
FFFFFE
FFFFFE
FEFFFD
FCFDFB
FFFFFE
FFFFFE
FFFEFD
FFFFFF
D4D1D0
BFBCBB
C3BEBC
C4BFBD
C6BEBD
C2BAB9
D9D8D7
FFFFFF
E0E8EF
9AA2A9
41516C
30405B
2B4268
2D446A
304468
2D4165
2E4263
475B7C
6A7E9F
7589AA
7488A9
677B9C
46597D
2D4064
2D4165
2F4367
2F4368
2F4368
2F4368
2F4368
2F4368
2F4368
2F4368
2F4368
2F4368
2F4368
2F4368
2F4368
2F4368
2F4368
2F4368
2F4368
2F4368
2F4368
2F4368
2F4368
2F4368
2F4368
2F4368
2F4368
2F4368
2F4368
2F4368
2F4368
2F4368
2F4368
2F4368
2F4368
2F4368
2F4368
2F4368
2F4368
2F4368
2F4368
2F4368
2F4368
2F4368
2F4368
2F4368
2F4368
2F4368
2F4368
2F4368
2F4368
2F4368
2F4368
2F4368
2F4368
2F4368
2F4368
2F4368
2F4368
2F4368
2F4368
2F4368
2F4368
2F4368
2F4368
2D446A
2D446A
2D4468
2D4468
304065
2E3E63
393A52
4D4E66
8B6C71
A8898E
BC9391
BD9492
B9918C
B8908B
B4918F
B69391
FFFFFF
FFFFFF
FFFFFF
FFFFFF
FFFFFF
FFFFFF
FFFFFF
FEFEFE
FFFFFF
F8F8F8
EDECEB
F1F0EF
F1EEED
F0EDEC
F4F1F0
F6F3F2
F5F2F1
F4F1F0
F3F0EF
F3F0EF
F4F1F0
F8F5F4
F7F6F5
F2F1F0
F3F4F2
FFFFFE
FEFEFE
FFFFFF
FFFFFF
FFFFFF
FFFFFF
FFFFFF
FFFFFF
FFFFFF
FFFFFF
FFFFFF
FFFFFF
FFFFFF
FFFFFF
FFFFFF
FFFFFF
FFFFFF
FFFFFF
FFFFFF
FFFFFF
FFFFFF
FFFFFF
FFFFFF
FFFFFF
FFFFFF
FFFFFF
FFFFFF
FEFEFE
FEFEFE
EBEDF0
E2E4E7
E2E6EC
E2E6EC
E2E6EC
E2E6EC
E2E6EC
E2E6EC
E2E6EC
E2E6EC
E2E6EC
E2E6EC
E2E6EC
E2E6EC
E2E6EC
E2E6EC
E1E6EC
E1E6EC
E3E7ED
E3E7ED
DBD2D9
D7CED5
CDBFC0
BAACAD
C4B5B0
C2B3AE
C4B3AE
C4B3AE
C0B1AE
C8B9B6
DACFCD
DBD0CE
B9B5B6
DAD6D7
E4E9EF
E1E6EC
E2E6EC
E2E6EC
E4E5EB
E0E1E7
E1E3E4
EDEFF0
F2F2F2
ECECEC
FAFAFA
FFFFFF
FFFFFF
FFFFFF
FFFFFF
FFFFFF
FBFBFB
F2F2F2
F8F8F8
FFFFFF
FFFFFF
C5C6CC
647993
6F849E
6E83A2
6E83A2
6E83A2
6E83A2
6E83A2
6E83A2
6C84A2
6C84A2
6C84A2
6A82A0
6A7A93
7C8CA5
D3D4DA
FFFFFF
F7FBFF
AAAEB6
677C9B
6D82A1
6E83A2
6E83A2
6E83A0
6E83A0
6E6E7C
9696A4
B6B1AF
CBC6C4
FFFEFD
EFEEED
FFFFFF
FFFFFF
FFFFFF
FFFFFF
FFFFFE
FFFFFE
FFFFFE
FFFFFF
FFFFFE
FFFFFE
FFFEFD
FFFFFE
CCC9C6
C3C0BD
C3BEBE
C4BFBF
C4BEC0
C1BBBD
CDCCCB
FFFFFF
FFFFFF
FFFFFF
C7C7D3
6B6B77
3E4C6B
2E3C5B
2C4064
2F4367
304367
2D4064
344867
556988
7084A3
7286A5
7084A5
566A8B
304468
2C4064
2F4368
2F4368
2F4368
2F4368
2F4368
2F4368
2F4368
2F4368
2F4368
2F4368
2F4368
2F4368
2F4368
2F4368
2F4368
2F4368
2F4368
2F4368
2F4368
2F4368
2F4368
2F4368
2F4368
2F4368
2F4368
2F4368
2F4368
2F4368
2F4368
2F4368
2F4368
2F4368
2F4368
2F4368
2F4368
2F4368
2F4368
2F4368
2F4368
2F4368
2F4368
2F4368
2F4368
2F4368
2F4368
2F4368
2F4368
2F4368
2F4368
2F4368
2F4368
2F4368
2F4368
2F4368
2F4368
2F4368
2F4368
2F4368
2F4368
2F4368
2D4467
2D4467
304368
304368
2F4368
2F4368
2C4568
2C4568
2F4367
2E4266
45435D
56546E
866C73
9F858C
B59292
B89595
BD928E
B88D89
FFFFFF
FFFFFF
FFFFFF
FFFFFF
FFFFFF
FFFFFF
FFFFFF
FFFFFF
FCFAFB
EEECED
F1EEED
F2EFEE
F3F0EF
F5F2F1
F4F1F0
F3F0EF
F4F1F0
F4F1F0
F4F1F0
F5F2F1
F6F5F4
F8F7F6
F1F0EF
F2F1F0
FEFEFE
FEFEFE
FEFEFE
FFFFFF
FFFFFF
FFFFFF
FFFFFF
FFFFFF
FFFFFF
FFFFFF
FFFFFF
FFFFFF
FFFFFF
FFFFFF
FFFFFF
FFFFFF
FFFFFF
FFFFFF
FFFFFF
FFFFFF
FFFFFF
FFFFFF
FFFFFF
FFFFFF
FFFFFF
FFFFFF
FFFFFF
FFFFFF
FEFFFF
F7F9F8
E2E3E9
E4E5EB
E2E6EC
E2E6EC
E2E6EC
E2E6EC
E2E6EC
E2E6EC
E2E6EC
E2E6EC
E2E6EC
E2E6EC
E2E6EC
E2E6EC
E1E5EB
E1E5EB
E2E6EC
E2E6EC
E5E2EB
CFCCD5
DDD4DB
D3CAD1
B2A2A4
C3B3B5
C3B2AF
C4B3B0
C3B2AF
C1B0AD
C9BCB8
DBCECA
D8D0CF
BDB5B4
D1D5DA
E5E9EE
E2E6EC
E2E6EC
E4E5EB
E3E4EA
E2E4E7
EAECEF
F4F4F4
F1F1F1
ECECEC
FAFAFA
FFFFFE
FFFFFE
FFFFFF
FFFFFF
FFFFFF
FFFFFF
F8F8F8
F4F4F4
FDFEFC
FFFFFE
FAFFFF
90959D
6A7F9C
6E83A0
6E83A0
6E83A0
6C84A2
6C84A2
6E83A2
6E83A2
6C84A4
6C84A4
6D7F97
6B7D95
A7ABB0
EEF2F7
FFFFFF
F5F3F6
8DA0B3
697C8F
6B83A1
6B83A1
6E83A2
6F84A3
747C92
676F85
969295
DEDADD
BAB5B5
BEB9B9
FFFFFF
FFFFFF
FEFFFE
FEFFFE
FFFFFE
FFFFFE
FFFFFE
FFFFFE
FFFFFE
FFFFFE
FFFFFE
FFFFFE
FFFEFD
FFFFFE
C5C0C0
C2BDBD
C4BEC0
C4BEC0
C6BEBF
C3BBBC
CBC9CA
FFFFFF
FDFFFE
FEFFFF
FFF7F8
9F9798
9C99A2
7C7982
404F6E
2C3B5A
2F4269
30436A
2E4261
2C405F
405473
637796
7488A7
7387A6
617599
374B6F
2C4065
2F4368
2F4368
2F4368
2F4368
2F4368
2F4368
2F4368
2F4368
2F4368
2F4368
2F4368
2F4368
2F4368
2F4368
2F4368
2F4368
2F4368
2F4368
2F4368
2F4368
2F4368
2F4368
2F4368
2F4368
2F4368
2F4368
2F4368
2F4368
2F4368
2F4368
2F4368
2F4368
2F4368
2F4368
2F4368
2F4368
2F4368
2F4368
2F4368
2F4368
2F4368
2F4368
2F4368
2F4368
2F4368
2F4368
2F4368
2F4368
2F4368
2F4368
2F4368
2F4368
2F4368
2F4368
2F4368
2F4368
2F4368
2F4368
2F4368
2F4368
2F4368
2F4368
2F4368
2F4368
2F4368
2F4368
2F4368
2C4367
2C4367
2B4266
2B4266
3B3F5E
444867
695361
856F7D
A78586
B69495
FFFFFF
FFFFFF
FFFFFF
FFFFFF
FEFFFF
FDFFFE
FFFDFE
F9F7F8
EDE9EA
F0ECED
F3F0EF
F4F1F0
F4F1F0
F4F1F0
F4F1F0
F4F1F0
F4F1F0
F4F1F0
F6F3F2
F8F5F4
F8F7F6
F4F3F2
EEEFED
FDFEFC
FFFFFF
FFFFFF
FFFFFF
FFFFFF
FFFFFF
FFFFFF
FFFFFF
FFFFFF
FFFFFF
FFFFFF
FFFFFF
FFFFFF
FFFFFF
FFFFFF
FFFFFF
FFFFFF
FFFFFF
FFFFFF
FFFFFF
FFFFFF
FFFFFF
FFFFFF
FFFFFF
FFFFFF
FFFFFF
FEFEFE
FEFEFE
FFFFFF
FFFFFF
EBEDEC
E1E2E8
E4E5EB
E2E6EC
E2E6EC
E2E6EC
E2E6EC
E2E6EC
E2E6EC
E2E6EC
E2E6EC
E2E6EC
E2E6EC
E2E6EE
E2E6EE
E0E4EC
E1E5ED
E5E6ED
E0E1E8
D0CBD3
E1DCE4
E0D7DA
ABA2A5
C5B2B0
C6B3B1
C3B2AF
C4B3B0
BFB0AD
C8B9B6
DCCECD
DED0CF
B9B7BA
CECCCF
E4E9EF
E0E5EB
E3E4EB
E4E5EC
E2E2E6
E3E3E7
F4F4F4
F9F9F9
F1F1F1
ECECEC
F7F7F7
FFFFFF
FFFFFF
FFFFFF
FFFFFF
FFFFFF
FFFFFF
FEFEFE
F8F8F8
F8F8F8
FFFEFD
FFFFFF
D3DCEB
707988
6F84A1
6E83A0
6E83A2
6E83A2
6E83A2
6E83A2
6E83A2
6F84A3
6C819B
667B95
8F979E
D2DAE1
FFFFFF
FFFFFF
D3DFED
8995A3
657D9B
6C84A2
6B85A4
6B85A4
73839E
6A7A95
807B83
97929A
F1F0EF
FFFFFF
BBB6B6
BAB5B5
FFFFFF
FFFFFF
FFFFFF
FFFFFF
FFFFFF
FFFFFF
FFFFFF
FFFFFF
FFFFFF
FFFFFF
FFFFFF
FFFFFF
FFFDFE
FFFFFF
CCC7C7
BFBABA
C6BEBF
C6BEBF
C4BFBF
C0BBBB
CBC9CA
FFFFFF
FCFFFF
FCFFFF
FFFFFF
C4BFBF
958A88
C1B6B4
D7DAE5
8B8E99
38466D
2E3C63
2F4465
304566
2E4263
314566
4D6182
6D81A2
768AA9
6C809F
3D5074
2B3E62
304368
304368
2F4368
2F4368
2F4368
2F4368
2F4368
2F4368
2F4368
2F4368
2E4267
2F4368
2F4368
2F4368
2F4368
2F4368
2F4368
2F4368
2F4368
2F4368
2F4368
2F4368
2F4368
2F4368
2F4368
2F4368
2F4368
2F4368
2F4368
2F4368
2F4368
2F4368
2F4368
2F4368
2F4368
2F4368
2F4368
2F4368
2F4368
2F4368
2F4368
2F4368
2F4368
2F4368
2F4368
2F4368
2F4368
2F4368
2F4368
2F4368
2F4368
2F4368
2F4368
2F4368
2F4368
2F4368
2F4368
2F4368
2F4368
2F4368
2F4368
2F4368
2F4368
2F4368
2F4368
2F4368
2F4368
2F4368
2F4368
2F4368
2D446A
2B4268
2F4060
314262
4C475F
5F5A72
FFFFFF
FFFFFF
FFFFFF
FFFFFF
FFFFFF
FCFCFC
F6F4F5
EAE8E9
F1EDEE
F4F0F1
F4F1F0
F4F1F0
F4F1F0
F4F1F0
F4F1F0
F4F1F0
F3F0EF
F5F2F1
F7F4F3
F9F6F5
F5F4F3
EFEEED
FBFBFB
FFFFFF
FFFFFF
FFFFFF
FFFFFF
FFFFFF
FFFFFF
FFFFFF
FFFFFF
FFFFFF
FFFFFF
FFFFFF
FFFFFF
FFFFFF
FFFFFF
FFFFFF
FFFFFF
FFFFFF
FFFFFF
FFFFFF
FFFFFF
FFFFFF
FFFFFF
FFFFFF
FFFFFF
FFFFFF
FFFFFF
FEFEFE
FEFEFE
FFFFFF
F7F9FA
E1E3E4
E4E5EB
E4E5EB
E2E6EC
E2E6EC
E2E6EC
E2E6EC
E2E6EC
E2E6EC
E2E6EC
E2E6EC
E2E6EC
E2E6EC
E2E6EE
E2E6EE
E2E6EE
E3E7EF
DDDAE3
CCC9D2
E2E2E6
E3E3E7
B3A3A7
BFAFB3
C6B3B1
C5B2B0
C5B4B1
C1B0AD
C1B2AF
DBCCC9
DBD2D1
C1B8B7
CACACE
E9E9ED
E2E6EC
E1E5EB
E3E4EA
E2E3E9
E2E2E4
F8F8FA
FDFDFD
F4F4F4
EFEFEF
F4F4F4
FEFEFE
FFFFFF
FFFFFF
FFFFFF
FFFFFF
FFFFFF
FFFFFF
FDFDFD
F8F9F7
FBFCFA
FFFFFF
F2F3F1
7D8DA1
6E7E92
6E83A2
6E83A2
6E83A2
6E83A2
6E83A2
6E83A2
6C819E
667B98
848D96
BDC6CF
FDFCF7
FFFFFF
DAE3EC
9CA5AE
6C819B
6C819B
6B85A2
6B85A2
7084A3
6D81A0
767984
8C8F9A
9F9796
CCC4C3
FFFFFF
FBF9FA
B0ADAC
BDBAB9
FFFFFF
FFFFFF
FFFFFF
FFFFFF
FFFFFF
FFFFFF
FFFFFF
FFFFFF
FFFFFF
FFFFFF
FFFFFF
FFFFFF
FFFDFE
FFFFFF
CFCACA
BCB7B7
C5BDBE
C6BEBF
C5C0C0
BCB7B7
DCDADB
FFFFFF
FCFFFF
FCFFFF
FFFFFE
F4F3F2
8F8685
A89F9E
E5E2E1
FFFFFF
C8CEDE
5E6474
293C60
2F4266
304465
2F4364
2D3E5E
3C4D6D
5E7293
7589AA
6E81A5
45587C
2A3E63
2E4267
2F4368
2F4368
2F4368
2F4368
2F4368
2F4368
304469
374B70
2E4569
2B4266
2F4368
2F4368
2F4368
2F4368
2F4368
2F4368
2F4368
2F4368
2F4368
2F4368
2F4368
2F4368
2F4368
2F4368
2F4368
2F4368
2F4368
2F4368
2F4368
2F4368
2F4368
2E4267
2E4267
2F4368
2F4368
2F4368
2F4368
2F4368
2F4368
2F4368
2F4368
2F4368
2F4368
2F4368
2F4368
2F4368
2F4368
2F4368
2F4368
2F4368
2F4368
2F4368
2F4368
2F4368
2F4368
2F4368
2F4368
2F4368
2F4368
2F4368
2F4368
2F4368
2F4368
2F4368
2F4368
2F4368
2F4368
2F4368
2F4368
2F4368
2F426C
2E416B
2E4267
2B3F64
FFFFFF
FFFFFF
FFFFFF
FEFEFE
F9F9F9
F6F6F6
F0EEEF
F0EEEF
F5F1F2
F4F0F1
F4F1F0
F4F1F0
F4F1F0
F4F1F0
F4F1F0
F4F1F0
F4F1F0
F7F4F3
F9F6F5
F7F4F3
EFEEED
FCFBFA
FFFFFF
FEFEFE
FFFFFF
FFFFFF
FFFFFF
FFFFFF
FFFFFF
FFFFFF
FFFFFF
FFFFFF
FFFFFF
FFFFFF
FFFFFF
FFFFFF
FFFFFF
FFFFFF
FFFFFF
FFFFFF
FFFFFF
FFFFFF
FFFFFF
FFFFFF
FFFFFF
FFFFFF
FFFFFF
FFFFFF
FFFFFF
FEFEFE
FEFEFE
FFFFFF
EAECED
E2E4E5
E2E6EC
E1E5EB
E2E6EC
E2E6EC
E2E6EC
E2E6EC
E2E6EC
E2E6EC
E2E6EC
E2E6EC
E2E6EC
E2E6EC
E4E5EE
E4E5EE
E6E5ED
DAD9E1
CECBD3
E3E0E8
EBE9EA
B5B3B4
BCA8AB
C6B2B5
C5B1B2
C4B0B1
C0AEAE
BEACAC
D9CBCA
DED0CF
C0BABC
CCC6C8
E9EAF0
E4E5EB
E4E5EC
E3E4EB
DFDFE1
E6E6E8
EFEFEF
FEFEFE
FBFBFB
F1F1F1
F4F4F4
FDFDFD
FFFFFF
FFFFFF
FFFFFF
FFFFFF
FFFFFF
FFFFFF
FFFFFF
FEFEFE
FDFEFC
FFFFFF
E1E5EB
72767C
647993
70859F
6E83A2
6E83A2
6E83A2
6E83A2
6B83A1
677F9D
758394
ABB9CA
F4F5F3
FFFFFF
ECF0FD
A9ADBA
6D829B
697E97
6B83A1
6C84A2
6E86A4
6E86A4
6F7589
70768A
B4A6A7
BEB0B1
A29A99
FAF2F1
FFFFFF
F2EEEF
AEABAA
CAC7C6
FFFFFF
FFFFFF
FFFFFF
FFFFFF
FFFFFF
FFFFFF
FFFFFF
FFFFFF
FFFFFF
FFFFFF
FFFFFF
FFFFFF
FFFEFF
FFFFFF
E2DDDD
B8B3B3
C7BFC0
C6BEBF
C3BEBE
BEB9B9
F6F6F6
FFFFFF
FEFFFF
FEFFFF
FEFEFE
FFFFFF
B2A7A7
958A8A
C6C1BD
FFFDF9
FFFFFF
F1EFF0
757C93
383F56
2D4162
2F4364
304469
2E4267
2F4266
506387
7286A7
7387A8
4B5F83
2B3F63
2E4267
2F4368
2F4368
2F4368
2F4368
2F4368
2D4468
445B7F
486184
334C6F
2C4367
2D4468
2F4368
2F4368
2F4368
2F4368
2F4368
2F4368
2F4368
2F4368
2F4368
2F4368
2F4368
2F4368
2F4368
2F4368
2F4368
2F4368
2F4368
2E4267
32496D
3C5377
32466B
2F4368
2E4267
2E4267
2F4368
2F4368
2F4368
2F4368
2F4368
2F4368
2F4368
2F4368
2F4368
2F4368
2F4368
2F4368
2F4368
2F4368
2F4368
2F4368
2F4368
2F4368
2F4368
2F4368
2F4368
2F4368
2F4368
2F4368
2F4368
2F4368
2F4368
2F4368
2F4368
2F4368
2F4368
2F4368
2F4368
2F4368
2F4367
2F4367
2F4367
2F4367
FFFFFF
FFFFFF
FDFDFD
F8F8F8
FCFAFB
F6F4F5
F1EDEE
F4F0F1
F4F0F1
F4F0F1
F4F1F0
F4F1F0
F4F1F0
F4F1F0
F4F1F0
F6F3F2
F8F5F4
F8F5F4
F7F4F3
F2EFEE
FBF9FA
FFFEFF
FEFEFE
FEFEFE
FFFFFF
FFFFFF
FFFFFF
FFFFFF
FFFFFF
FFFFFF
FFFFFF
FFFFFF
FFFFFF
FFFFFF
FFFFFF
FFFFFF
FFFFFF
FFFFFF
FFFFFF
FFFFFF
FFFFFF
FFFFFF
FFFFFF
FFFFFF
FFFFFF
FFFFFF
FFFFFF
FFFFFF
FEFEFE
FEFEFE
FEFEFE
F9F9F9
E2E4E7
E4E6E9
E0E4EA
E1E5EB
E2E6EC
E2E6EC
E2E6EC
E2E6EC
E2E6EC
E2E6EC
E2E6EC
E2E6EC
E2E6EC
E2E6EC
E2E6EE
E3E7EF
DCD7E0
D5D0D9
E3E5E8
EAECEF
D3C8CA
B2A7A9
C8B4B5
C5B1B2
C6B2B3
C1ADAE
B7A7A7
D8C8C8
DDD2D2
C6BBBB
C1BFC4
E9E7EC
E4E5EC
E5E6ED
E3E4EA
DFE0E6
EAEAEC
F0F0F2
EFEFEF
FEFEFE
FEFEFE
F7F7F7
FBFBFB
FFFFFF
FFFFFF
FFFFFF
FFFFFF
FFFFFF
FFFFFF
FFFFFF
FFFFFF
FFFFFF
FFFFFF
CDCFD0
525E70
5B6779
7186A5
6E83A2
6E83A2
6E83A2
6C84A0
6B839F
6D7D91
8494A8
D9DEE0
FFFFFF
F7FFFF
BEC7D0
788AA5
6B7D98
6B83A3
6B83A3
6F83A4
7387A8
81748E
61546E
9E9093
F2E4E7
F0E9E3
A9A29C
BEB9B7
FFFFFE
FFFFFF
E5E1E2
B4B1B0
D5D2D1
FFFFFF
FFFFFF
FFFFFF
FFFFFF
FFFFFF
FFFFFF
FFFFFF
FFFFFF
FFFFFF
FFFFFF
FFFFFF
FFFFFF
FFFFFF
FFFFFF
F6F1F1
B8B3B3
C7BFC0
C8C0C1
BAB5B5
DFDADA
FFFFFF
FDFDFD
FFFFFF
FFFFFF
FEFEFE
FFFFFF
E6D8DB
887A7D
AFAAA8
F4EFED
FFFFFD
FFFFFF
F4F4F8
A1A1A5
4A5672
303C58
2D446A
2E456B
314468
2C3F63
45597A
6F83A4
7287A8
4F6485
2C4064
2D4165
2F4368
2F4368
2F4368
2F4368
2C4367
374E72
547193
557294
425B7E
2F486B
2D4468
2D4468
2F4368
2F4368
2F4368
2F4368
2F4368
2F4368
2F4368
2F4368
2F4368
2F4368
2F4368
2F4368
2F4368
2F4368
2F4368
2E4267
354C70
566D91
455C80
2D4468
354C70
32496D
2D4166
2F4368
2F4368
2F4368
2F4368
2F4368
2F4368
2F4368
2F4368
2F4368
2F4368
2F4368
2F4368
2F4368
2F4368
2F4368
2F4368
2F4368
2F4368
2F4368
2F4368
2F4368
2F4368
2F4368
2F4368
2F4368
2F4368
2F4368
2F4368
2F4368
2F4368
2F4368
2F4368
2F4368
2F4368
2F4368
2F436A
2F436A
FFFFFF
FBFBFB
F7F7F7
FEFEFE
FAF8F9
F0EEEF
F4F1F0
F4F1F0
F4F1F0
F4F1F0
F4F1F0
F4F1F0
F4F1F0
F4F1F0
F6F3F2
F7F4F3
F7F6F5
F6F5F4
F0EFEE
FAF9F8
FFFFFF
FEFEFE
FEFEFE
FFFFFF
FFFFFF
FFFFFF
FFFFFF
FFFFFF
FFFFFF
FFFFFF
FFFFFF
FFFFFF
FFFFFF
FFFFFF
FFFFFF
FFFFFF
FFFFFF
FFFFFF
FFFFFF
FFFFFF
FFFFFF
FFFFFF
FFFFFF
FFFFFF
FFFFFF
FFFFFF
FFFFFF
FFFFFF
FEFEFE
FEFEFE
FFFFFF
EEEEEE
E1E2E8
E3E4EA
E1E5EB
E2E6EC
E2E6EC
E2E6EC
E2E6EC
E2E6EC
E2E6EC
E2E6EC
E2E6EB
E2E6EB
E1E5EB
E1E5EB
E7E6EE
D8D7DF
D4CFD7
E8E3EB
EBEBEB
E9E9E9
BAAAAA
C3B3B3
C5B4B1
C5B4B1
BFAFAF
B2A2A2
D3C8C6
DDD2D0
C4BBBE
B9B0B3
E5E6ED
E4E5EC
E4E5EB
E3E4EA
DFDFE1
EBEBED
F4F2F3
EFEDEE
EAEAEA
FCFCFC
FFFFFF
FEFEFE
FEFEFE
FFFFFF
FFFFFF
FFFFFF
FFFFFF
FFFFFF
FEFFFD
FDFEFC
FFFFFF
FEFFFF
AFB7BE
495158
4D5D78
74849F
6F84A3
6E83A2
6C84A2
6D85A3
6C7E98
72849E
BABFC5
F5FAFF
FFFFFF
DFE4E6
8A9AB3
6A7A93
6C81A0
6E83A2
6B86A7
6C87A8
87758F
705E78
6F3A48
C08B99
FEFFF7
FFFFFC
D8D0CF
958D8C
EDEAE9
FFFFFF
FFFFFF
D1CFD0
BDBBBC
F2F0F1
FFFFFF
FFFFFF
FFFFFF
FFFFFF
FFFFFF
FFFFFF
FFFFFF
FFFFFF
FFFFFF
FFFFFF
FEFEFE
FEFEFE
F9F9F9
FFFFFF
FFFDFC
BDBAB9
C4BCBD
C1B9BA
BDBAB9
FFFCFB
FEFEFE
FEFEFE
FFFFFF
FFFFFF
FFFFFF
FFFFFF
FFF8FB
978D90
9C9392
DED5D4
FFFFFF
FDFEFC
FFFFFE
E2E1DE
B4B4C0
787884
364465
313F60
2F4368
2E4267
2A3D61
425579
6E81A5
7487AB
5B6F93
314569
2D4166
2E4267
2F4368
2F4368
2E4267
2D4166
3A5577
526D8F
546D90
3F587B
304469
2F4368
2F4368
2F4368
2F4368
2F4368
2F4368
2F4368
2F4368
2F4368
2F4368
2F4368
2F4368
2F4368
2F4368
2F4368
2F4368
2F4368
2D4468
42597D
3D5679
344D70
5B7A9B
597899
384F73
2B4266
2F4368
2F4368
2F4368
2F4368
2F4368
2F4368
2F4368
2F4368
2F4368
2F4368
2F4368
2F4368
2F4368
2F4368
2F4368
2F4368
2F4368
2F4368
2F4368
2F4368
2F4368
2F4368
2F4368
2F4368
2F4368
2F4368
2F4368
2F4368
2F4368
2F4368
2F4368
2F4368
304368
304368
304367
304367
F8F8F8
F8F8F8
FFFEFF
FBF9FA
EFECEB
F4F1F0
F4F1F0
F4F1F0
F4F1F0
F4F1F0
F4F1F0
F4F1F0
F4F1F0
F6F3F2
F6F5F4
F6F5F4
F6F5F4
F0EFEE
F7F8F6
FFFFFF
FFFFFF
FFFFFF
FFFFFF
FFFFFF
FFFFFF
FFFFFF
FFFFFF
FFFFFF
FFFFFF
FFFFFF
FFFFFF
FFFFFF
FFFFFF
FFFFFF
FFFFFF
FFFFFF
FFFFFF
FFFFFF
FFFFFF
FFFFFF
FFFFFF
FFFFFF
FFFFFF
FFFFFF
FFFFFF
FFFFFF
FFFFFF
FFFFFF
FFFFFE
FFFFFE
FBFDFE
E4E6E7
E1E5EB
E1E5EB
E2E6EC
E2E6EC
E2E6EC
E1E5EB
E2E6EC
E2E6EC
E2E6EC
E2E6EC
E1E6EB
E1E6EB
E4E5EC
E7E8EF
D7D4DD
D3D0D9
E6E6E8
EEEEF0
FFFBFB
C1BCBC
BFAEAB
C4B3B0
C5B4B1
C1B0AD
AEA09F
D1C3C2
DDD2D2
CCC1C1
ACAAAF
E4E2E7
E5E6ED
E4E5EC
E3E3E7
E0E0E4
E7E7E7
F6F6F6
FBF9FA
F1EFF0
EAEAEA
FBFBFB
FFFFFF
FFFFFF
FFFFFF
FFFFFF
FFFFFF
FFFFFF
FFFFFF
FFFFFF
FDFDFD
FFFFFF
E7EBF3
83878F
424A60
495167
6B7F9C
7084A1
6C84A2
6B83A1
6D81A0
687C9B
9097A3
DCE3EF
FFFFFF
FFFDFE
B5C2D7
768398
697E9D
6E83A2
6A85A6
6C87A8
827A95
716984
91324A
8A2B43
B1979A
FFF8FB
FFFFFE
F6F9F4
AFA7A8
AEA6A7
FFFFFF
FFFDFE
FFFFFF
D8D6D7
E3E3E3
FFFFFF
FFFFFF
FFFFFF
FFFFFF
FFFFFF
FFFFFF
FFFFFF
FFFFFF
FFFFFF
FFFFFF
FFFFFF
FEFEFE
F5F5F5
EFEFEF
FFFFFF
FFFFFF
DCD8D9
B9B4B4
AFAAAA
E7E5E6
FFFFFF
FFFFFF
FFFFFF
FFFFFF
FFFFFF
FFFFFF
FFFFFF
FFFEFF
C5BCBF
8B8080
C4B9B9
FEFFFD
FEFFFD
FFFFFE
F8F7F6
CDC4C7
C9C0C3
A1A1B0
626271
324365
314264
2E4267
2B3F64
415576
6D81A2
7488A9
607495
33476B
2B3F63
2F4368
2F4368
2F4368
2F4368
2B4266
30476B
354C70
344B6F
2F4368
2F4368
2F4368
2F4368
2F4368
2F4368
2F4368
2F4368
2F4368
2F4368
2F4368
2F4368
2F4368
2F4368
2F4368
2F4368
2F4368
2F4368
2F4368
2F4368
2A4366
385174
6A8FAE
6F94B3
5E799B
2C4769
2F4368
2F4368
2F4368
2F4368
2F4368
2F4368
2F4368
2F4368
2F4368
2F4368
2F4368
2F4368
2F4368
2F4368
2F4368
2F4368
2F4368
2F4368
2F4368
2F4368
2F4368
2F4368
2F4368
2F4368
2F4368
2F4368
2F4368
2F4368
2F4368
2F4368
2F4368
2F4368
2F4368
2F4368
304368
304368
FBFBFB
FFFFFF
FDFBFC
EDEBEC
F2EFEE
F4F1F0
F4F1F0
F4F1F0
F4F1F0
F4F1F0
F3F0EF
F3F0EF
F6F3F2
F8F5F4
F6F5F4
F7F6F5
EFF0EE
F5F6F4
FFFFFE
FFFFFE
FFFFFF
FFFFFF
FFFFFF
FFFFFF
FFFFFF
FFFFFF
FFFFFF
FFFFFF
FFFFFF
FFFFFF
FFFFFF
FFFFFF
FFFFFF
FFFFFF
FFFFFF
FFFFFF
FFFFFF
FFFFFF
FFFFFF
FFFFFF
FFFFFF
FFFFFF
FFFFFF
FFFFFF
FFFFFF
FFFFFF
FFFFFF
FFFFFF
FEFEFE
FFFFFF
F0F2F5
E1E3E6
E2E6EC
E2E6EC
E2E6EC
E2E6EC
E2E6EC
E1E5EB
E2E6EC
E2E6EC
E2E6EC
E2E6EC
E2E6EE
E2E6EE
E8E5ED
D8D5DD
D4D2D7
ECEAEF
F6F6F6
FFFFFF
E0D5D5
B6ABAB
C5B2B0
C4B1AF
C3B1B1
B2A0A0
CDBFC0
DDCFD0
D4CACD
B9AFB2
E0E1E7
E6E7ED
E3E4EA
E0E1E7
E8E6E9
E9E7EA
F9F9F9
FFFFFF
FFFFFF
F0F0F0
ECECEC
FAFAFA
FFFFFF
FFFFFF
FFFFFF
FFFFFF
FFFFFF
FFFFFF
FEFEFE
FFFFFF
FEFEFE
E4E4E4
666C7E
454B5D
434F6B
65718D
6E86A4
6C84A2
6D85A5
6A82A2
71798F
A7AFC5
FBF9FA
FFFFFF
E1EAF6
97A0AC
677C9B
6D82A1
6B85A0
6B85A0
79809C
6B728E
A85263
984253
813138
D18188
FFFFFF
FEFFFE
FFFFFF
E7E2E2
928D8D
E0DBDB
FFFFFF
FDFDFD
FEFCFD
EEECED
FEFEFE
FEFEFE
FFFFFF
FFFFFF
FFFFFF
FFFFFF
FFFFFF
FFFFFF
FFFFFF
FFFFFF
FFFFFF
FFFFFF
FFFFFF
E7E5E6
EEEEEE
FFFFFF
FEFEFE
FAFAFA
CAC6C7
CFCBCC
FEFEFE
FEFEFE
FFFFFF
FFFFFF
FFFFFF
FFFFFF
FFFFFF
FFFFFF
FFFFFF
F0ECED
8B8080
ADA2A2
F2F1F0
FFFFFF
FEFFFD
FFFFFF
E3DEDE
C2BDBD
C9C1C2
C8C0C1
A3A8BF
53586F
2C4065
2E4267
2D4162
415576
6C80A1
7488A9
667B9C
3B5071
2C4064
2F4367
2F4368
2F4368
2F4368
2E4267
2E4267
2E4267
2E4267
2F4368
2F4368
2F4368
2F4368
2F4368
2F4368
2F4368
2F4368
2F4368
2F4368
2F4368
2F4368
2F4368
2F4368
2F4368
2F4368
2F4368
2F4368
2F4368
2D4468
2F466A
5A7F9E
6E93B2
6F8EAF
3C5B7C
2D4166
2F4368
2F4368
2F4368
2F4368
2F4368
2F4368
2F4368
2F4368
2F4368
2F4368
2F4368
2F4368
2F4368
2F4368
2F4368
2F4368
2F4368
2F4368
2F4368
2F4368
2F4368
2F4368
2F4368
2F4368
2F4368
2F4368
2F4368
2F4368
2F4368
2F4368
2F4368
2F4368
2F4368
2F4267
374A6F
FEFEFE
FEFEFE
EFEDEE
F0EEEF
F5F2F1
F4F1F0
F4F1F0
F3F0EF
F4F1F0
F4F1F0
F3F0EF
F4F1F0
F9F6F5
F9F6F5
F8F7F6
F1F0EF
F3F4F2
FFFFFE
FEFFFD
FFFFFE
FFFFFF
FFFFFF
FFFFFF
FFFFFF
FFFFFF
FFFFFF
FFFFFF
FFFFFF
FFFFFF
FFFFFF
FFFFFF
FFFFFF
FFFFFF
FFFFFF
FFFFFF
FFFFFF
FFFFFF
FFFFFF
FFFFFF
FFFFFF
FFFFFF
FFFFFF
FFFFFF
FFFFFF
FFFFFF
FFFFFF
FFFFFF
FEFEFE
FEFEFE
FBFBFB
E3E4EA
E3E4EA
E2E6EC
E2E6EC
E2E6EC
E2E6EC
E2E6EC
E2E6EC
E2E6EC
E2E6EC
E2E6EC
E2E6EC
E4E5EC
E5E6ED
D8D4D7
D8D4D7
F3F3F3
FCFCFC
FFFFFF
F3F2F1
BBACA9
C3B4B1
C4B0B1
C6B2B3
B19F9F
CAB8B8
DED0D3
DBCDD0
B8B4B9
DCD8DD
E8EAED
E3E5E8
E3E3E5
E9E9EB
EBE9EA
F1EFF0
FFFFFF
FFFFFF
FDFDFD
EDEDED
EDEDED
FAFAFA
FFFFFF
FFFFFF
FFFFFF
FFFFFF
FFFFFF
FFFFFF
FEFEFE
FBFBFB
F1F3F4
CACCCD
495066
464D63
4F5F7A
74849F
6C84A2
6C84A2
707F9A
71809B
C3C7CD
FFFFFF
FDFFFF
C2C5D0
7388A1
6A7F98
6B85A2
6B85A2
74849F
6B7B96
965668
A16173
CE5463
9E2433
917176
FFEEF3
FCFFFF
FAFFFF
FFFFFD
C4BFBD
9B9897
FFFEFD
FFFFFF
FEFEFE
FDFDFD
F8F8F8
FFFFFF
FFFFFF
FFFFFF
FFFFFF
FFFFFF
FFFFFF
FFFFFF
FFFFFF
FFFFFF
FFFFFF
FFFFFF
FEFEFE
FFFDFE
DDD9DA
F7F7F7
FFFFFF
FEFEFE
FEFEFE
FDFBFC
FFFDFE
FEFEFE
FFFFFF
FFFFFF
FFFFFF
FFFFFF
FFFFFF
FFFFFF
FFFFFF
FFFEFF
FFFFFF
AFA4A4
938888
E0DDDC
FFFFFF
FFFFFE
FFFFFF
FAF9F6
C7C6C3
C5BDBE
C5BDBE
EDEBF0
E4E2E7
5E6D89
2E3D59
314469
2E4166
3F5372
6C809F
768AA9
6C809F
405576
2C4162
2F4367
2F4367
2F4368
2F4368
2F4368
2F4368
2F4368
2F4368
2F4368
2F4368
2F4368
2F4368
2F4368
2F4368
2F4368
2F4368
2F4368
2F4368
2F4368
2F4368
2F4368
2F4368
2F4368
2F4368
2F4368
2F4368
2F4368
2C4065
365878
688AAA
718EB0
3F5C7E
2D4166
2F4368
2F4368
2F4368
2F4368
2F4368
2F4368
2F4368
2F4368
2F4368
2F4368
2F4368
2F4368
2F4368
2F4368
2F4368
2F4368
2F4368
2F4368
2F4368
2F4368
2F4368
2F4368
2F4368
2F4368
2F4368
2F4368
2F4368
2F4368
2F4368
2F4368
2F4368
2F4368
2F4368
2D4064
56698D
FFFFFF
F3F3F3
EDEBEC
F1EFF0
F4F1F0
F4F1F0
F4F1F0
F4F1F0
F4F1F0
F2EFEE
F4F1F0
F8F5F4
F9F6F5
F9F6F5
F1F2F0
F2F3F1
FFFFFE
FEFFFD
FEFFFD
FFFFFE
FFFFFF
FFFFFF
FFFFFF
FFFFFF
FFFFFF
FFFFFF
FFFFFF
FFFFFF
FFFFFF
FFFFFF
FFFFFF
FFFFFF
FFFFFF
FFFFFF
FFFFFF
FFFFFF
FFFFFF
FFFFFF
FFFFFF
FFFFFF
FFFFFF
FFFFFF
FFFFFF
FFFFFF
FFFFFF
FFFFFF
FFFFFF
FFFFFF
FBFDFE
E7E9EA
DFE3E9
E1E5EB
E1E5EB
E2E6EC
E1E5EB
E2E6EC
E2E6EC
E2E6EC
E2E6EC
E2E6EC
E2E6EC
E2E6EC
E5E5E9
D7D7DB
DCDADB
FDFBFC
FBFFFD
FBFFFD
FFFDFC
C9C1C0
BEADAA
C4B3B0
C5B3B3
B3A1A1
C1B1B3
DFCFD1
DCD1D3
C3B8BA
CBCBCF
E8E8EC
E2E2E4
E5E5E7
EDEBEC
EEECED
EAEAEA
FCFCFC
FFFFFF
FFFFFF
FAFAFA
EDEDED
EEEEEE
FAFAFA
FFFFFF
FFFFFF
FFFFFF
FFFFFF
FFFFFF
FFFFFF
FFFFFF
D0D1CF
DFE3EB
A7ABB3
414962
464E67
6C7D9B
7182A0
6C84A2
677F9D
7D8490
D5DCE8
FFFFFF
EDEDEF
98A5BA
717E93
6A82A0
6C84A2
6D88A0
6A859D
8D6077
8C5F76
D15C70
D96478
A23C49
A13B48
E8E7E6
FFFFFF
FEFFFB
FFFFFC
FFF8F7
9F9796
CBCAC7
FFFFFE
FFFFFE
FEFFFD
FEFEFE
FFFFFF
FEFFFF
FEFFFF
FFFFFF
FFFFFF
FFFFFF
FFFFFF
FFFFFF
FFFFFF
FFFFFF
FFFFFF
FFFFFF
FFFFFF
FAF6F7
D5D1D2
FEFCFD
FFFFFF
FEFEFE
FDFDFD
FEFEFE
FEFEFE
FFFFFF
FFFFFF
FFFFFF
FFFFFF
FFFFFF
FFFFFF
FFFFFF
FFFFFF
FEFEFE
FFFFFF
E5DADC
877C7E
CBC8C7
FFFFFF
FFFFFE
FFFFFE
FFFFFF
DFDEDD
C0BBBB
C2BDBD
D9D6D3
FFFFFF
E9F0FD
575E6B
293C60
304367
2D4160
3A4E6D
687C99
7589A6
6E83A4
475C7D
2D4263
2E4364
2F4368
2F4368
2F4368
2F4368
2F4368
2F4368
2F4368
2F4368
2F4368
2F4368
2F4368
2F4368
2F4368
2F4368
2F4368
2F4368
2F4368
2F4368
2F4368
2F4368
2F4368
2F4368
2F4368
2F4368
2F4368
2F4368
2B4467
3B5477
41587C
2E4569
2F4368
2F4368
2F4368
2F4368
2F4368
2F4368
2F4368
2F4368
2F4368
2F4368
2F4368
2F4368
2F4368
2F4368
2F4368
2F4368
2F4368
2F4368
2F4368
2F4368
2F4368
2F4368
2F4368
2F4368
2F4368
2F4368
2F4368
2F4368
2F4368
2F4368
2F4368
2F4368
2F4368
2D4166
3B4F70
6D81A2
F6F6F6
ECECEC
F4F0F1
F3EFF0
F3F0EF
F5F2F1
F5F2F1
F4F1F0
F2EFEE
F3F0EF
F7F5F6
F7F5F6
F7F5F6
F3F1F2
F0F0F0
FFFFFF
FFFFFF
FFFFFF
FFFFFF
FFFFFF
FFFFFF
FFFFFF
FFFFFF
FFFFFF
FFFFFF
FFFFFF
FFFFFF
FFFFFF
FFFFFF
FFFFFF
FFFFFF
FFFFFF
FFFFFF
FFFFFF
FFFFFF
FFFFFF
FFFFFF
FFFFFF
FFFFFF
FFFFFF
FFFFFF
FFFFFF
FFFFFE
FFFFFE
FFFFFF
FEFEFE
FFFFFF
FAFAFA
E3E4EA
DFE0E6
E2E6EC
E1E5EB
E1E5EB
E1E5EB
E1E5EB
E2E6EC
E2E6EB
E2E6EB
E2E6EC
E2E6EC
E3E5E8
E3E5E8
E2DCDE
E3DDDF
FFFFFF
FFFFFF
FDFFFE
FBFDFC
E0D5D7
B2A7A9
C4B3B0
C5B4B1
BBA9A9
BCAAAA
DDCFD0
DED0D1
CFC6C5
C1B8B7
E6E6E8
E0E0E2
E9E7E8
F2F0F1
F1EFF0
EBE9EA
F0F0F0
FFFFFF
FEFEFE
FFFFFF
F8F8F8
EEEEEE
EFEFEF
FBFBFB
FFFFFF
FFFFFF
FFFFFF
FFFFFF
FFFFFE
FFFFFE
FCFEFF
A1A3A6
E6EAF7
727683
3A4461
636D8A
6F84A1
6E83A0
6C7D90
7E8FA2
E9E5E6
FFFFFF
D0D9E5
828B97
687D9E
6D82A3
6985A1
6C88A4
866E88
78607A
BB596A
CB697A
DC6175
C94E62
763B41
EBB0B6
FDFFFF
F8FFFD
FEFFFB
FFFFFD
ECE7E5
95908E
F7F6F3
FFFFFC
FFFFFE
FEFFFD
FEFEFE
FFFFFF
FFFFFF
FFFFFF
FFFFFF
FFFFFF
FFFFFF
FFFFFF
FFFFFF
FFFFFF
FFFFFF
FFFFFF
FFFFFF
FFFFFF
ECE6E8
D8D2D4
FFFDFE
FFFFFF
FFFFFF
FEFEFE
FEFEFE
FEFEFE
FFFFFF
FFFFFF
FFFFFF
FFFFFF
FFFFFF
FFFFFF
FFFFFF
FFFFFF
FEFEFF
FEFEFF
FFFDFF
A7A1A3
B1A9A8
FFFBFA
FFFFFE
FEFFFD
FFFFFE
F8F7F6
C4C1C0
C0BDBC
C9C8C5
FAF9F6
FFFFFF
CCCCCE
3C4A69
334160
314566
2E4263
374B6A
657998
7287A8
7085A6
4F6387
2D4165
2E4267
2F4368
2F4368
2F4368
2F4368
2F4368
2F4368
2F4368
2F4368
2F4368
2F4368
2F4368
2F4368
2F4368
2F4368
2F4368
2F4368
2F4368
2F4368
2F4368
2F4368
2F4368
2F4368
2F4368
2F4368
2F4368
2F4368
2D4166
2C4065
2E4267
2F4368
2F4368
2F4368
2F4368
2F4368
2F4368
2F4368
2F4368
2F4368
2F4368
2F4368
2F4368
2F4368
2F4368
2F4368
2F4368
2F4368
2F4368
2F4368
2F4368
2F4368
2F4368
2F4368
2F4368
2F4368
2F4368
2F4368
2F4368
2F4368
2F4368
2F4368
2F4368
2D4166
2B3F64
5A6B8B
7586A6
EDEDED
F1F1F1
F4F0F1
F3EFF0
F4F1F0
F4F1F0
F5F2F1
F2EFEE
F0EDEC
F9F6F5
F7F5F6
F8F6F7
F4F4F4
EFEFEF
FEFEFE
FFFFFF
FFFFFF
FFFFFF
FFFFFF
FFFFFF
FFFFFF
FFFFFF
FFFFFF
FFFFFF
FFFFFF
FFFFFF
FFFFFF
FFFFFF
FFFFFF
FFFFFF
FFFFFF
FFFFFF
FFFFFF
FFFFFF
FFFFFF
FFFFFF
FFFFFF
FFFFFF
FFFFFF
FFFFFF
FFFFFF
FFFFFF
FFFFFF
FFFFFF
FEFEFE
FFFFFF
F8F8FA
DEDEE0
DADEE3
E1E5EA
E2E6EC
E2E6EC
E2E6EC
E2E6EC
E2E6EC
E2E6EC
E2E6EC
E2E6EC
E2E6EC
E0E4EA
E8E6E9
EBE9EC
E5E2E1
FFFEFD
FFFFFF
FEFEFE
F3F1F2
E4E2E3
BCACAE
C0B0B2
C5B2AE
BEABA7
B0A0A0
DCCCCC
DBD0D0
DACFCF
B1A8A7
DDD4D3
E4E4E6
F2F2F4
FBF9FA
F8F6F7
F2F0F1
E9E7E8
FBFBFB
FFFFFF
FEFEFE
FFFFFF
F5F5F5
F0F0F0
F1F1F1
FBFBFB
FFFFFF
FFFFFF
FFFFFF
FFFFFF
FFFFFF
FFFFFF
E6E7ED
9C9DA3
E8ECF7
565A65
52607F
7583A2
6E83A0
677C99
8E969D
EAF2F9
FFFFFF
BABEC3
6B8099
6C819A
6A86A4
6C88A6
7E7A94
6D6983
B05264
C36577
D56577
D36375
D46273
A33142
A28989
FFFAFA
FCFFFE
FCFFFE
FFFFFE
FFFFFF
CBC6C4
B1ACAA
FFFFFE
FFFFFC
FFFFFE
FEFFFD
FEFEFE
FFFFFF
FFFFFF
FFFFFF
FFFFFF
FFFFFF
FFFFFF
FFFFFF
FFFFFF
FFFFFF
FFFFFF
FFFFFF
FFFFFF
FFFFFF
DED9D9
E2DDDD
FFFDFE
FFFEFF
FFFFFF
FFFFFF
FFFFFF
FFFFFF
FFFFFF
FFFFFF
FFFFFF
FFFFFF
FFFFFF
FFFFFF
FFFFFF
FEFEFF
FFFFFF
FFFFFF
FFFFFF
DCD8D9
999492
F8F3F1
FFFFFF
FFFEFD
FFFEFD
FFFFFF
DEDBDA
BCB9B8
C2BFBE
EDEAE9
FFFFFF
FFFEFD
9A9FB7
52576F
30446B
31456C
2D415E
394D6A
6B7C9C
7586A6
7485A7
596A8C
31456A
2D4166
2F4368
2F4368
2F4368
2F4368
2F4368
2F4368
2F4368
2F4368
2F4368
2F4368
2F4368
2F4368
2F4368
2F4368
2F4368
2F4368
2F4368
2F4368
2F4368
2F4368
2F4368
2F4368
2F4368
2F4368
2F4368
2F4368
2F4368
2F4368
2F4368
2F4368
2F4368
2F4368
2F4368
2F4368
2F4368
2F4368
2F4368
2F4368
2F4368
2F4368
2F4368
2F4368
2F4368
2F4368
2F4368
2F4368
2F4368
2F4368
2F4368
2F4368
2F4368
2F4368
2F4368
2F4368
2F4368
2F4368
2F4368
2F4368
2F4368
2F4368
2C3F63
3E5175
7384A2
687997
F0EEEF
F2F0F1
F4F0F1
F4F0F1
F3F0EF
F4F1F0
F2EFEE
F0EDEC
F5F3F4
F7F5F6
F7F5F6
F6F4F5
EDEDED
FCFCFC
FFFFFF
FFFFFF
FFFFFF
FFFFFF
FFFFFF
FFFFFF
FFFFFF
FFFFFF
FFFFFF
FFFFFF
FFFFFF
FFFFFF
FFFFFF
FFFFFF
FFFFFF
FFFFFF
FFFFFF
FFFFFF
FFFFFF
FFFFFF
FFFFFF
FFFFFF
FFFFFF
FFFFFF
FFFFFF
FFFFFF
FFFFFF
FFFFFF
FFFFFF
FEFEFE
FFFFFF
F2F2F4
DDDFE2
DBDDE0
E2E6EC
E3E7ED
E1E5EA
E2E6EB
E2E6EC
E2E6EC
E2E6EC
E2E6EC
E2E6EC
E1E5EB
E3E2E9
EBEAF1
F4F0F1
E6E2E3
FDFBFC
FFFEFF
F6F8F9
E7E9EA
EBE5E9
CDC7CB
BCAAAA
C3B1B1
C4B1AF
B09D9B
CFC6C5
D9D0CF
E0D0D0
B4A4A4
C3B8BA
EFE4E6
FAFAFA
FFFFFF
FEFEFE
F5F5F5
EBE9EA
EFEDEE
FFFFFF
FEFEFE
FEFEFE
FFFFFF
F1F1F1
F0F0F0
F4F4F4
FDFDFD
FFFFFF
FFFFFF
FFFFFF
FFFFFF
FFFFFF
FFFFFF
C6C7CE
AFB0B7
D6DAE7
4B4F5C
6A7B9B
7485A5
6B7C90
899AAE
F6F6F8
FCFCFE
A0B1C4
6B7C8F
6784A5
6784A5
7A829B
6E768F
A4526A
B26078
D36375
D36375
D76274
D96476
AA4957
9E3D4B
ECEDEB
FFFFFF
FEFFFF
FEFFFF
FFFFFE
FFFFFF
AFACAB
DDDAD9
FFFFFF
FFFFFE
FFFFFE
FEFFFD
FEFEFE
FFFFFF
FFFFFF
FFFFFF
FFFFFF
FFFFFF
FFFFFF
FFFFFF
FFFFFF
FFFFFF
FFFFFF
FEFEFE
FEFEFE
FAFAFA
D9D4D4
E7E2E2
FFFDFE
FFFEFF
FFFFFF
FFFFFF
FFFFFF
FFFFFF
FFFFFF
FFFFFF
FFFFFF
FFFFFF
FFFFFF
FFFFFF
FFFEFF
FFFEFF
F5F3F4
F2F0F1
FEFDFC
FAF9F8
999492
E2DDDB
FFFFFF
FFFEFD
FFFEFD
FFFFFE
FDFAF9
C2BFBE
BCBBBA
D7D6D5
FEFFFB
FFFFFD
CFD3D9
9EA2A8
486387
3E597D
354D78
2D4570
3A4F70
657A9B
7185A6
7286A7
607499
364A6F
2B3F64
2E4267
2F4368
2F4368
2F4368
2F4368
2F4368
2F4368
2F4368
2F4368
2F4368
2F4368
2F4368
2F4368
2F4368
2F4368
2F4368
2F4368
2F4368
2F4368
2F4368
2F4368
2F4368
2F4368
2F4368
2F4368
2F4368
2F4368
2F4368
2F4368
2F4368
2F4368
2F4368
2F4368
2F4368
2F4368
2F4368
2F4368
2F4368
2F4368
2F4368
2F4368
2F4368
2F4368
2F4368
2F4368
2F4368
2F4368
2F4368
2F4368
2F4368
2F4368
2F4368
2F4368
2F4368
2F4368
2F4368
2F4368
2E4267
2E4267
324667
637798
7384A4
425373
F4F1F0
F4F1F0
F5F1F2
F5F1F2
F4F1F0
F2EFEE
EFECEB
F7F4F3
F7F5F6
F8F6F7
F5F5F5
EBEBEB
FAFAFA
FFFFFF
FFFFFF
FFFFFF
FFFFFF
FFFFFF
FFFFFF
FFFFFF
FFFFFF
FFFFFF
FFFFFF
FFFFFF
FFFFFF
FFFFFF
FFFFFF
FFFFFF
FFFFFF
FFFFFF
FFFFFF
FFFFFF
FFFFFF
FFFFFF
FFFFFF
FFFFFF
FFFFFF
FFFFFF
FFFFFF
FFFFFF
FFFFFF
FFFFFF
FFFFFF
FDFDFD
EAECEF
DADCDF
D9DDE3
DFE3E9
E3E7ED
E2E6EC
E2E6EC
E2E6EC
E2E6EC
E2E6EC
E2E6EC
E1E5EB
E1E5EB
E3E7ED
F4F4F6
FCFCFE
E3E1E4
FAF8FB
FDFFFF
EEF0F1
E3E5E8
E3E5E8
E9DFE4
B7ADB2
C4B1AF
C7B4B2
B3A3A3
C9B9B9
DAD1D0
DCD3D2
C2ACAE
AA9496
EFE7E8
FFFAFB
FFFFFF
FEFEFE
FCFAFB
F1EFF0
E7E5E6
F9F7F8
FFFFFF
FEFEFE
FEFEFE
FEFEFE
EFEFEF
F1F1F1
FAFAFA
FFFFFF
FFFFFF
FFFFFF
FFFFFF
FFFFFF
FFFFFF
FFFFFF
AEADB7
B8B7C1
BCC4D5
575F70
7185A2
6A7E9B
8D969F
EEF7FF
F0F7FF
949BA7
667A99
6F83A2
73859F
6F819B
915C72
956076
D26476
D16375
CF6172
D26475
D75C72
BD4258
72313B
E6A5AF
FFFFFF
FBFFFE
FFFFFF
FFFFFF
FFFFFF
F9F7F8
AAA7A6
FCF9F8
FFFFFE
FFFFFE
FFFFFE
FEFFFD
FEFEFE
FFFFFF
FFFFFF
FFFFFF
FFFFFF
FFFFFF
FFFFFF
FFFFFF
FFFFFF
FFFFFF
FFFFFF
FEFEFE
FFFFFF
EFEFEF
DDD8D6
EAE5E3
FFFFFE
FFFFFE
FFFFFF
FFFFFF
FFFFFF
FFFFFF
FFFFFF
FFFFFF
FFFFFF
FFFFFF
FFFFFF
FFFFFF
FFFFFF
FFFFFF
EFEAEA
E2DDDD
EFECEB
FFFFFF
BEB6B5
C6BEBD
FFFFFF
FEFDFC
FFFEFD
FFFFFE
FFFFFF
E2E1E0
B6B5B4
C9C8C7
F6F7F3
FFFFFC
F5F1F2
B8B4B5
A3B2D3
637293
5074AC
42669E
365586
345384
5D7899
6D88A9
7388A9
6B80A1
475B7F
2D4165
2D4166
304469
2F4368
2F4368
2F4368
2F4368
2F4368
2F4368
2F4368
2F4368
2F4368
2F4368
2F4368
2F4368
2F4368
2F4368
2F4368
2F4368
2F4368
2F4368
2F4368
2F4368
2F4368
2F4368
2F4368
2F4368
2F4368
2F4368
2F4368
2F4368
2F4368
2F4368
2F4368
2F4368
2F4368
2F4368
2F4368
2F4368
2F4368
2F4368
2F4368
2F4368
2F4368
2F4368
2F4368
2F4368
2F4368
2F4368
2F4368
2F4368
2F4368
2F4368
2F4368
2F4368
2F4368
2F4368
2F4367
2C4064
516282
7788A8
566A89
2E4261
F3F0EF
F4F1F0
F4F0F1
F5F1F2
F3F0EF
EEEBEA
F6F4F5
F8F6F7
F7F5F6
F7F5F6
ECECEC
F8F8F8
FFFFFF
FFFFFF
FFFFFF
FFFFFF
FFFFFF
FFFFFF
FFFFFF
FFFFFF
FFFFFF
FFFFFF
FFFFFF
FFFFFF
FFFFFF
FFFFFF
FFFFFF
FFFFFF
FFFFFF
FFFFFF
FFFFFF
FFFFFF
FFFFFF
FFFFFF
FFFFFF
FFFFFF
FFFFFF
FFFFFF
FFFFFF
FFFFFF
FFFFFF
FFFFFF
FAFAFC
E5E5E7
DADCDF
DBDDE0
DBDFE5
E1E5EB
E2E6EC
E2E6EC
E2E6EC
E2E6EC
E2E6EC
E2E6EC
E2E6EC
E1E5EB
EAECEF
F9FBFE
FFFEFF
E5E3E4
F5F5F9
FAFAFE
E6EAEF
E0E4E9
E2E3E9
E8E9EF
D0C4C8
B7ABAF
C7B4B2
BDAAA8
BCAEB1
DED0D3
E0CED0
D0BEC0
99898B
E6D6D8
FFFDFE
FFFEFF
FEFEFE
FFFFFF
F7F7F7
EBEBEB
EBE9EA
FFFEFF
FFFFFF
FEFEFE
FEFEFE
FDFDFD
F0F0F0
F7F7F7
FEFEFE
FFFFFF
FFFFFF
FFFFFF
FFFFFF
FFFFFF
FFFFFF
FFFFFF
9898A6
BFBFCD
7B869C
677288
6E7E97
8595AE
F1F5FA
EEF2F7
8897B0
6C7B94
6A85A6
6B86A7
876B7E
7E6275
C55A70
CF647A
CE6176
CE6176
D56377
CD5B6F
B13748
981E2F
9A7B80
FFF4F9
FEFFFF
FDFFFE
FFFFFF
FFFFFF
FFFFFF
E6E2E3
BEBBBA
FFFFFF
FEFFFD
FFFFFE
FFFFFE
FEFFFD
FEFEFE
FFFFFF
FFFFFF
FFFFFF
FFFFFF
FFFFFF
FFFFFF
FFFFFF
FFFFFF
FFFFFF
FFFFFF
FEFEFE
FFFEFD
DDDCDB
DFDAD8
E9E4E2
FFFFFE
FFFFFE
FFFFFF
FFFFFF
FFFFFF
FFFFFF
FFFFFF
FFFFFF
FFFFFF
FFFFFF
FFFFFF
FFFFFF
FFFFFF
FFFFFF
F1ECEA
E1DCDA
E2DDDB
F9F4F2
E6DEDD
AFA7A6
FFFFFE
FFFEFD
FFFEFD
FFFFFE
FFFEFD
FFFFFE
C6C3C2
BDBAB9
E5E4E3
FFFFFF
FFFFFF
BFBEBD
C9CDD5
979BA3
657EA0
6B84A6
5D80AC
50739F
466691
51719C
607AA3
647EA7
6D81A8
5E7299
3C5075
2D4166
2E4267
2F4368
2F4368
2F4368
2D4468
2D4468
2F4367
2F4367
2F4368
2F4368
2F4368
2F4368
2F4368
2F4368
2F4368
2F4368
2F4368
2F4368
2F4368
2F4368
2F4368
2F4368
2F4368
2F4368
2F4368
2F4368
2F4368
2F4368
2F4368
2F4368
2F4368
2F4368
2F4368
2F4368
2F4368
2F4368
2F4368
2F4368
2F4368
2F4368
2F4368
2F4368
2F4368
2F4368
2F4368
2F4368
2F4368
2F4368
2F4368
2F4368
2F4368
2F4368
2F4368
2F4368
2C4162
3A4F70
7182A0
6A7B99
364A69
304463
F4F1F0
F4F1F0
F4F1F0
F3F0EF
EBEAE9
F3F2F1
F7F5F6
F7F5F6
F6F4F5
EEECED
F6F6F6
FFFFFF
FFFFFF
FFFFFF
FFFFFF
FFFFFF
FFFFFF
FFFFFF
FFFFFF
FFFFFF
FFFFFF
FFFFFF
FFFFFF
FFFFFF
FFFFFF
FFFFFF
FFFFFF
FFFFFF
FFFFFF
FFFFFF
FFFFFF
FFFFFF
FFFFFF
FFFFFF
FFFFFF
FFFFFF
FFFFFF
FFFFFF
FEFEFE
FDFDFD
FDFDFD
F2F2F2
DBE0E2
D8DDDF
D9DDE2
D9DDE2
E0E4E9
E3E7EC
E2E6EC
E2E6EC
E2E6EC
E2E6EC
E1E5EB
E0E4EA
E3E4EA
F1F2F8
FDFDFD
FFFFFF
E9E7E8
EDEBEC
F0F5F7
E2E7E9
E1E5EA
E2E6EB
E5E5E9
E2E2E6
BDADAD
C0B0B0
C1AFAF
B5A3A3
D7CCCE
DCD1D3
DCC7C6
A28D8C
BFB4B4
FFFBFB
FFFFFF
FEFEFE
FFFFFF
FEFEFE
F4F2F3
E6E4E5
F5F3F4
FFFFFF
FFFEFF
FFFEFF
FEFEFE
FCFCFC
F8F8F8
FEFEFE
FFFFFF
FFFFFF
FFFFFF
FFFFFF
FFFFFE
FFFFFE
FFFFFF
FEFEFF
9298AA
898FA1
5B6D85
6B7D95
838A96
EBF2FE
EAEEFB
8D919E
657EA0
6C85A7
857991
766A82
B35567
C6687A
D36077
D15E75
CD6077
D1647B
CE5266
AC3044
8D2937
A5414F
EDE8E8
FFFFFF
FEFFFF
FEFFFF
FFFFFF
FFFFFF
FFFFFF
D2D0D1
E1E1E1
FFFFFF
FFFFFF
FFFFFF
FFFFFF
FFFFFF
FFFFFF
FFFFFF
FFFFFF
FFFFFF
FFFFFF
FFFFFF
FFFFFF
FFFFFF
FFFFFF
FFFFFF
FFFFFF
FFFFFF
F7F4F1
D6D3D0
E2DAD9
EBE3E2
FFFFFE
FFFFFE
FFFFFF
FFFFFF
FFFFFF
FFFFFF
FFFFFF
FFFFFF
FFFFFF
FFFFFF
FFFFFF
FFFFFF
FFFFFF
FFFFFF
F3F0ED
E0DDDA
E2DAD9
EAE2E1
FCF4F3
A8A09F
F4F3F2
FFFFFE
FFFFFF
FFFFFF
FEFEFE
FFFFFF
EDE9EA
B4B0B1
D1CFD0
FEFCFD
FFFFFF
E4E5E3
B1B3B6
D9DBDE
77879D
6F7F95
6D85A3
6E86A4
6B84A9
647DA2
6A84AB
728CB3
6681AE
5F7AA7
5D779E
476188
35496E
2D4166
304367
304367
2F4368
2F4368
30436A
30436A
2F4367
2F4367
2F4368
304469
2F4368
2F4368
2F4368
2F4368
2F4368
2F4368
2F4368
2F4368
2F4368
2F4368
2F4368
2F4368
2F4368
2F4368
2F4368
2F4368
2F4368
2F4368
2F4368
2F4368
2F4368
2F4368
2F4368
2F4368
2F4368
2F4368
2F4368
2F4368
2F4368
2F4368
2F4368
2F4368
2F4368
2F4368
2F4368
2F4368
2F4368
2F4368
2F4368
2F4368
2F4367
2F4367
334766
637796
7485A5
485979
304161
2C3D5D
F4F1F0
F4F1F0
F4F1F0
ECE9E8
F3F2F1
F8F7F6
F6F4F5
F7F5F6
F1EFF0
F5F3F4
FFFFFF
FEFEFE
FFFFFF
FFFFFF
FFFFFF
FFFFFF
FFFFFF
FFFFFF
FFFFFF
FFFFFF
FFFFFF
FFFFFF
FFFFFF
FFFFFF
FFFFFF
FFFFFF
FFFFFF
FFFFFF
FFFFFF
FFFFFF
FFFFFF
FFFFFF
FFFFFF
FFFFFF
FFFFFF
FFFFFF
FFFFFF
FFFFFF
FEFEFE
FDFDFD
F5F5F7
DDDDDF
D8DDDF
DADFE1
D8DCE1
DEE2E7
E3E7EC
E2E6EB
E2E6EC
E2E6EC
E2E6EC
E2E6EC
E2E3E9
E5E6EC
F5F7FA
FEFFFF
FFFFFF
F2F0F3
E3E1E4
ECEAED
DFE3E8
E1E5EA
E2E6EC
E2E6EC
EAE6E9
CCC8CB
BAAAAA
C5B5B5
B3A3A5
C7B7B9
DCCECF
DED0D1
B69F9E
A68F8E
F2EDED
FFFFFF
FEFEFE
FEFEFE
FFFFFF
FAFAFA
EEECED
E6E4E5
FEFCFD
FFFEFF
FFFEFF
FFFEFF
FEFEFE
FDFDFD
FDFDFD
FFFFFF
FFFFFF
FFFFFF
FFFFFF
FFFFFF
FFFFFE
FFFFFE
FFFFFF
F8FAFB
838EA4
59647A
5E7186
76899E
E3E5E8
EEF0F3
8193AD
6C7E98
76829F
6E7A97
A9576A
B66477
D46476
D36375
CF6576
CF6576
DA6177
C1485E
AD293B
A42032
7C3A42
F8B6BE
FEFFFF
FAFFFE
FFFEFF
FFFEFF
FFFFFF
FFFFFF
FFFDFE
CECCCD
F9F9F9
FFFFFF
FFFFFF
FFFFFF
FFFFFF
FFFFFF
FFFFFF
FFFFFF
FFFFFF
FFFFFF
FFFFFF
FFFFFF
FFFFFF
FFFFFF
FFFFFF
FFFFFF
FFFFFF
FFFFFF
E8E3E1
DCD7D5
E1D9D8
EAE2E1
FFFFFE
FFFFFE
FFFFFF
FFFFFF
FFFFFF
FFFFFF
FFFFFF
FFFFFF
FFFFFF
FFFFFF
FFFFFF
FFFFFF
FFFFFF
FFFFFF
F8F5F2
E1DEDB
E2DAD9
E4DCDB
FBF3F2
BEB6B5
DEDDDC
FFFFFF
FFFFFF
FFFFFF
FFFFFF
FFFFFF
FFFFFF
C6C2C3
BBB9BA
F2F0F1
FFFFFE
FEFFFD
B0B2B3
D9DBDC
BBC7D9
758193
68809C
6C84A0
6F84A5
6F84A5
7180A1
7A89AA
90A2BA
9FB1C9
8CA6CF
758FB8
56749D
3B5982
314974
2B436E
2F4267
2F4267
2E4266
2F4367
2F4368
2F4368
2F436A
30446B
2D446A
2D446A
2F4368
2F4368
2F4368
2F4368
2F4368
2F4368
2F4368
2F4368
2F4368
2F4368
2F4368
2F4368
2F4368
2F4368
2F4368
2F4368
2F4368
2F4368
2F4368
2F4368
2F4368
2F4368
2F4368
2F4368
2F4368
2F4368
2F4368
2F4368
2F4368
2F4368
2F4368
2F4368
2F4368
2F4368
2F4368
2F4368
2F4368
2F4368
2E4364
2D4263
566A89
7589A8
5A6E8D
2D4160
313D5A
46526F
F3F0EF
F4F1F0
EFECEB
F3F0EF
F7F6F5
F6F5F4
F6F4F5
F4F2F3
F1EFF0
FFFEFF
FFFFFF
FFFFFF
FFFFFF
FFFFFF
FFFFFF
FFFFFF
FFFFFF
FFFFFF
FFFFFF
FFFFFF
FFFFFF
FFFFFF
FFFFFF
FFFFFF
FFFFFF
FFFFFF
FFFFFF
FFFFFF
FFFFFF
FFFFFF
FFFFFF
FFFFFF
FFFFFF
FFFFFF
FFFFFF
FFFFFF
FFFFFF
FFFFFF
FAFAFA
FDFDFD
F0F0F4
DCDCE0
DADEE3
D8DCE1
DADEE3
E1E5EA
E2E6EB
E2E6EB
E2E6EC
E2E6EC
E4E5EB
E3E4EA
E8E8EC
FAFAFE
FFFFFF
FFFFFF
F8F6F9
D7D5D8
E6E6EA
E4E4E8
E2E6EB
E2E6EB
E2E6EC
E2E6EC
E9E0E3
BAB1B4
C3B2AF
C0AFAC
B3A5A6
D9CBCC
E3D0CE
C2AFAD
9F8887
C7B0AF
FFFFFF
FEFEFE
FEFEFE
FFFFFF
FFFFFF
F7F7F7
E8E6E7
F0EEEF
FFFFFF
FFFEFF
FFFEFF
FFFEFF
FFFDFE
FFFDFE
FFFFFF
FFFFFF
FFFFFF
FFFFFF
FFFFFF
FFFFFF
FFFFFE
FFFFFE
FFFFFF
F4F6F9
747F97
59647C
6C737F
CDD4E0
EDF6FF
87909B
6B809D
6F84A1
965F78
9C657E
CF6375
D06476
CC6272
CE6474
D46276
CF5D71
BC3C4F
A7273A
A12637
9C2132
B9A8A5
FFFFFC
FCFFFF
FCFFFF
FFFFFF
FFFFFF
FFFFFF
FFFFFF
F3F3F3
D7D7D7
FFFFFF
FFFFFF
FFFFFF
FFFFFF
FFFFFF
FFFFFF
FFFFFF
FFFFFF
FFFFFF
FFFFFF
FFFFFF
FFFFFF
FFFFFF
FFFFFF
FFFFFF
FFFFFF
FFFFFF
FDFBFC
DDD5D2
E1D9D6
E1D9D8
E9E1E0
FEFFFD
FFFFFE
FFFFFF
FFFFFF
FFFFFF
FFFFFF
FFFFFF
FFFFFF
FFFFFF
FFFFFF
FFFFFF
FFFFFF
FFFFFF
FFFFFF
FBF8F5
E2DFDC
E1D9D8
E3DBDA
EEE6E5
DBD3D2
C9C6C5
FFFFFF
FFFFFF
FFFFFF
FFFFFF
FFFFFF
FFFFFF
EAE8E9
ADABAC
DDDBDC
FFFFFF
FFFFFF
CFCFD1
C0C0C2
D9E0ED
C3CAD7
8090AB
6B7B96
6B83A1
6E86A4
6C84A4
6B83A3
6B8099
7388A1
9CA4BA
BFC7DD
BECFED
A6B7D5
7996C2
55729E
365687
29497A
2D476E
2C466D
2E4266
2D4165
304367
304367
2F4368
2E4267
2F4368
2F4368
2F4368
2F4368
2F4368
2F4368
2F4368
2F4368
2F4368
2F4368
2F4368
2F4368
2F4368
2F4368
2F4368
2F4368
2F4368
2F4368
2F4368
2F4368
2F4368
2F4368
2F4368
2F4368
2F4368
2F4368
2F4368
2F4368
2F4368
2F4368
2F4368
2F4368
2F4368
2F4368
2F4368
2F4368
2F4368
2F4368
2B4061
475C7D
7488A7
6A7E9D
354968
2F4362
323A51
99A1B8
F4F1F0
EFECEB
F2EFEE
F9F6F5
F6F5F4
F7F6F5
F7F5F6
F1EFF0
FDFBFC
FFFEFF
FFFFFF
FFFFFF
FFFFFF
FFFFFF
FFFFFF
FFFFFF
FFFFFF
FFFFFF
FFFFFF
FFFFFF
FFFFFF
FFFFFF
FFFFFF
FFFFFF
FFFFFF
FFFFFF
FFFFFF
FFFFFF
FFFFFF
FFFFFF
FFFFFF
FFFFFF
FFFFFF
FFFFFF
FFFFFF
FFFFFF
FFFFFF
FAFAFA
F5F5F5
FFFFFF
E9E9ED
DBDBDF
D8DCE1
D8DCE1
E0E4E9
E2E6EB
E2E6EB
E2E6EB
E2E6EC
E2E6EC
E3E5E8
EDEFF2
FCFEFF
FEFFFF
FFFFFF
FBFBFD
D4D0D3
E2DEE1
E3E7EC
E1E5EA
E2E6EC
E2E6EC
E2E6EC
E5E9EF
DBCFD3
B5A9AD
C7B5B5
AF9D9D
C8BABB
DFD1D2
D5BCBC
A48B8B
A38B8D
EBD3D5
FFFFFF
FCFEFD
FFFFFF
FFFFFF
FDFDFD
F2F2F2
E7E5E6
FBF9FA
FFFEFF
FFFEFF
FFFEFF
FFFEFF
FFFEFF
FFFEFF
FFFFFF
FFFFFF
FFFFFF
FFFFFF
FFFFFF
FFFFFF
FFFFFF
FFFFFF
FFFFFF
F4F4F6
70768A
585E72
B3B7BF
F6FAFF
8295AA
6C7F94
89778F
6F5D75
C2576B
D1667A
D26476
D06274
CF6173
D36577
D05566
AF3445
AB2333
AB2333
793039
CD848D
FDFFFF
FCFFFE
FFFFFF
FFFFFF
FFFFFF
FFFFFF
FFFFFF
FFFFFF
E2E2E2
E9E9E9
FFFFFF
FFFFFF
FFFFFF
FFFFFF
FFFFFF
FFFFFF
FFFFFF
FFFFFF
FFFFFF
FFFFFF
FFFFFF
FFFFFF
FFFFFF
FFFFFF
FFFFFF
FFFFFF
FFFFFF
EEECED
DBD3D0
E2DAD7
E1D9D6
E8E0DD
FEFFFD
FFFFFE
FFFFFF
FFFFFF
FFFFFF
FFFFFF
FFFFFF
FFFFFF
FFFFFF
FFFFFF
FFFFFF
FFFFFF
FFFFFF
FFFFFF
FEFBF8
E4E1DE
E1D9D8
E2DAD9
E6DDDC
ECE3E2
BCB9B8
FFFEFD
FFFFFF
FFFFFF
FFFFFF
FFFFFF
FFFDFE
FFFDFE
C1BFC0
BFBDBE
FBF9FA
FFFEFF
EFF1F2
B0B2B3
D7DBE6
D8DCE7
D2D9E6
A9B0BD
7787A0
6A7A93
6B83A1
6C84A2
6E83A2
6D82A1
6D7D96
72829B
9A9DAE
C6C9DA
D9E2F5
D1DAED
ADC0E4
8497BB
506F9F
355484
2C4E76
274971
2F4368
2E4267
2F4267
304368
2F4368
2F4368
2F4368
2F4368
2F4368
2F4368
2F4368
2F4368
2F4368
2F4368
2F4368
2F4368
2F4368
2F4368
2F4368
2F4368
2F4368
2F4368
2F4368
2F4368
2F4368
2F4368
2F4368
2F4368
2F4368
2F4368
2F4368
2F4368
2F4368
2F4368
2F4368
2F4368
2F4368
2F4368
2F4368
2F4368
2F4368
2D4166
3A4E6F
6B7FA0
7387A6
475B7A
2F4060
2E3F5F
535B6A
D0D8E7
F2EEEF
F0ECED
F8F6F7
F7F5F6
F7F5F6
F8F6F7
F0EEEF
F9F7F8
FFFFFF
FFFFFF
FFFFFF
FFFFFF
FFFFFF
FFFFFF
FFFFFF
FFFFFF
FFFFFF
FFFFFF
FFFFFF
FFFFFF
FFFFFF
FFFFFF
FFFFFF
FFFFFF
FFFFFF
FFFFFF
FFFFFF
FFFFFF
FFFFFF
FFFFFF
FFFFFF
FFFFFF
FFFFFF
FFFFFF
FFFFFF
FFFFFF
FFFFFF
EEEEEE
F4F4F4
FDFDFD
DFE1E4
DBDDE0
D7DBE0
DDE1E6
E2E6EB
E2E6EB
E2E6EB
E2E6EB
E4E5EB
E2E3E9
EFEFF1
FFFFFF
FEFFFF
FEFFFF
FAF6F9
D8D4D7
D5D4DB
E7E6ED
E2E6EC
E2E6EC
E1E6EE
E1E6EE
E4E6E9
E5E7EA
C8B8BA
BFAFB1
BAAAAA
B2A2A2
DACCCB
DACCCB
AF918F
AE908E
AA9A9C
FFF3F5
FEFFFF
FDFFFE
FEFEFE
FFFFFF
FCFAFB
ECEAEB
EBEBEB
FFFFFF
FFFFFF
FFFFFF
FFFFFF
FFFFFF
FFFFFF
FFFFFF
FFFFFF
FFFFFF
FFFFFF
FFFFFF
FFFFFF
FFFFFF
FEFFFE
FEFFFE
FFFFFF
F7F5FA
747784
7F828F
F3FCFF
99A2B1
6D7C95
6F7E97
954C5F
AB6275
D36577
D06274
CF6375
CE6274
D46476
C15163
AF2A39
A92433
9C2834
992531
B1A09D
FFFAF7
FDFFFF
FCFFFE
FFFFFF
FFFFFF
FFFFFF
FFFFFF
FFFFFF
FEFEFE
D9D9D9
FAFAFA
FEFEFE
FFFFFF
FFFFFF
FFFFFF
FFFFFF
FFFFFF
FFFFFF
FFFFFF
FFFFFF
FFFFFF
FFFFFF
FFFFFF
FFFFFF
FFFFFF
FFFFFF
FFFFFF
FFFEFD
E0DDDC
E0D8D5
E2DAD7
E1D9D8
E7DFDE
FCFDFB
FEFFFD
FEFEFE
FEFEFE
FEFEFE
FFFFFF
FFFFFF
FFFFFF
FFFFFF
FFFFFF
FFFFFF
FFFFFF
FFFFFF
FFFFFF
FFFDFC
E8E5E4
E2D9D8
E2D9D8
E3DAD9
EEE5E4
C4BFBF
F6F1F1
FFFFFF
FFFFFF
FFFFFF
FFFFFF
FFFFFF
FFFFFF
F3EFF0
B2AEAF
E8E6E7
FFFFFF
FFFFFF
BABABC
CCD1D7
D6DBE1
D5DADF
DBE0E5
CDD4E0
A5ACB8
77889E
6A7B91
6981A1
6C84A4
6C84A4
6A82A2
6D7D96
6F7F98
939BAA
BEC6D5
DEE2EA
DFE3EB
C4D4ED
9BABC4
587CA3
3B5F86
2F5580
294F7A
2C446E
2B436D
2F4367
2F4367
304368
304368
2F4367
2F4367
2F436A
2F436A
2F4368
2F4368
2F4368
2F4368
2F4368
2F4368
2F4368
2F4368
2F4368
2F4368
2F4368
2F4368
2F4368
2F4368
2F4368
2F4368
2F4368
2F4368
2F4368
2F4368
2F4368
2F4368
2F4368
2F4368
2F4368
2F4368
2F4368
2F4368
2E4267
2F4368
627695
768AA9
5B6F8E
2E4261
344261
2D3B5A
9FA3AE
DEE2ED
EFEBEC
F8F4F5
F7F5F6
F7F5F6
F8F6F7
F3F1F2
F3F1F2
FFFEFF
FFFFFF
FFFFFF
FFFFFF
FFFFFF
FFFFFF
FFFFFF
FFFFFF
FFFFFF
FFFFFF
FFFFFF
FFFFFF
FFFFFF
FFFFFF
FFFFFF
FFFFFF
FFFFFF
FFFFFF
FFFFFF
FFFFFF
FFFFFF
FFFFFF
FFFFFF
FFFFFF
FFFFFF
FFFFFF
FFFFFF
FFFFFF
FFFFFF
FDFDFD
E8E8E8
FBFBFB
F6F6F6
DCDDE3
DADBE1
DADEE3
E2E6EB
E2E6EB
E2E6EB
E4E5EB
E4E5EB
E2E4E7
F1F3F6
FFFFFF
FFFFFF
FDFDFF
F0F0F2
E1DBDF
D0CACE
E3E7EC
E3E7EC
E1E6EC
E1E6EC
E2E6EC
E0E4EA
E7DDE0
E6DCDF
C0ADAB
C6B3B1
AB9D9C
CABCBB
E3D2CF
B6A5A2
AB8888
B18E8E
C6BDBE
FFFFFF
FDFFFE
FEFFFF
FEFFFF
FEFFFF
F9F7F8
E6E4E5
F6F6F6
FFFFFF
FFFFFF
FFFFFF
FFFFFF
FFFFFF
FFFFFF
FFFFFF
FFFFFF
FFFFFF
FFFFFF
FFFFFF
FFFFFF
FFFFFF
FFFFFF
FFFFFF
FFFFFF
F3F5F6
737681
D5D8E3
B0C0D6
6C7C92
8A728C
765E78
C45D70
CD6679
D16277
D16277
D26476
D56779
C74758
A52536
AB2235
A51C2F
783D43
E2A7AD
FFFFFF
FFFFFF
FFFFFF
FFFFFF
FFFFFF
FFFFFF
FFFFFF
FFFFFF
FFFFFF
F0F0F0
DFDFDF
FFFFFF
FEFEFE
FFFFFF
FFFFFF
FFFFFF
FFFFFF
FFFFFF
FFFFFF
FFFFFF
FFFFFF
FFFFFF
FFFFFF
FFFFFF
FFFFFF
FFFFFF
FFFFFF
FFFFFF
F6F1EF
D8D3D1
E4DBDA
E3DAD9
E1D9D8
E4DCDB
F8F9F7
FFFFFE
FEFEFE
FEFEFE
FEFEFE
FEFEFE
FFFFFF
FFFFFF
FFFFFF
FFFFFF
FFFFFF
FFFFFF
FFFFFF
FFFFFF
FFFEFD
EBE8E7
E2D9D8
E2D9D8
E3DAD9
E8DFDE
D6D1D1
E7E2E2
FFFFFF
FFFFFF
FFFFFF
FFFFFF
FFFFFF
FFFFFF
FFFFFF
CECACB
C4C2C3
FFFDFE
FFFFFF
D7D5D6
B7BBC1
D8DCE2
D4D9DF
D5DAE0
D6DBE1
DADFE5
CDD7DD
A7B1B7
78899D
697A8E
69819D
6D85A1
6E83A0
6E83A0
6E7E99
6F7F9A
9098A9
BCC4D5
D9DCE9
DFE2EF
CFD7EE
A4ACC3
637FA9
4C6892
3C6094
33578B
324D7C
2C4776
2D446A
2D446A
2F426C
2F426C
2F426C
2F426C
2F4368
2F4368
2F4368
2F4368
2F4368
2F4368
2F4368
2F4368
2F4368
2F4368
2F4368
2F4368
2F4368
2F4368
2F4368
2F4368
2F4368
2F4368
2F4368
2F4368
2F4368
2F4368
2F4368
2F4368
2F4368
2F4368
2F4368
304469
2D4165
4B5F83
7488A7
6A7E9D
364A6B
304465
323C57
525C77
D4D8E0
DEE2EA
F3F1F2
F6F4F5
F6F4F5
F7F5F6
F6F4F5
EDEBEC
FDFDFD
FFFFFF
FFFFFF
FFFFFF
FFFFFF
FFFFFF
FFFFFF
FFFFFF
FFFFFF
FFFFFF
FFFFFF
FFFFFF
FFFFFF
FFFFFF
FFFFFF
FFFFFF
FFFFFF
FFFFFF
FFFFFF
FFFFFF
FFFFFF
FFFFFF
FFFFFF
FFFFFF
FFFFFF
FFFFFF
FFFFFF
FFFFFF
FFFFFF
FFFFFF
F5F5F5
E5E5E5
FFFFFF
EFEFF1
DBDCE2
DBDCE2
DFE3E8
E2E6EB
E2E6EB
E2E6EB
E3E4EA
E3E4EA
F4F4F8
FFFFFF
FFFFFF
FCFCFE
EBE8F0
E7E4EC
CDC9CE
E2DEE3
E1E6EB
E1E6EB
E2E7EC
E2E7EC
E7DEE3
E5DCE1
F3DFE2
E2CED1
BCA9A7
BCA9A7
B1A3A2
D9CBCA
D4BBBB
A28989
B29393
B19292
E4E0E1
FFFFFF
FEFFFF
FEFFFF
FEFFFF
FDFFFE
F4F2F3
E7E5E6
FDFDFD
FFFFFF
FFFFFF
FFFFFF
FFFFFF
FFFFFF
FFFFFF
FFFFFF
FFFFFF
FFFFFF
FFFFFF
FFFFFF
FFFFFF
FFFFFF
FFFEFF
FFFEFF
FFFFFF
F1F1F1
848D96
C9D2DB
76809B
6D7792
9D4E63
B8697E
D66478
D46276
CF6375
D06476
D66173
C04B5D
AC2638
A92335
7E2C35
A14F58
D3CECC
FFFFFF
FBFFFE
FCFFFF
FFFFFE
FFFFFE
FFFFFF
FFFFFF
FFFFFF
FFFFFF
FFFFFF
E1E1E1
F0F0F0
FFFFFF
FFFFFF
FFFFFF
FFFFFF
FFFFFF
FFFFFF
FFFFFF
FFFFFF
FFFFFF
FFFFFF
FFFFFF
FFFFFF
FFFFFF
FFFFFF
FFFFFF
FFFFFF
FFFFFF
E4DCDB
DFD7D6
E3DAD9
E3DAD9
E2DAD9
E2DAD9
F3F2F1
FFFFFE
FEFEFE
FEFEFE
FEFEFE
FEFEFE
FFFFFF
FFFFFF
FFFFFF
FFFFFF
FFFFFF
FFFFFF
FFFFFF
FFFFFF
FFFFFF
EFECEB
E2D9D8
E3DAD9
E3DAD9
E3DAD9
D9D4D4
DBD6D6
FFFFFF
FFFFFF
FFFFFF
FFFFFF
FFFFFF
FFFFFF
FFFEFF
F7F5F6
B9B5B6
EEEAEB
FFFFFF
F4F2F3
ACB0B5
D7DBE0
D5DAE0
D5DAE0
D5DAE0
D5DAE0
D7DBE0
DBDFE4
CFD9DD
ACB6BA
7E8EA1
6A7A8D
6A7E9B
6F83A0
6C84A4
6B83A3
6D7F9A
6D7F9A
999FAF
C9CFDF
DCE0E8
DCE0E8
CDD4EA
A8AFC5
6981AB
5A729C
496E9F
3B6091
335383
2D4D7D
30466F
2C426B
2F4267
2F4267
2D446A
2D446A
2F4368
2F4368
2F4368
2F4368
2F4368
2F4368
2F4368
2F4368
2F4368
2F4368
2F4368
2F4368
2F4368
2F4368
2F4368
2F4368
2F4368
2F4368
2F4368
2F4368
2F4368
2F4368
2F4368
2F4368
2F4367
2D4165
384D6E
6B80A1
7387A6
455978
2E3E63
324267
363E51
A2AABD
DDE1E7
E1E5EB
F7F5F6
F7F5F6
F6F4F5
F7F5F6
EDEBEC
F7F5F6
FEFEFE
FFFFFF
FEFFFF
FEFFFF
FFFFFF
FFFFFF
FFFFFF
FFFFFF
FFFFFF
FFFFFF
FFFFFF
FFFFFF
FFFFFF
FFFFFF
FFFFFF
FFFFFF
FFFFFF
FFFFFF
FFFFFF
FFFFFF
FFFFFF
FFFFFF
FFFFFF
FFFFFF
FFFFFF
FFFFFF
FFFFFF
FFFFFF
FFFFFF
FFFFFF
EFEFEF
EBEBEB
FFFFFF
E9E9EB
DADBE1
DFE0E6
E2E6EB
E2E6EB
E2E6EB
E1E5EA
E3E4EA
F4F5FB
FFFFFF
FFFFFF
F6F8FB
E6E8EB
ECE3EA
DCD3DA
C6C4C9
EAE8ED
E1E6EB
E0E5EA
E7E3E6
E4E0E3
EEDCDE
F3E1E3
FCE4E6
D8C0C2
BAA7A5
B29F9D
C8B7B4
DECDCA
B69294
B18D8F
B29697
C1A5A6
F5F5F5
FFFFFF
FEFFFF
FEFFFF
FFFFFF
FEFEFE
ECEAEB
EFEDEE
FFFFFF
FFFFFF
FFFFFF
FFFFFF
FFFFFF
FFFFFF
FFFFFF
FFFFFF
FFFFFF
FFFFFF
FFFFFF
FFFFFF
FFFFFF
FFFFFF
FEFFFF
FEFFFF
FFFFFF
F5F3F6
98A4B4
8591A1
876C83
70556C
CD5D6F
D36375
CE6475
D06677
D36576
CA5C6D
BE384D
A82237
892A34
A1424C
B09B9A
F3DEDD
FFFFFF
FFFFFE
FFFFFC
FFFFFC
FEFFFE
FEFFFE
FFFFFF
FFFFFF
FFFFFF
FFFFFF
FEFEFE
D7D7D7
FDFDFD
FFFFFF
FFFFFF
FFFFFF
FFFFFF
FFFFFF
FFFFFF
FFFFFF
FFFFFF
FFFFFF
FFFFFF
FFFFFF
FFFFFF
FFFFFF
FFFFFF
FFFFFF
FFFFFE
F7F6F5
DCD3D2
E4DBDA
E3DAD9
E3DAD9
E3DAD9
E2D9D8
ECEBEA
FFFFFE
FEFEFE
FEFEFE
FEFEFE
FEFEFE
FFFFFF
FFFFFF
FFFFFF
FFFFFF
FFFFFF
FFFFFF
FFFFFF
FFFFFF
FFFFFF
F4F1F0
E2D9D8
E3DAD9
E3DAD9
E2D9D8
D8D3D3
CEC9C9
FFFFFF
FFFFFF
FFFFFF
FFFFFF
FFFFFF
FFFFFF
FFFDFE
FFFFFF
D9D5D6
D0CCCD
FFFFFF
FFFFFF
B7B7BB
CECED2
D6DBE1
D5DAE0
D5DAE0
D5DAE0
D5DAE2
D5DAE2
D7DBE0
DBDFE4
D4D9E1
B8BDC5
8593A4
6B798A
687D97
70859F
6D85A1
6B839F
6E7E99
7787A2
A2ABBC
CAD3E4
DFE0E7
DEDFE6
C7D0D9
9DA6AF
6C86A3
627C99
5176A4
466B99
3A6093
2F5588
324979
2C4373
2E406A
2F416B
2F436A
2F436A
2F4368
2F4368
2F4368
2F4368
2F4368
2F4368
2F4368
2F4368
2F4368
2F4368
2F4368
2F4368
2F4368
2F4368
2F4368
2F4368
2F4368
2F4368
2F4368
2F4368
2F4368
2F4368
2C4064
32466A
617695
7388A7
576B8C
2D4162
324365
2A3B5D
686F7B
D6DDE9
E0E4E9
E3E7EC
F7F5F6
F8F6F7
F9F5F6
F1EDEE
F0EEEF
FFFEFF
FEFEFE
FFFFFF
FEFFFF
FEFFFF
FFFFFF
FFFFFF
FFFFFF
FFFFFF
FFFFFF
FFFFFF
FFFFFF
FFFFFF
FFFFFF
FFFFFF
FFFFFF
FFFFFF
FFFFFF
FFFFFF
FFFFFF
FFFFFF
FFFFFF
FFFFFF
FFFFFF
FFFFFF
FFFFFF
FFFFFF
FFFFFF
FFFFFF
FFFFFF
FFFFFF
E8E8E8
F0F0F0
FFFFFF
E3E3E5
DCDDE3
E2E3E9
E2E6EB
E2E6EB
E1E5EA
E1E5EA
F5F6FC
FEFFFF
FFFFFF
F5F5F7
E5E6EC
E3E4EA
F1E5EB
B9ADB3
D3CFD4
EBE7EC
E2E7E9
DFE4E6
EADBE0
EEDFE4
F7E1E3
F5DFE1
F9E3E5
CFB9BB
B6A3A1
B6A3A1
D9C6C4
BEABA9
AE8689
B68E91
B6A1A0
CCB7B6
FEFFFF
FDFFFE
FFFFFF
FFFFFF
FFFFFF
FCFCFC
E7E5E6
F9F7F8
FFFFFF
FFFFFF
FFFFFF
FFFFFF
FFFFFF
FFFFFF
FFFFFF
FFFFFF
FFFFFF
FFFFFF
FFFFFF
FFFFFF
FFFFFF
FFFFFF
FFFFFE
FFFFFE
FFFFFF
E9EBEC
7D7F98
777992
A25063
AA586B
D46678
D16375
D46476
CC5C6E
BE4052
A52739
8D2E38
A54650
AB9491
E6CFCC
EAEBE9
F5F6F4
FFFEFB
FFFFFC
FFFFFE
FFFFFE
FFFFFF
FFFFFF
FFFFFF
FFFFFF
FFFFFF
FFFFFF
F4F4F4
DCDCDC
FFFFFF
FFFFFF
FFFFFF
FFFFFF
FFFFFF
FFFFFF
FFFFFF
FFFFFF
FFFFFF
FFFFFF
FFFFFF
FFFFFF
FFFFFF
FFFFFF
FFFFFF
FFFFFF
FFFFFF
E3E2E1
DFD6D3
E4DBD8
E3DAD9
E3DAD9
E3DAD9
E2D9D8
E6E5E4
FEFDFC
FFFFFF
FEFEFE
FEFEFE
FEFEFE
FFFFFF
FFFFFF
FFFFFF
FFFFFF
FFFFFF
FFFFFF
FFFFFF
FFFFFF
FFFFFF
F8F5F4
E3DAD9
E2D9D8
E3DAD9
E3DAD9
DED9D9
CBC6C6
FFFFFF
FFFFFF
FFFFFF
FFFFFF
FFFFFF
FFFFFF
FFFDFE
FFFDFE
FBF7F8
C5C1C2
F5F4F3
FFFFFF
D1D1D3
BBBBBD
D9DDE3
D6DAE0
D5DAE0
D5DAE0
D5DAE0
D5DAE0
D5DAE2
D4D9E1
D5DADF
D9DEE3
D8DDE3
BEC3C9
8A98A9
6D7B8C
687D97
70859F
6D85A3
6A82A0
6D7C97
7C8BA6
AFB5C5
D0D6E6
DAE0E2
DBE1E3
C1CDDB
929EAC
6D829F
6A7F9C
617DA6
57739C
436899
365B8C
324F7B
2A4773
2F4269
2F4269
2F4368
2F4368
2F4368
2F4368
2F4368
2F4368
2F4368
2F4368
2F4368
2F4368
2F4368
2F4368
2F4368
2F4368
2F4368
2F4368
2F4368
2F4368
2F4368
2F4368
2F4367
2C4064
314667
5F7495
7489A8
617695
32466A
2F4367
31415D
344460
B6BBC3
DFE4EC
E3E7ED
E2E6EC
F7F7F7
F7F7F7
F3EFF0
E9E5E6
FBFBFB
FFFFFF
FFFFFF
FEFEFE
FFFFFF
FFFFFF
FFFFFF
FFFFFF
FFFFFF
FFFFFF
FFFFFF
FFFFFF
FFFFFF
FFFFFF
FFFFFF
FFFFFF
FFFFFF
FFFFFF
FFFFFF
FFFFFF
FFFFFF
FFFFFF
FFFFFF
FFFFFF
FFFFFF
FFFFFF
FFFFFF
FFFFFF
FFFFFF
FFFFFF
FFFFFF
FCFCFC
E5E5E5
F5F5F5
FDFDFF
E0E0E2
DCDDE3
E4E5EB
E2E6EB
E1E5EA
E3E5E8
F4F6F9
FFFFFF
FFFFFF
EFF4F6
E2E7E9
E1E5EA
E4E8ED
E7D4DA
AE9BA1
E2E0E5
E6E4E9
E7DBDF
EADEE2
F5DFE3
F6E0E4
F6E0E4
F5DFE3
F9E3E5
C8B2B4
AE9C9C
C3B1B1
D0B9B6
A28B88
B99092
BA9193
B8A9A6
DACBC8
FFFFFF
FDFFFE
FFFFFF
FFFFFF
FFFFFF
F7F7F7
E8E8E8
FEFEFE
FEFEFE
FFFFFF
FFFFFF
FFFFFF
FFFFFF
FFFFFF
FFFFFF
FFFFFF
FFFFFF
FFFFFF
FFFFFF
FFFFFF
FFFFFF
FFFFFF
FFFFFE
FEFFFD
FFFBFF
918C94
7D6E89
7B6C87
B85164
C25B6E
D36577
D26476
C24857
A72D3C
8B323A
B65D65
C1ABA4
E5CFC8
E4E1DC
E9E6E1
F8F7F6
FFFFFF
FFFFFE
FFFFFE
FFFFFF
FFFFFF
FFFFFF
FFFFFF
FFFFFF
FFFFFF
FFFFFF
FFFFFF
E9E9E9
E5E5E5
FFFFFF
FFFFFF
FFFFFF
FFFFFF
FFFFFF
FFFFFF
FFFFFF
FFFFFF
FFFFFF
FFFFFF
FFFFFF
FFFFFF
FEFFFF
FEFFFF
FEFEFE
FEFEFE
FCF9F6
D8D5D2
E5DCDB
E3DAD9
E3DAD9
E3DAD9
E3DAD9
E3DAD9
E2DDDB
FBF6F4
FFFFFF
FEFEFE
FEFEFE
FEFEFE
FFFFFF
FFFFFF
FFFFFF
FFFFFF
FFFFFF
FFFFFF
FFFFFF
FFFFFF
FFFEFF
FBF7F8
E6DDDC
E2D9D8
E3DAD9
E3DAD9
DED9D9
D4CFCF
FFFFFF
FFFFFF
FFFFFF
FFFFFF
FFFFFF
FFFFFF
FFFFFF
FEFEFE
FFFFFF
DCDADB
DCD8D9
FFFFFF
EFEDF0
AEACAF
D8DCE2
D6DAE0
D5DAE0
D5DAE0
D5DAE0
D5DAE0
D5DAE2
D5DAE2
D4D9E1
D4D9E1
D5DAE2
D9DEE6
D9DEE6
C0C5CD
8997A6
6C7A89
697D9A
6F83A0
6F84A1
6C819E
6E7E99
8393AE
BBBEC9
D6D9E4
DCE0E6
D9DDE3
B3BED4
838EA4
6A7E9B
6E829F
6581A8
5E7AA1
4E70A0
426494
375387
2D497D
2D456D
2B436B
2F4367
2F4367
2F436A
2F436A
2D4467
2D4467
2F4368
2F4368
2F4368
2F4368
2F4368
2F4368
2F4368
2F4368
2F4368
2F4368
2F4368
2F4368
2C4064
35496D
627796
7489A8
627794
334865
2B4265
2D4467
303D52
8996AB
DCE0E6
E1E5EB
E2E6EC
E1E5EB
F8F6F7
F5F3F4
E9E5E6
F6F2F3
FFFFFF
FEFEFE
FEFEFE
FEFEFE
FEFEFE
FFFFFF
FFFFFF
FFFFFF
FFFFFF
FFFFFF
FFFFFF
FFFFFF
FFFFFF
FFFFFF
FFFFFF
FFFFFF
FFFFFF
FFFFFF
FFFFFF
FFFFFF
FFFFFF
FFFFFF
FFFFFF
FFFFFF
FFFFFF
FFFFFF
FFFFFF
FFFFFF
FFFFFF
FFFFFF
FFFFFF
F9F9F9
E4E4E4
F7F7F7
F6F6F8
DEDEE0
E3E4EA
E4E5EB
E1E5EA
E1E5EA
F4F6F9
FFFFFF
FEFFFF
EFF1F4
E1E5EA
E2E6EB
E2E6EB
E6EAEF
CCB6BA
BCA6AA
EDE1E7
E7DBE1
F0DEE2
F4E2E6
F6E0E4
F5DFE3
F6E0E4
F6E0E4
F8E2E4
C7B1B3
B3A1A1
CDBBBB
AF9290
AC8F8D
B3928F
C2A19E
B5AAA8
ECE1DF
FFFFFF
FFFFFF
FFFFFF
FFFFFF
FFFFFF
F1F1F1
EFEFEF
FFFFFF
FEFEFE
FFFFFF
FFFFFF
FFFFFF
FFFFFF
FFFFFF
FFFFFF
FFFFFF
FFFFFF
FFFFFF
FFFFFF
FFFFFF
FFFFFF
FFFFFF
FFFEFF
FFFFFF
CEC3D5
63586A
936983
906680
BA5060
CD6373
D76276
BE495D
962530
8D1C27
8E6C65
FCDAD3
E7E3DC
E1DDD6
E9E6E5
FDFAF9
FFFFFF
FFFFFF
FFFFFF
FFFFFF
FFFFFF
FFFFFF
FFFFFF
FFFFFF
FFFFFF
FFFFFF
FFFFFF
FFFFFF
E2E2E2
ECECEC
FFFFFF
FFFFFF
FFFFFF
FFFFFF
FFFFFF
FFFFFF
FFFFFF
FFFFFF
FFFFFF
FFFFFF
FFFFFF
FFFFFF
FFFFFF
FFFFFF
FEFEFE
FFFFFF
EDE8E6
DAD5D3
E5DCDB
E3DAD9
E3DAD9
E3DAD9
E3DAD9
E3DAD9
E0DBD9
EFEAE8
FFFFFF
FEFEFE
FEFEFE
FEFEFE
FFFFFF
FFFFFF
FFFFFF
FFFFFF
FFFFFF
FFFFFF
FFFFFF
FFFFFF
FFFEFF
FEFAFB
E7DFDE
E1D9D8
E3DAD9
E4DBDA
D9D4D4
D6D1D1
FFFFFF
FFFFFF
FFFFFF
FFFFFF
FFFFFF
FFFFFF
FFFFFF
FFFFFF
FFFEFF
FAF8F9
CAC6C7
FDF9FA
FFFEFF
B7B5B6
CFD3D9
D7DBE1
D5DAE0
D5DAE0
D5DAE2
D5DAE2
D5DAE2
D5DAE2
D5DAE2
D5DAE2
D5DAE2
D4D9E1
D5DAE2
D7DCE4
D9DDE8
BFC3CE
8293A3
687989
697F99
6F859F
6E83A2
6A7F9E
727F94
8F9CB1
C3CDD1
D6E0E4
DBE0E6
D2D7DD
A4AFC7
7A859D
677F9D
6B83A1
6C82AD
697FAA
557AA9
476C9B
3B5D8D
315383
2F4C70
2C496D
304660
304660
304368
304368
2F4368
2F4368
2D4468
2D4468
2F4368
2F4368
2F4368
2F4368
2F4368
2F4368
2F4367
2C4064
3A4F70
667B9C
738BA9
5F7795
31486B
2C4366
334261
2C3B5A
828993
D5DCE6
DFE3E8
E3E7EC
E1E5EB
DCE0E6
F8F4F5
EDE9EA
ECEAEB
FFFDFE
FEFEFE
FEFEFE
FEFEFE
FEFEFE
FFFFFF
FFFFFF
FFFFFF
FFFFFF
FFFFFF
FFFFFF
FFFFFF
FFFFFF
FFFFFF
FFFFFF
FFFFFF
FFFFFF
FFFFFF
FFFFFF
FFFFFF
FFFFFF
FFFFFF
FFFFFF
FFFFFF
FFFFFF
FFFFFF
FFFFFF
FFFFFF
FFFFFF
FFFFFF
FEFEFE
FFFFFF
F7F7F7
E4E6E7
F6F8F9
E8EAED
DEE0E3
E4E5EB
E2E3E9
E3E5E8
F3F5F8
FFFFFF
FDFFFF
EDEFF2
E1E3E6
E1E5EB
E2E6EC
E5E5E7
E4E4E6
B79A9E
D2B5B9
F4E0E5
F4E0E5
F6E0E4
F7E1E5
F6E0E4
F5DFE3
F7E1E5
F7E1E5
F4DEE0
BCA6A8
BFACAA
BDAAA8
A5827E
B5928E
B29792
C9AEA9
B4AFAB
F9F4F0
FFFFFF
FFFFFF
FFFFFF
FFFFFF
FFFFFF
EDEDED
F8F8F8
FFFFFF
FFFFFF
FFFFFF
FFFFFF
FFFFFF
FFFFFF
FFFFFF
FFFFFF
FFFFFF
FFFFFF
FFFFFF
FFFFFF
FFFFFF
FFFFFF
FFFFFF
FFFEFD
FFFBFA
938296
7B6A7E
996981
8F5F77
BC5061
D36778
CB5363
9D2535
8A1D26
8B1E27
B49795
FBDEDC
E0DDDA
E9E6E3
FCFAFB
FFFEFF
FEFFFF
FEFFFF
FFFFFF
FFFFFF
FFFFFF
FFFFFF
FFFFFF
FFFFFF
FFFFFF
FFFFFF
FFFFFF
FFFFFF
DBDBDB
F3F3F3
FFFFFF
FFFFFF
FFFFFF
FFFFFF
FFFFFF
FFFFFF
FFFFFF
FFFFFF
FFFFFF
FFFFFF
FFFFFF
FFFFFF
FFFFFF
FFFFFF
FEFEFE
FCFCFC
DDD8D6
DFDAD8
E3DAD9
E3DAD9
E3DAD9
E3DAD9
E3DAD9
E3DAD9
E2DAD9
E7DFDE
FBFBFB
FFFFFF
FEFEFE
FEFEFE
FEFEFE
FFFFFF
FFFFFF
FFFFFF
FFFFFF
FFFFFF
FFFFFF
FFFFFF
FFFEFF
FEFCFD
E9E1E0
E2DAD9
E3DAD9
E4DBDA
D3CECE
DFDADA
FFFFFF
FFFFFF
FEFEFE
FFFFFF
FFFFFF
FFFFFF
FFFFFF
FFFFFF
FFFFFF
FFFFFF
D8D4D5
E6E2E3
FFFFFF
D3D1D2
C1C5CA
DADEE3
D5DAE0
D5DAE0
D5DAE2
D5DAE2
D5DAE2
D5DAE2
D5DAE2
D5DAE2
D5DAE2
D5DAE2
D5DAE2
D5DAE2
D5DAE0
D9DEE4
D7DFE6
B8C0C7
7F8CA1
69768B
6B809D
6E83A0
6E83A0
6A7F9C
748595
9BACBC
CFD4D9
DCE1E6
DBDFE7
CACED6
95A5BB
728298
6A8099
6C829B
6B85A2
6A84A1
5D80AA
52759F
436597
355789
344C76
304872
304566
2F4465
304367
304367
2F4368
2F4368
2F4368
2F4368
2F4368
2F4368
304468
2F4367
2D4162
465A7B
6C809F
7488A7
576F8F
304868
2E4165
2D4064
363F52
818A9D
DADBE2
DFE0E7
E2E6EC
E3E7ED
DEE3E9
D5DAE0
F2ECEE
ECE6E8
F8F6F7
FFFFFF
FEFEFE
FEFEFE
FEFEFE
FFFFFF
FEFEFE
FEFEFE
FFFFFF
FFFFFF
FFFFFF
FFFFFF
FFFFFF
FFFFFF
FFFFFF
FFFFFF
FFFFFF
FFFFFF
FFFFFF
FFFFFF
FFFFFF
FFFFFF
FFFFFF
FFFFFF
FFFFFF
FFFFFF
FFFFFF
FFFFFF
FFFFFF
FFFFFF
FFFFFF
FFFFFF
FFFFFF
F3F3F3
E4E6E9
EEF0F3
DEE0E3
E1E3E6
E5E6EC
E1E2E8
F0F2F5
FEFFFF
FDFFFF
ECEEF1
E0E4E9
E2E6EB
E1E6EC
E1E6EC
ECE4E5
DFD7D8
B08E91
E7C5C8
F9E3E9
F6E0E6
F6E0E4
F6E0E4
F6E0E4
F6E0E4
F6E0E4
F3DDE1
EED8DA
B19B9D
C9B2AF
A68F8C
B28E87
B5918A
BAA49F
C8B2AD
BBB6B4
FFFDFB
FFFFFF
FFFFFF
FFFFFF
FFFFFF
FDFDFD
EDEDED
FDFDFD
FFFFFF
FFFFFF
FFFFFF
FFFFFF
FFFFFF
FFFFFF
FFFFFF
FFFFFF
FFFFFF
FFFFFF
FFFFFF
FFFFFF
FFFFFF
FEFFFF
FEFFFF
FFFBFB
EDDBDB
896A7C
896A7C
946D84
835C73
CA5A6C
D36375
AA3240
911927
8A242C
932D35
D3C2BF
EDDCD9
E9E5E6
FEFAFB
FFFFFF
FEFEFE
FEFFFF
FEFFFF
FFFFFF
FFFFFF
FFFFFF
FFFFFF
FFFFFF
FFFFFF
FFFFFF
FFFFFF
FFFFFF
FFFFFF
DCDCDC
F2F2F2
FFFFFF
FEFFFF
FFFFFF
FFFFFF
FFFFFF
FFFFFF
FFFFFF
FFFFFF
FFFFFF
FFFFFF
FFFFFF
FFFFFF
FFFFFF
FFFFFF
FFFFFF
F2F0F1
DCD4D3
E2DAD9
E3DAD9
E3DAD9
E3DAD9
E3DAD9
E3DAD9
E3DAD9
E2DAD9
E4DCDB
F0F0F0
FFFFFF
FEFEFE
FEFEFE
FEFEFE
FFFFFF
FFFFFF
FFFFFF
FFFFFF
FFFFFF
FFFFFF
FFFFFF
FFFDFE
FFFEFF
F0E8E7
E0D8D7
E3DAD9
E6DDDC
C7C2C2
E7E2E2
FFFFFF
FFFFFF
FEFEFE
FDFDFD
FEFEFE
FEFEFE
FFFFFF
FFFFFF
FFFFFF
FFFFFF
F7F3F4
CCC8C9
FFFDFE
F0EEEF
BBBCC2
DDDEE4
D5DAE0
D5DAE0
D5DAE2
D5DAE2
D5DAE2
D5DAE2
D5DAE2
D5DAE2
D5DAE2
D5DAE2
D5DAE2
D5DAE2
D5DAE0
D5DAE0
D6DAE0
DADEE4
D5DCE8
AAB1BD
6F7F93
6A7A8E
6F84A1
6D829F
6C819E
697E9B
7F8D9E
A9B7C8
D4D8DD
DBDFE4
D6DDE9
C2C9D5
91A0B9
707F98
6A7FA0
6E83A4
6C84A2
6C84A2
6383AE
5979A4
4869A2
3B5C95
37507D
2F4875
304368
2F4267
304368
304368
2F4368
2F4368
2F4367
2F4367
2E4263
324667
526685
7387A6
7387A6
536786
2D4165
2E4266
323D55
3F4A62
9FA3AB
D8DCE4
DDDEE7
E3E4ED
E3E7EF
E2E6EE
D7DCE2
D4D9DF
EAE4E6
F2ECEE
FFFFFF
FFFFFF
FFFFFF
FEFEFE
FFFFFF
FFFFFF
FEFEFE
FFFFFF
FFFFFF
FFFFFF
FFFFFF
FFFFFF
FFFFFF
FFFFFF
FFFFFF
FFFFFF
FFFFFF
FFFFFF
FFFFFF
FFFFFF
FFFFFF
FFFFFF
FFFFFF
FFFFFF
FFFFFF
FFFFFF
FFFFFF
FFFFFF
FFFFFF
FFFFFF
FFFFFF
FEFEFE
FFFFFF
F0F0F2
E1E6E8
E1E6E8
DBE0E2
E3E8EA
E2E4E7
ECEEF1
FFFFFF
FEFEFF
ECEEF1
E2E4E7
E1E6EB
E1E6EB
E2E6EB
E1E5EA
F1DFE1
D9C7C9
B18E8E
F4D1D1
F6E0E6
F6E0E6
F6E0E4
F6E0E4
F5DFE3
F5DFE3
F4DCE0
F1D9DD
EBD3D5
BCA4A6
C4A9A6
A48986
B6938F
B6938F
C3AEAB
C2ADAA
C9C4C2
FFFFFD
FFFFFF
FFFFFF
FFFFFF
FFFFFF
F8F8F8
F1F1F1
FFFFFF
FFFFFF
FFFFFF
FFFFFF
FFFFFF
FFFFFF
FFFFFF
FFFFFF
FFFFFF
FFFFFF
FFFFFF
FFFFFF
FFFFFF
FFFFFF
FEFFFF
FEFFFF
FFF8FD
CFB5BA
9C697E
915E73
946D82
7C556A
D16173
C25264
941C2A
971F2D
7D262E
B05961
E4DCDB
EAE2E1
FBFBFB
FFFFFF
FFFFFF
FFFFFF
FFFFFF
FFFFFF
FFFFFF
FFFFFF
FFFFFF
FFFFFF
FFFFFF
FFFFFF
FFFFFF
FFFFFF
FFFFFF
FFFFFF
DFDFDF
EAEAEA
FFFFFF
FEFFFF
FFFFFF
FFFFFF
FFFFFF
FFFFFF
FFFFFF
FFFFFF
FFFFFF
FFFFFF
FFFFFF
FFFFFF
FFFFFF
FFFFFF
FFFFFF
E6E4E5
DFD7D6
E2DAD9
E3DAD9
E3DAD9
E3DAD9
E3DAD9
E3DAD9
E3DAD9
E3DAD9
E5DCDB
E5E4E3
F9F8F7
FDFDFD
FEFEFE
FEFEFE
FFFFFF
FFFFFF
FFFFFF
FFFFFF
FFFFFF
FFFFFF
FFFFFF
FFFFFF
FFFFFF
F9F1F0
DFD7D6
E3DAD9
E5DCDB
BEB9B9
F4EFEF
FFFFFF
FFFFFF
FEFEFE
F9F9F9
FAFAFA
FEFEFE
FEFEFE
FFFFFF
FFFFFF
FEFEFE
FFFFFF
D5D1D2
E9E5E6
FFFFFF
C3C5C8
D6D8DB
D5DAE0
D5DAE0
D5DAE2
D5DAE2
D5DAE2
D5DAE2
D5DAE2
D5DAE2
D5DAE2
D5DAE2
D5DAE2
D5DAE2
D6DAE2
D6DAE2
D3DBE2
D3DBE2
D6DBE1
DBE0E6
CBD4DF
959EA9
66768F
6B7B94
6B85A2
6B85A2
6D829C
6B809A
8891A2
B5BECF
D8DCE2
DCE0E6
D3DDE6
B8C2CB
8092AA
6B7D95
6C81A0
6D82A1
6C84A2
6D85A3
6585B2
5E7EAB
4B71A8
3D639A
385581
2D4A76
2D4565
2B4363
2E4267
2F4368
2E4266
2C4064
3E5271
627695
768AA9
6F83A2
465A79
2C405F
304163
2A3B5D
4C4F60
B2B5C6
DDE1E7
D6DAE0
DEE2EA
E3E7EF
E2E6EC
DBDFE5
D4D9DF
D5DAE0
EAE6E7
F8F4F5
FFFFFF
FFFFFF
FFFFFF
FFFFFF
FFFFFF
FFFFFF
FFFFFF
FFFFFF
FFFFFF
FFFFFF
FFFFFF
FFFFFF
FFFFFF
FFFFFF
FFFFFF
FFFFFF
FFFFFF
FFFFFF
FFFFFF
FFFFFF
FFFFFF
FFFFFF
FFFFFF
FFFFFF
FFFFFF
FFFFFF
FFFFFF
FFFFFF
FFFFFF
FFFFFF
FFFFFF
FEFEFE
FFFFFF
EEEEF0
E0E4E9
DFE3E8
DEE2E7
E2E6EB
EAEAEC
FDFDFF
FDFDFF
EDEDEF
DFE3E8
E1E5EA
E1E7E9
E0E6E8
E8DFE2
E7DEE1
FDE1E0
D6BAB9
B69590
F9D8D3
F7E1E5
F6E0E4
F6E0E4
F6E0E4
F5DFE3
F0DADE
F0D6DB
F0D6DB
DBC4C3
C4ADAC
B39591
AE908C
B3928D
BD9C97
C7B4B2
BCA9A7
D6D3CE
FFFFFB
FFFFFF
FFFFFF
FFFFFF
FFFFFF
F3F3F3
F9F9F9
FFFFFF
FFFFFF
FFFFFF
FFFFFF
FFFFFF
FFFFFF
FFFFFF
FFFFFF
FFFFFF
FFFFFF
FFFFFF
FFFFFF
FFFFFF
FFFFFF
FEFFFF
FEFFFF
FFFAFB
D1BDBE
A76376
9F5B6E
945E70
844E60
BA5060
AE4454
8A1925
8A1925
73353A
DFA1A6
EAEBE9
FAFBF9
FFFFFF
FFFFFF
FFFFFF
FFFFFF
FFFFFF
FFFFFF
FFFFFF
FFFFFF
FFFFFF
FFFFFF
FFFFFF
FFFFFF
FFFFFF
FFFFFF
FFFFFF
FFFFFF
E9E9E9
E0E0E0
FFFFFF
FFFFFF
FFFFFF
FFFFFF
FFFFFF
FFFFFF
FFFFFF
FFFFFF
FFFFFF
FFFFFF
FFFFFF
FFFFFF
FFFFFF
FFFFFF
FFFBFB
E5E0E0
E2D9D6
E2D9D6
E3DAD7
E3DAD7
E3DAD9
E3DAD9
E3DAD9
E2D9D8
E4D9D9
E5DADA
DAD7D4
E9E6E3
FCFDFB
FEFFFD
FFFFFF
FFFFFF
FFFFFF
FFFFFF
FFFFFF
FFFFFF
FFFFFF
FFFFFF
FFFFFF
FFFFFF
FFFEFB
E2DFDC
E3D8D6
E5DAD8
BEB9B7
FEF9F7
FFFFFF
FFFFFF
FDFDFD
FBFBFB
EAEAEA
FDFDFD
FCFEFD
FEFFFF
FEFFFF
FEFFFF
FFFFFF
F2F0F1
CCC8C9
FFFEFF
D7D7D9
C3C3C5
D8DDE3
D5DAE0
D5DAE2
D5DAE2
D5DAE2
D5DAE2
D5DAE2
D5DAE2
D5DAE2
D5DAE2
D5DAE2
D5DAE2
D5DAE2
D5DAE2
D5DAE2
D5DAE2
D5DAE2
D5DAE2
D8DCE4
DCE0E8
BFC3D1
828694
647993
6E839D
6B85A4
6B85A4
6D829C
6C819B
919AAD
C1CADD
DCE0E5
DBDFE4
CED7E6
A3ACBB
7485A3
6D7E9C
6E83A2
6E83A2
6D85A5
6D85A5
6886AE
6482AA
5378A6
436896
365B8A
294E7D
2D486A
294466
344563
566785
6F83A0
7488A5
637796
3B4F6E
2D4160
2F4362
303851
59617A
C1C5CD
DEE2EA
D6DAE0
DADEE4
E2E6EC
E2E6EC
DDE2E8
D4D9DF
D5DAE0
D5DAE0
EBE9EA
FDFBFC
FFFFFF
FFFFFF
FFFFFF
FFFFFF
FFFFFF
FFFFFF
FFFFFF
FFFFFF
FFFFFF
FFFFFF
FFFFFF
FFFFFF
FFFFFF
FFFFFF
FFFFFF
FFFFFF
FFFFFF
FFFFFF
FFFFFF
FFFFFF
FFFFFF
FFFFFF
FFFFFF
FFFFFF
FFFFFF
FFFFFF
FFFFFF
FFFFFF
FFFFFF
FFFFFF
FFFFFF
FFFFFF
FFFFFF
ECECEE
DFE3E8
DDE1E6
E1E2E8
E7E8EE
FBFBFD
FFFFFF
EDEEF4
E2E3E9
E0E5EA
E1E6EB
E5E5E9
E4E4E8
F1DFE3
F4E2E6
FFE2E2
D3B4B4
B79693
FDDCD9
F5DFE3
F6E0E4
F6E0E4
F3DDE1
F1D9DD
ECD4D8
EDD3D8
EFD5DA
C7AFB1
BDA5A7
AE8D8A
B49390
AF928C
C4A7A1
C4B5B2
B8A9A6
E2E1DE
FFFFFD
FFFFFF
FFFFFF
FFFFFF
FFFFFF
F3F3F3
FDFDFD
FFFFFF
FFFFFF
FFFFFF
FFFFFF
FFFFFF
FFFFFF
FFFFFF
FFFFFF
FFFFFF
FFFFFF
FFFFFF
FFFFFF
FFFFFF
FFFFFF
FFFFFF
FFFFFF
FEFFFE
FEFFFE
E0A8AF
90585F
B45468
C6667A
D26878
C05666
8B202C
821723
8D6665
FBD4D3
F2F8F4
FDFFFF
FDFFFE
FEFFFF
FFFFFF
FFFFFF
FFFFFF
FFFFFF
FFFFFF
FFFFFF
FFFFFF
FFFFFF
FFFFFF
FFFFFF
FFFFFF
FFFFFF
FFFFFF
FFFFFF
F6F6F6
D5D5D5
FFFFFF
FFFEFF
FFFFFF
FFFFFF
FFFFFF
FFFFFF
FFFFFF
FFFFFF
FFFFFF
FFFFFF
FFFFFF
FFFFFF
FFFFFF
FFFFFF
FAF5F5
E1DCDC
E1D8D5
E2D9D6
E3DAD7
E3DAD7
E2D9D8
E2D9D8
E3DAD9
E3DAD9
DDD5D4
D5CDCC
DFDEDD
FCFBFA
FEFEFE
FFFFFF
FFFFFF
FFFFFF
FFFFFF
FFFFFF
FFFFFF
FFFFFF
FFFFFF
FFFFFF
FFFFFF
FFFFFF
FFFFFD
E2DFDC
E2D7D5
DED3D1
C4BFBD
FFFFFD
FFFFFF
FFFFFF
FDFDFD
FFFFFF
E5E5E5
EAEAEA
FFFFFF
FFFFFF
FFFFFF
FFFFFF
FFFEFF
FFFFFF
D3CFD0
EAE6E7
FCFAFD
B8B6B9
CED2D7
D8DCE1
D5DAE2
D5DAE2
D5DAE2
D5DAE2
D5DAE2
D5DAE2
D5DAE2
D5DAE2
D5DAE2
D5DAE2
D5DAE2
D5DAE2
D5DAE2
D5DAE2
D5DAE2
D5DAE2
D6DAE2
D6DAE2
DCDDE4
D7D8DF
9CA5B8
6D7689
697E9D
6F84A3
6D85A5
6C84A4
6C7E99
72849F
A3ABBA
CED6E5
DBDFE5
DADEE4
C5CEE1
959EB1
6F7E9F
707FA0
6C84A0
6C84A0
6F849D
70859E
6A88A6
6785A3
587DAC
456A99
38547E
3B5781
6B7FA0
7D91B2
6F83A2
516584
314566
2E4263
343E5C
323C5A
7A7E8B
CED2DF
DADEE6
D5D9E1
D9DDE3
E1E5EB
E2E6EC
E1E5EB
D8DDE3
D4D9DF
D5DADF
D4D9DE
F0EEEF
FFFFFF
FFFFFF
FFFFFF
FFFFFF
FFFFFF
FFFFFF
FFFFFF
FFFFFF
FFFFFF
FFFFFF
FFFFFF
FFFFFF
FFFFFF
FFFFFF
FFFFFF
FFFFFF
FFFFFF
FFFFFF
FFFFFF
FFFFFF
FFFFFF
FFFFFF
FFFFFF
FFFFFF
FFFFFF
FFFFFF
FFFFFF
FFFFFF
FFFFFF
FFFFFF
FFFFFF
FFFFFF
FFFFFF
FFFFFF
EAEAEC
DFE3E8
DCE0E5
E4E4E8
F7F7FB
FFFFFF
F0F0F2
E0E4E9
E2E6EB
E2E6EB
E1E5EA
E5DBDE
ECE2E5
F6E0E6
F6E0E6
FEE2E1
CEB2B1
B39291
FEDDDC
F5DFE3
F7E1E5
F5DDDF
F0D8DA
EDD5D9
EDD5D9
EFD5DA
E4CACF
C2A6A7
B19596
B28F8B
B4918D
B39893
C9AEA9
C0B5B3
B4A9A7
EEEDEC
FFFFFF
FFFFFF
FFFFFF
FEFEFE
FAFAFA
F6F6F6
FFFFFF
FFFFFF
FFFFFF
FFFFFF
FFFFFF
FFFFFF
FFFFFF
FFFFFF
FFFFFF
FFFFFF
FFFFFF
FFFFFF
FFFFFF
FFFFFF
FFFFFF
FFFFFF
FFFFFF
FBFFFF
FCFFFF
FFE6EB
A17378
D36077
D36077
D36779
B74B5D
7B1A27
842330
C9BCB8
FDF0EC
FBFCFA
FFFFFE
FFFEFF
FFFEFF
FFFFFF
FFFFFF
FFFFFF
FFFFFF
FFFFFF
FFFFFF
FFFFFF
FFFFFF
FFFFFF
FFFFFF
FFFFFF
FFFFFF
FFFFFF
FFFFFF
FFFEFF
CAC8C9
F5F3F4
FFFFFF
FFFFFF
FFFFFF
FFFFFF
FFFFFF
FFFFFF
FFFFFF
FFFFFF
FFFFFF
FFFFFF
FFFFFF
FEFEFE
FFFFFF
F4EFEF
DFDADA
E2D9D6
E3DAD7
E3DAD9
E2D9D8
E3DAD9
E4DBDA
DED6D5
DCD4D3
DDD8D6
F3EEEC
FFFFFF
FFFFFE
FFFFFF
FFFFFF
FFFFFF
FFFFFF
FFFFFF
FFFFFF
FFFFFF
FFFFFF
FFFFFF
FFFFFF
FFFFFF
FFFFFF
FFFFFF
E7E4E3
DCD1CF
D6CBC9
CCC7C5
FFFFFD
FFFFFF
FFFFFF
FFFFFF
FFFFFF
F5F3F4
D0CECF
F4F2F3
FFFFFF
FEFEFE
FFFFFF
FFFFFF
FFFFFF
F1EDEE
D2CECF
FFFDFE
EAE8E9
A6A8AB
DADCDF
D5DAE2
D5DAE2
D5DAE2
D5DAE2
D5DAE2
D5DAE2
D5DAE2
D5DAE2
D5DAE2
D5DAE2
D5DAE2
D5DAE2
D5DAE2
D5DAE2
D5DAE2
D5DAE2
D6DAE2
D6DAE2
D8D9E0
D8D9E0
DDDEE5
C2C3CA
77849B
6A778E
6E86A6
6C84A4
6B85A4
6A84A3
6F7E99
808FAA
BBC0C8
D8DDE5
DADDE8
D9DCE7
B0BDD2
7E8BA0
687D9C
6E83A2
6C86A3
6B85A2
6D82A1
6C81A0
6E7F95
8394AA
9DB1D5
889CC0
6882AC
5D77A1
3E547F
293F6A
33455F
2E405A
454C59
989FAC
DBDBE9
DADAE8
D6DAE0
D7DBE1
DFE3E9
E2E6EC
E2E6EC
DDE1E7
D4D9DF
D5DAE0
D6DADF
D4D8DD
F7F7F7
FFFFFF
FFFFFF
FFFFFF
FFFFFF
FFFFFF
FFFFFF
FFFFFF
FFFFFF
FFFFFF
FFFFFF
FFFFFF
FFFFFF
FFFFFF
FFFFFF
FFFFFF
FFFFFF
FFFFFF
FFFFFF
FFFFFF
FFFFFF
FFFFFF
FFFFFF
FFFFFF
FFFFFF
FFFFFF
FFFFFF
FFFFFF
FFFFFF
FFFFFF
FFFFFF
FFFFFF
FFFFFF
FFFFFF
FFFFFF
EAEAEC
DFE4E6
DCE1E3
F1F1F3
FFFFFF
F3F5F8
E2E4E7
E1E6EB
E1E6EB
E4E2E7
DFDDE2
F1DDE2
F5E1E6
F6E0E6
F6E0E6
FFE3E4
CDB1B2
BB9A99
FFDFDE
F6E0E4
F2DCE0
EFD7D9
EED6D8
EFD5DA
EFD5DA
F0D6DB
D2B8BD
BDA1A2
A88C8D
B9928F
B7908D
B79F9B
CAB2AE
BEB3B1
B9AEAC
F7F6F5
FFFFFF
FFFFFF
FFFFFF
FFFFFF
F6F6F6
FAFAFA
FFFFFF
FFFFFF
FFFFFF
FFFFFF
FFFFFF
FFFFFF
FFFFFF
FFFFFF
FFFFFF
FFFFFF
FFFFFF
FFFFFF
FFFFFF
FFFFFF
FFFFFF
FFFFFF
FFFFFF
FCFFFF
FDFFFF
FFE3E8
AA7C81
D06176
D16277
D66679
B24255
6C1D25
A85961
F7F4EF
FCF9F4
FEFEFE
FFFFFF
FFFFFF
FFFFFF
FFFFFF
FFFFFF
FFFFFF
FFFFFF
FFFFFF
FFFFFF
FFFFFF
FFFFFF
FFFFFF
FFFFFF
FFFFFF
FFFFFF
FFFFFF
FFFFFF
FFFFFF
D3CFD0
DAD8D9
FFFFFF
FFFFFF
FFFFFF
FFFFFF
FFFFFF
FFFFFF
FFFFFF
FFFFFF
FFFFFF
FFFFFF
FFFFFF
FEFEFE
FDFDFD
EFEAEA
DED9D9
E2D9D6
E3DAD7
E3DAD9
E3DAD9
E0D8D9
DED6D7
E8E5E4
FAF7F6
FFFFFE
FFFFFE
F2EFEC
EDEAE7
EEEDEC
FCFBFA
FFFFFF
FFFFFF
FFFFFF
FFFFFF
FFFFFF
FFFFFF
FFFFFF
FFFFFF
FFFFFF
FFFFFF
FFFFFE
F2EFEE
D8CDCB
CCC1BF
D8D3D1
FFFFFD
FFFFFF
FFFFFF
FFFFFF
FFFFFF
FEFCFD
D8D6D7
D2CECF
FDF9FA
FEFEFE
FEFEFE
FFFFFF
FEFEFE
FFFEFF
D9D5D6
EFEDEE
FFFFFF
C6C6CA
B0B0B4
DADFE7
D5DAE2
D5DAE2
D5DAE2
D5DAE2
D5DAE2
D5DAE2
D5DAE2
D5DAE2
D5DAE2
D5DAE2
D5DAE2
D5DAE2
D5DAE2
D5DAE2
D5DAE2
D5DAE2
D5DAE2
D6DAE2
D6DAE2
D9DAE1
DDDEE5
D3D6E1
9A9DA8
677993
6F819B
6C86A5
6C86A5
6D85A5
6A82A2
727F96
96A3BA
D0D4DA
DADEE4
D8E0E7
CED6DD
8F9FB8
6B7B94
6B809F
6B809F
6F7C93
8390A7
B3BAC7
D5DCE9
DAE6F8
CDD9EB
7F99C2
526C95
426191
365585
3D485E
626D83
BEC2C8
DDE1E7
D7DAE5
D5D8E3
D6DAE2
DFE3EB
E2E6EC
E2E6EC
DFE3E9
D7DBE1
D5DAE0
D5DAE0
D5DADC
DBE0E2
FEFEFE
FFFFFF
FFFFFF
FFFFFF
FFFFFF
FFFFFF
FFFFFF
FFFFFF
FFFFFF
FFFFFF
FFFFFF
FFFFFF
FFFFFF
FFFFFF
FFFFFF
FFFFFF
FFFFFF
FFFFFF
FFFFFF
FFFFFF
FFFFFF
FFFFFF
FFFFFF
FFFFFF
FFFFFF
FFFFFF
FFFFFF
FFFFFF
FFFFFF
FFFFFF
FFFFFF
FFFFFF
FFFFFF
FFFFFF
FFFFFF
EAEAEC
E0E2E5
E7E9EC
FEFEFF
F8F8FA
E2E3E9
E3E4EA
E5E7E8
E1E3E4
E6DBDD
ECE1E3
F6E0E4
F6E0E4
F6E0E6
F6E0E6
FFE3E5
CCAEB0
C09E9F
FFE0E1
F2DADE
EDD5D9
EED4D7
EFD5D8
EFD5DA
EDD3D8
E8D8DA
C0B0B2
A98B89
AD8F8D
B9928F
B8918E
BBA7A2
C6B2AD
BDB2B0
BBB0AE
FEFEFE
FFFFFF
FFFFFF
FFFFFF
FEFEFE
F4F4F4
FEFEFE
FFFFFF
FFFFFF
FFFFFF
FFFFFF
FFFFFF
FFFFFF
FFFFFF
FFFFFF
FFFFFF
FFFFFF
FFFFFF
FFFFFF
FFFFFF
FFFFFF
FFFFFF
FFFFFF
FFFFFF
FBFFFF
FBFFFF
FFF1F5
AA868A
CE6072
D16375
D16173
9C2C3E
5F2128
D99BA2
FEFFFD
FBFCFA
FCFCFC
FFFFFF
FFFFFF
FFFFFF
FFFFFF
FFFFFF
FFFFFF
FFFFFF
FFFFFF
FFFFFF
FFFFFF
FFFFFF
FFFFFF
FFFFFF
FFFFFF
FFFFFF
FFFFFF
FFFFFF
FFFFFF
DEDADB
B4B0B1
FFFDFE
FEFEFE
FFFFFF
FFFFFF
FFFFFF
FFFFFF
FFFFFF
FFFFFF
FFFFFF
FFFFFF
FFFFFF
FFFFFF
FCFCFC
EBE3E4
E1D9DA
E3DAD7
E2D9D6
DCD4D3
E0D8D7
EAE9E8
FAF9F8
FFFFFF
FFFFFE
FFFFFF
ECEBEA
DFD7D6
E1D9D8
DFDADA
EDE8E8
FFFDFE
FFFEFF
FFFFFF
FFFFFF
FFFFFF
FFFFFF
FFFFFF
FFFFFF
FFFFFF
FFFFFF
FFFFFE
FCF9F8
DDD4D3
C4BBBA
E6E3E0
FFFFFD
FFFFFF
FFFFFF
FFFFFF
FFFFFF
FFFEFF
E6E4E5
D4CFCF
D9D4D4
FFFFFF
FEFEFE
FFFFFF
FFFFFF
FFFFFF
F5F3F4
E0E0E0
FFFFFF
FFFDFF
ACAAAF
C4C8CE
D8DCE2
D3D8E0
D4D9E1
D5DAE0
D5DAE0
D5DAE0
D5DAE0
D5DAE2
D5DAE2
D5DAE0
D5DAE0
D5DAE2
D5DAE2
D5DAE2
D5DAE2
D5DAE2
D5DAE2
D5DAE2
D5DAE2
D5DAE2
D5DAE2
D8DCE2
DBDFE5
AFB8C7
707988
687D9C
6F84A3
6A86A4
6985A3
6E83A2
6A7F9E
828B9C
B5BECF
D9DEDE
DADFDF
D6DDE9
B0B7C3
7D8DA1
8797AB
B5BDC4
D5DDE4
E2E3EA
DBDCE3
A9B4CA
7B869C
6A7F9E
7186A5
697B96
566883
8E919F
D4D7E5
DBDFE7
D6DAE2
D5D9E4
D4D8E3
DADEE6
E1E5ED
E2E6EC
E3E7ED
D9DDE3
D6DAE0
D5DAE0
D4D9DF
D7D9DC
F1F3F6
FFFFFF
FFFFFF
FFFFFF
FFFFFF
FFFFFF
FFFFFF
FFFFFF
FFFFFF
FFFFFF
FFFFFF
FFFFFF
FFFFFF
FFFFFF
FFFFFF
FFFFFF
FFFFFF
FFFFFF
FFFFFF
FFFFFF
FFFFFF
FFFFFF
FFFFFF
FFFFFF
FFFFFF
FFFFFF
FFFFFF
FFFFFF
FFFFFF
FFFFFF
FFFFFF
FFFFFF
FFFFFF
FFFFFF
FFFFFF
FFFFFF
E9E9E9
E0E0E4
F8F8FC
FBFCFF
E5E6EC
E0E4E9
E1E5EA
E6E0E2
E2DCDE
F4E0E3
F5E1E4
F5E1E4
F5E1E4
F6DFE7
F5DEE6
FFE4E6
CCADAF
C5A6A6
FADBDB
EFD2D6
EFD2D6
EED4D9
EED4D9
E6D4D8
EFDDE1
F0E5E5
B3A8A8
A07D7B
B89593
B7928E
B8938F
C1AFA9
C5B3AD
BCB1AF
C1B6B4
FFFFFF
FFFFFF
FFFFFF
FFFFFF
FAFAFA
F7F7F7
FFFFFF
FFFFFF
FFFFFF
FFFFFF
FFFFFF
FFFFFF
FFFFFF
FFFFFF
FFFFFF
FFFFFF
FFFFFF
FFFFFF
FFFFFF
FFFFFF
FFFFFF
FFFFFF
FFFFFF
FFFFFF
FCFFFF
FBFFFE
FFF9FD
CBB3B7
C55B6C
CF6576
CE5E6E
982838
5D272D
F0BAC0
FFFFFF
F2F5F2
F4F3F2
FFFFFF
FFFEFF
FFFEFF
FFFFFF
FFFFFF
FFFFFF
FFFFFF
FFFFFF
FFFFFF
FFFFFF
FFFFFF
FFFFFF
FFFFFF
FFFFFF
FFFFFF
FFFFFF
FFFFFF
FFFBFC
EEEAEB
A8A2A4
F4EEF0
FFFFFF
FFFFFF
FFFFFF
FFFFFF
FFFFFF
FFFFFF
FFFFFF
FFFFFF
FFFFFF
FFFFFF
FFFFFE
F6F5F4
E2DAD9
DED6D5
DBD3D2
E2DAD9
EFECEB
FFFCFB
FFFFFF
FEFEFE
FEFFFD
FFFFFE
FDFAF9
DDDAD9
E1D8D7
E3DAD9
E1D9D8
E4DCDB
F8F6F7
FFFFFF
FFFFFF
FFFFFF
FFFFFF
FFFFFF
FFFFFF
FFFFFF
FFFFFF
FFFFFF
FFFEFD
FFFFFE
EFEAEA
BEB9B9
F3F2EF
FFFFFD
FFFFFF
FFFFFF
FFFFFF
FFFFFF
FFFFFF
F1F1F1
DBD6D4
D3CECC
DCDBDA
FFFFFF
FFFFFF
FFFFFF
FFFFFF
FFFFFF
DFDFDF
EAEAEA
FFFFFF
F0EEF1
A2A3A9
D8D9DF
D7DCE4
D4D9E1
D5DAE0
D5DAE0
D5DAE2
D5DAE2
D5DAE2
D5DAE2
D5DAE2
D5DAE2
D5DAE2
D5DAE2
D5DAE2
D5DAE2
D5DAE2
D5DAE2
D5DAE2
D5DAE2
D5DAE2
D5DAE2
D5DAE2
D5DAE2
DADFE7
C6CBD3
79899F
68788E
6E83A2
6D82A1
6C84A2
6C84A2
6D829B
6D829B
9AA3AF
CDD6E2
DBDFE4
D9DDE2
CFD6E0
D3DAE4
DEE3EB
D7DCE4
B3BCCD
858E9F
697F99
6C829C
738095
68758A
828592
C1C4D1
DEE2EA
D7DBE3
D3DAE4
D3DAE4
D5D9E4
D6DAE5
E0E4EA
E1E5EB
E3E7ED
DEE2E8
D5D9DF
D6DAE0
D6DADF
D4D8DD
DFE1E2
FDFFFF
FFFFFF
FFFFFF
FFFFFF
FFFFFF
FFFFFF
FFFFFF
FFFFFF
FFFFFF
FFFFFF
FFFFFF
FFFFFF
FFFFFF
FFFFFF
FFFFFF
FFFFFF
FFFFFF
FFFFFF
FFFFFF
FFFFFF
FFFFFF
FFFFFF
FFFFFF
FFFFFF
FFFFFF
FFFFFF
FFFFFF
FFFFFF
FFFFFF
FFFFFF
FFFFFF
FFFFFF
FFFFFF
FFFFFF
FFFFFF
FFFFFF
EAEAEA
E8E8EC
FEFEFF
E9EDF3
E1E5EB
E4E6E9
E1E3E6
EADADE
F1E1E5
F8E0E4
F8E0E4
F6E0E4
F6E0E4
F6E0E6
F5DFE5
FFE1E4
D5B3B6
C6A4A5
F6D4D5
EFD2D6
F0D3D7
ECD4D8
EAD2D6
E7E2E2
FFFBFB
E0D2D3
B4A6A7
BF9A9A
B59090
B4918D
BB9894
C3B3AC
C4B4AD
BCAEAD
CBBDBC
FFFFFF
FFFFFF
FFFFFF
FFFFFF
F5F5F5
FCFCFC
FFFFFF
FFFFFF
FFFFFF
FFFFFF
FFFFFF
FFFFFF
FFFFFF
FFFFFF
FFFFFF
FFFFFF
FFFFFF
FFFFFF
FFFFFF
FFFFFF
FFFFFF
FFFFFF
FFFFFF
FFFFFF
FFFFFF
FEFEFF
FFFDFF
F1E6E8
C56575
C76777
CE5E70
BB4B5D
673A3F
FFD2D7
FFFFFF
F0F2F1
F3F2F1
FFFFFF
FFFFFF
FFFFFF
FFFFFF
FFFFFF
FFFFFF
FFFFFF
FFFFFF
FFFFFF
FFFFFF
FFFFFF
FFFFFF
FFFFFF
FFFFFF
FFFFFF
FFFFFF
FFFFFF
F7F5F6
F7F5F6
B1ABAD
DDD7D9
FFFFFF
FFFFFF
FFFFFF
FFFFFF
FFFFFF
FFFFFF
FFFFFF
FFFFFF
FEFEFE
FFFFFF
FFFDFC
E6E3E2
D8D3D3
E0DBDB
F3F0ED
FFFFFD
FFFFFF
FEFFFD
FEFEFE
FEFEFE
FEFFFD
FFFFFF
E7E2E0
DCD7D5
E3DAD9
E3DAD9
E1D9D8
E2DAD9
EDEBEC
FFFEFF
FFFFFF
FFFFFF
FFFFFF
FFFFFF
FFFFFF
FFFFFF
FFFFFF
FFFFFF
FFFFFE
FEFFFD
FCF9F8
CCC9C8
FAFBF9
FFFFFE
FFFFFF
FFFFFF
FFFFFF
FFFFFF
FEFEFE
FDFDFD
DDD8D8
E0DBDB
C9C6C3
EAE7E4
FFFFFF
FEFEFE
FFFFFF
FFFFFF
F2F2F2
CFCFCF
FCFAFD
FFFFFF
D8D7DE
ADACB3
E0E4EC
DBDFE7
D7DBE6
D6DAE5
D5D9E4
D5D9E4
D5DAE2
D5DAE2
D5DAE2
D5DAE2
D5DAE2
D5DAE2
D5DAE2
D5DAE2
D5DAE2
D5DAE2
D5DAE2
D5DAE2
D5DAE2
D5DAE2
D5DAE2
D5DAE2
D5D9DF
D9DDE3
D2D6E1
969AA5
667692
72829E
6E849E
6E849E
6B83A1
6B83A1
6D7D98
7D8DA8
BDC1CE
D8DCE9
DDDEE5
D7D8DF
B2BBCC
8A93A4
6B7F9E
6C809F
6F849D
647992
737784
A8ACB9
D9DAE3
DCDDE6
D3DBE2
D3DBE2
D5D9E4
D5D9E4
D5D9E1
DBDFE7
E2E6EB
E2E6EB
E1E5EB
D7DBE1
D5D9DF
D6DAE0
D6DADF
D5D9DE
F1F1F3
FFFFFF
FFFFFF
FFFFFF
FFFFFF
FFFFFF
FFFFFF
FFFFFF
FFFFFF
FFFFFF
FFFFFF
FFFFFF
FFFFFF
FFFFFF
FFFFFF
FFFFFF
FFFFFF
FFFFFF
FFFFFF
FFFFFF
FFFFFF
FFFFFF
FFFFFF
FFFFFF
FFFFFF
FFFFFF
FFFFFF
FFFFFF
FFFFFF
FFFFFF
FFFFFF
FFFFFF
FFFFFF
FFFFFF
FFFFFF
FEFEFE
FFFFFF
E9E9E9
EDEFF0
F2F4F5
E1E5EA
E3E7EC
E5DFE3
E4DEE2
F5DFE3
F6E0E4
F8E0E4
F8E0E4
F6E0E4
F6E0E4
F6E0E6
F6E0E6
FFDFE2
DFBDC0
C3A1A2
F7D5D6
ECD6D8
E8D2D4
E4D6D7
F4E6E7
FDFBFC
FFFFFF
C1B6B8
CDC2C4
CBA8A8
B18E8E
B1908B
BF9E99
C4B4AD
C4B4AD
B9ABAA
D0C2C1
FFFFFF
FDFFFE
FFFFFF
FDFDFD
F5F5F5
FEFEFE
FFFFFF
FFFFFF
FFFFFF
FFFFFF
FFFFFF
FFFFFF
FFFFFF
FFFFFF
FFFFFF
FFFFFF
FFFFFF
FFFFFF
FFFFFF
FFFFFF
FFFFFF
FFFFFF
FFFFFF
FFFFFF
FFFFFF
FFFFFF
FFFFFF
F9F4F4
B55B69
B25866
CD5D70
AE3E51
725053
FFEEF1
FFFFFF
EEF0EF
F1F0EF
FFFFFF
FFFFFF
FFFFFF
FFFFFF
FFFFFF
FFFFFF
FFFFFF
FFFFFF
FFFFFF
FFFFFF
FFFFFF
FFFFFF
FFFFFF
FFFFFF
FFFFFF
FFFFFF
FFFFFF
F1EDEE
FAF6F7
C6C0C2
D2CCCE
FFFFFF
FFFFFF
FFFFFF
FFFFFF
FFFFFF
FFFFFF
FFFFFF
FFFFFF
FEFEFE
F9F9F9
E3E2E1
E1E0DF
F6F5F4
FFFFFE
FFFFFF
FFFFFE
FFFFFE
FFFFFE
FFFFFF
FEFEFE
FFFFFE
F3F2F1
DAD2D1
E3DBDA
E3DAD9
E3DAD9
E2DAD9
E2DAD9
E9E7E8
FFFDFE
FFFFFF
FFFFFF
FFFFFF
FFFFFF
FFFFFF
FFFFFF
FFFFFF
FFFFFF
FFFFFF
FEFEFE
FFFFFE
D7D6D5
F9FAF8
FEFFFD
FFFFFF
FFFFFF
FFFFFF
FFFFFF
FEFEFE
FFFFFF
EAE7E6
D8D5D4
E0DBD7
CBC6C2
F0EEEF
FFFFFF
FFFFFF
FFFFFF
FDFDFD
DDDDDD
E6E4E5
FFFEFF
FFFFFF
BEBCC1
BDC1C7
E3E7ED
DCE0EB
DADEE9
D8DCE7
D6DAE5
D5D9E4
D5D9E4
D5D9E4
D5D9E4
D5DAE2
D5DAE2
D5DAE2
D5DAE2
D5DAE2
D5DAE2
D5DAE2
D5DAE2
D5DAE2
D5DAE2
D5DAE2
D5DAE2
D6DAE0
D6DAE0
D7DBE1
DBDFE5
A5B1C3
6D798B
6A7F98
71869F
6F84A5
6E83A4
6E83A0
6D829F
757F9A
A0AAC5
AEB6CC
878FA5
6D7F9A
6F819C
7385A0
697B96
717485
979AAB
CDD1DE
DBDFEC
D4DBE5
D3DAE4
D5D9E6
D5D9E6
D6D9E4
D5D8E3
D9DDE3
E1E5EB
E2E6EB
E1E5EA
D8DDE3
D5DAE0
D6DAE0
D6DAE0
D4D8DD
E0E4E9
FDFDFD
FFFFFF
FFFFFF
FFFFFF
FFFFFF
FFFFFF
FFFFFF
FFFFFF
FFFFFF
FFFFFF
FFFFFF
FFFFFF
FFFFFF
FFFFFF
FFFFFF
FFFFFF
FFFFFF
FFFFFF
FFFFFF
FFFFFF
FFFFFF
FFFFFF
FFFFFF
FFFFFF
FFFFFF
FFFFFF
FFFFFF
FFFFFF
FFFFFF
FFFFFF
FFFFFF
FFFFFF
FFFFFF
FFFFFF
FFFFFF
FEFEFE
FFFFFF
ECECEC
F0F2F3
E6E8E9
E4E6E9
E0E2E5
E7D7DB
F1E1E5
F8E0E4
F8E0E4
F5E1E4
F5E1E4
F6E0E4
F6E0E4
F6E0E6
F4DEE4
F9DADC
E0C1C3
C2A4A2
F3D5D3
E4D6D5
EFE1E0
F6F5F4
FCFBFA
FFFEFF
F6F2F3
ADA4A5
EFE6E7
C4A6A4
B09290
B0928C
C1A39D
C4B4AD
C4B4AD
B7ACAA
D2C7C5
FFFFFF
FDFFFE
FFFFFF
FAFAFA
F8F8F8
FFFFFF
FFFFFF
FFFFFF
FFFFFF
FFFFFF
FFFFFF
FFFFFF
FFFFFF
FFFFFF
FFFFFF
FFFFFF
FFFFFF
FFFFFF
FFFFFF
FFFFFF
FFFFFF
FFFFFF
FFFFFF
FFFFFF
FEFFFF
FEFFFF
FFFFFF
F8F3F3
BC6472
B8606E
C15365
881A2C
876D70
FFF9FC
FCFFFF
EAEFEF
EEEDEC
FFFFFF
FFFFFF
FFFFFF
FFFFFF
FFFFFF
FFFFFF
FFFFFF
FFFFFF
FFFFFF
FFFFFF
FFFFFF
FFFFFF
FFFFFF
FFFFFF
FFFFFF
FFFFFF
FEFEFE
EAE6E7
F7F3F4
D1CDCE
D1CDCE
FAFAFA
FFFFFF
FFFFFF
FFFFFF
FFFFFF
FFFFFF
FFFFFF
FFFFFF
F7F7F7
ECECEC
F1F4F1
FEFFFE
FFFFFE
FEFFFD
FEFFFD
FFFFFE
FFFFFE
FFFFFE
FFFFFF
FEFEFE
FFFFFE
DDDCDB
E0D7D4
E3DAD7
E2DAD9
E2DAD9
E3DAD9
E3DAD9
E7E5E6
FEFCFD
FFFFFF
FFFFFF
FFFFFF
FFFFFF
FFFFFF
FFFFFF
FFFFFF
FFFFFF
FFFFFF
FFFFFF
FFFFFF
DBDAD9
EBECEA
FFFFFF
FFFFFF
FFFFFF
FFFFFF
FFFFFF
FEFEFE
FFFFFF
FAF7F6
D7D4D3
E4DCD9
E0D8D5
C9C8C7
F6F5F4
FFFFFF
FEFEFE
FEFEFE
E9E9E9
D3D1D2
F3F1F2
FFFFFF
F8F6F7
A8A9AF
D8D9DF
E3E8F0
DEE3EB
DBE2EC
D9E0EA
D7DEEA
D6DDE9
D7DBE6
D6DAE5
D5DAE2
D5DAE2
D5DAE2
D5DAE2
D5DAE2
D5DAE2
D5DAE2
D5DAE2
D5DAE2
D5DAE2
D5DAE2
D5DAE2
D5DAE2
D5DAE2
D4D9E1
D4D9E1
DCE0E8
BDC1C9
718197
6D7D93
6E86A4
6C84A2
6E83A4
6F84A5
7081A1
6C7D9D
6A7E9D
6E82A1
7182A0
6B7C9A
707887
8D95A4
C4C9D1
DADFE7
D5DCE6
D2D9E3
D5D9E4
D5D9E4
D5DAE2
D5DAE2
D4D9E1
D5DAE2
E0E4E9
E1E5EA
E3E7ED
DCE0E6
D5DAE0
D5DAE0
D6DAE0
D5D9DF
D8DADD
F4F6F9
FFFFFF
FFFFFF
FFFFFF
FFFFFF
FFFFFF
FFFFFF
FFFFFF
FFFFFF
FFFFFF
FFFFFF
FFFFFF
FFFFFF
FFFFFF
FFFFFF
FFFFFF
FFFFFF
FFFFFF
FFFFFF
FFFFFF
FFFFFF
FFFFFF
FFFFFF
FFFFFF
FFFFFF
FFFFFF
FFFFFF
FFFFFF
FFFFFF
FFFFFF
FFFFFF
FFFFFF
FFFFFF
FFFFFF
FFFFFF
FFFFFF
FEFEFE
FFFFFF
EFEFEF
E6EBED
E0E5E7
E7E2E2
E3DEDE
F1DBDF
F6E0E4
F6E0E4
F6E0E4
F6E0E4
F6E0E4
F4E0E3
F2DEE1
F2DADE
EED6DA
F2D4D6
E9CBCD
BFA6A4
F6DDDB
F3F0ED
FDFAF7
F7FCFA
F9FEFC
FFFFFF
DEDADB
B5AFB1
FFFCFE
C1A3A1
B09290
B19391
C5A7A5
C4B3B0
C4B3B0
B6ADAA
D5CCC9
FFFFFF
FCFEFD
FEFEFE
F5F5F5
FAFAFA
FFFFFF
FFFFFF
FFFFFF
FFFFFF
FFFFFF
FFFFFF
FFFFFF
FFFFFF
FFFFFF
FFFFFF
FFFFFF
FFFFFF
FFFFFF
FFFFFF
FFFFFF
FFFFFF
FFFFFF
FFFFFF
FFFFFF
FEFFFF
FEFFFF
FFFEFF
FAF1F2
C56777
C86A7A
A33544
801221
9B8184
FFF8FB
FEFFFF
E7E9EA
E3E0DF
FEFBFA
FFFFFF
FFFFFF
FFFFFF
FFFFFF
FFFFFF
FFFFFF
FFFFFF
FFFFFF
FFFFFF
FFFFFF
FFFFFF
FFFFFF
FEFFFF
FEFFFF
FFFFFF
F9F7F8
E5E0DE
F3EEEC
D9D8D7
D5D4D3
F8F8F8
FFFFFF
FFFFFF
FFFFFF
FFFFFF
FFFFFF
FFFFFF
FFFFFF
FEFEFE
FFFFFF
FFFFFF
FEFEFE
FFFFFF
FFFFFF
FFFFFF
FFFFFF
FFFFFF
FFFFFF
FFFFFF
FFFFFF
FAF5F5
D8D3D3
E4DBD8
E3DAD7
E3DAD9
E3DAD9
E3DAD9
E2D9D8
E6E5E4
FFFEFD
FFFFFF
FFFFFF
FFFFFF
FFFFFF
FFFFFF
FFFFFF
FFFFFF
FFFFFF
FFFFFF
FFFFFF
FFFFFF
EAE7E6
CBCAC9
FFFFFF
FFFFFF
FFFFFF
FFFFFF
FFFFFF
FEFEFE
FEFEFE
FFFEFF
DEDCDD
E0D8D5
E3DBD8
DBD6D4
D0CBC9
F9F9F9
FFFFFF
FFFFFF
EFEFEF
D9D5D6
D9D5D6
FDFCFB
FFFFFF
EAE8EB
B1AFB2
E8E9F0
E2E3EA
E0E5ED
DFE4EC
DEE2ED
DDE1EC
D9E0EC
D8DFEB
D8DCE7
D7DBE6
D6DAE5
D5D9E4
D2DAE1
D2DAE1
D2DADF
D3DBE0
D5DAE0
D5DAE0
D6DAE2
D6DAE2
D5DAE2
D5DAE2
D5DAE2
D4D9E1
D5DAE2
DADFE7
C9D2DE
838C98
687997
7283A1
6E82A3
6F83A4
6F83A2
6E82A1
6F859F
6C829C
777991
9294AC
C4C8D0
DBDFE7
D8DDE3
D5DAE0
D4D9E1
D5DAE2
D5DAE2
D5DAE2
D4D8E3
D3D7E2
D5DAE0
DEE3E9
E1E6EC
E1E6EC
DEE3E9
D5DAE0
D5DAE2
D5DAE2
D6DAE0
D4D8DE
E7E7E9
FFFFFF
FFFFFF
FFFFFF
FFFFFF
FFFFFF
FFFFFF
FFFFFF
FFFFFF
FFFFFF
FFFFFF
FFFFFF
FFFFFF
FFFFFF
FFFFFF
FFFFFF
FFFFFF
FFFFFF
FFFFFF
FFFFFF
FFFFFF
FFFFFF
FFFFFF
FFFFFF
FFFFFF
FFFFFF
FFFFFF
FFFFFF
FFFFFF
FFFFFF
FFFFFF
FFFFFF
FFFFFF
FFFFFF
FFFFFF
FFFFFF
FFFFFF
FEFEFE
FAFCFD
E3E5E6
E4E3EA
E2E1E8
EADCDF
ECDEE1
F6DEE2
F8E0E4
F6E0E4
F6E0E4
F6E0E4
F3DDE1
F1D9DD
EED6DA
EDD5D9
EDD5D9
E7D9D8
EFE1E0
CFBEBB
FFF1EE
F9F9F9
FAFAFA
FBFDFC
FCFEFD
FFFEFF
C5BFC1
D4D0D1
FFFFFF
CDAFAD
AE908E
B29492
C7A9A7
C5B4B1
C4B3B0
B7AEAB
DBD2CF
FFFFFF
FCFEFD
FEFEFE
F4F4F4
FDFDFD
FFFFFF
FFFFFF
FFFFFF
FFFFFF
FFFFFF
FFFFFF
FFFFFF
FFFFFF
FFFFFF
FFFFFF
FFFFFF
FFFFFF
FFFFFF
FFFFFF
FFFFFF
FFFFFF
FFFFFF
FFFFFF
FFFFFF
FEFFFF
FEFFFF
FFFDFF
F5EAEC
CD687A
B55062
8B1F2E
821625
86676C
FFF7FC
FCFAFB
E1DFE0
DED9D9
F7F2F2
FFFFFF
FFFFFF
FFFFFF
FFFFFF
FFFFFF
FFFFFF
FFFFFF
FFFFFF
FFFFFF
FFFFFF
FFFFFF
FFFFFF
FFFFFF
FFFFFF
FFFFFF
F0EDEC
E1DCD8
DED9D5
EAE9E8
FAF9F8
FDFDFD
FFFFFF
FFFFFF
FFFFFF
FFFFFF
FFFFFF
FFFFFF
FFFFFF
FFFFFF
FFFFFF
FFFFFF
FFFFFF
FFFFFF
FFFFFF
FFFFFF
FFFFFF
FFFFFF
FFFFFF
FFFFFF
FFFFFF
E7E2E0
D9D4D2
E4DBD8
E3DAD7
E3DAD9
E3DAD9
E3DAD7
E2D9D6
E6E5E4
FFFEFD
FFFFFF
FFFFFF
FFFFFF
FFFFFF
FFFFFF
FFFFFF
FFFFFF
FFFFFF
FFFFFF
FFFFFF
FFFFFF
FEFAFB
B5B2B1
FBF8F7
FFFFFF
FFFFFF
FFFFFF
FFFFFF
FFFFFF
FFFFFF
FFFFFF
EEECED
DDD5D4
E3DBDA
E3DBDA
DED6D5
D6D3D2
FDFAF9
FFFFFF
F7F7F7
E0DDDC
D3D0CF
E2E1E0
FFFFFE
FFFFFF
CDCCCB
CCCCD0
F5F5F9
E0E4EA
E1E5EB
E0E5ED
E0E5ED
E0E5ED
DEE3EB
DCE0EB
DADEE9
D7DEEA
D6DDE9
D4DBE5
D3DAE4
D3DAE4
D3DAE4
D5DAE2
D4D9E1
D5D9E1
D5D9E1
D5DAE2
D5DAE2
D5DAE2
D5DAE2
D5DAE2
D5DAE2
D6DDE7
D2D9E3
94A1B6
6A778C
6E83A4
6E83A4
6E83A2
6F84A3
6D7A8E
778498
BABEC9
D8DCE7
D9DDE3
D6DAE0
D5DAE0
D5DAE0
D5DAE2
D5DAE2
D4D8E3
D4D8E3
D4D9E1
D6DBE3
DFE4EA
E0E5EB
E1E6EC
DEE3E9
D5DAE2
D5DAE2
D5DAE2
D5DAE2
D5D9DE
D8DCE1
F9F9F9
FFFFFF
FFFFFF
FFFFFF
FFFFFF
FFFFFF
FFFFFF
FFFFFF
FFFFFF
FFFFFF
FFFFFF
FFFFFF
FFFFFF
FFFFFF
FFFFFF
FFFFFF
FFFFFF
FFFFFF
FFFFFF
FFFFFF
FFFFFF
FFFFFF
FFFFFF
FFFFFF
FFFFFF
FFFFFF
FFFFFF
FFFFFF
FFFFFF
FFFFFF
FFFFFF
FFFFFF
FFFFFF
FFFFFF
FFFFFF
FFFFFF
FEFEFE
FEFEFE
E8EAEB
E0E2E3
E8E4E9
E4E0E5
F4DEE2
F0DADE
F9E1E5
F8E0E4
F5E1E4
F4E0E3
F3DBDF
EFD7DB
EDD7DB
EAD4D8
E8DADD
F3E5E8
F7F2F0
FFFBF9
DACFCD
F7ECEA
FAFCFB
FCFEFD
FEFEFE
FEFEFE
FFFBFD
B7B1B3
F0EEEF
FFFFFF
CDB1B0
AA8E8D
B29494
C8AAAA
C4B3B0
C4B3B0
B7AEAB
DDD4D1
FFFFFF
FDFFFE
FDFDFD
F5F5F5
FFFFFF
FFFFFF
FFFFFF
FFFFFF
FFFFFF
FFFFFF
FFFFFF
FFFFFF
FFFFFF
FFFFFF
FFFFFF
FFFFFF
FFFFFF
FFFFFF
FFFFFF
FFFFFF
FFFFFF
FFFFFF
FFFFFF
FFFFFF
FEFFFF
FDFFFE
FFFBFF
E9D9DD
C15A6D
922B3E
8C1A2B
8A1829
684448
FFE7EB
F3F0EF
DEDBDA
DFDAD8
EBE6E4
FFFFFF
FFFFFF
FFFFFF
FFFFFF
FFFFFF
FFFFFF
FFFFFF
FFFFFF
FFFFFF
FFFFFF
FFFFFF
FFFFFF
FFFFFF
FFFFFF
FFFAFA
E5E0E0
E2DDD9
D2CDC9
F0EFEE
FFFFFF
FEFEFE
FFFFFF
FFFFFF
FFFFFF
FFFFFF
FFFFFF
FFFFFF
FFFFFF
FFFFFF
FFFFFF
FFFFFF
FFFFFF
FFFFFF
FFFFFF
FFFFFF
FFFFFF
FFFFFF
FEFEFE
FEFEFE
FBFBFB
D8D0CF
E1D9D8
E3DAD7
E3DAD7
E3DAD9
E3DAD9
E3DAD7
E2D9D6
E6E5E4
FFFEFD
FFFFFF
FFFFFF
FFFFFF
FFFFFF
FFFFFF
FFFFFF
FFFFFF
FFFFFF
FFFFFF
FEFEFE
FFFEFF
FFFFFF
BDB8B8
D4CFCF
FFFFFF
FEFEFE
FFFFFF
FFFFFF
FFFFFF
FFFFFF
FFFFFF
FBFBFB
DFD7D6
E3DBDA
E5DCDB
E5DCDB
DAD5D5
D9D4D4
FBF9FA
FFFEFF
E5E2E1
DBD8D7
D3D0CF
F0EDEC
FFFFFE
FEFDFC
B4B3B2
EDECEB
F8FAFD
E9EBEE
E1E5EA
E2E6EB
E3E7ED
E2E6EC
DFE3EE
DEE2ED
DDE1EE
DBDFEC
D8DFEB
D6DDE9
D4DDE8
D3DCE7
D5D9E4
D5D9E4
D4D9E1
D4D9E1
D4D9E1
D5DAE2
D5DAE2
D5DAE2
D5DAE2
D5DAE2
D5D9E4
D6DAE5
D7E0EC
A4ADB9
697B96
72849F
6E7F95
68798F
9299A5
CBD2DE
D8E0E5
D3DBE0
D5DAE0
D5DAE0
D5DAE2
D5DAE2
D5DAE2
D5DAE2
D5D9E4
D4D8E3
D8DCE2
E2E6EC
E1E6EC
E1E6EC
DFE4EA
D6DBE1
D5DAE2
D5DAE2
D5D9E1
D4D8E0
D5D7DA
EDEFF2
FFFFFF
FFFFFF
FFFFFF
FFFFFF
FFFFFF
FFFFFF
FFFFFF
FFFFFF
FFFFFF
FFFFFF
FFFFFF
FFFFFF
FFFFFF
FFFFFF
FFFFFF
FFFFFF
FFFFFF
FFFFFF
FFFFFF
FFFFFF
FFFFFF
FFFFFF
FFFFFF
FFFFFF
FFFFFF
FFFFFF
FFFFFF
FFFFFF
FFFFFF
FFFFFF
FFFFFF
FFFFFF
FFFFFF
FFFFFF
FFFFFF
FFFFFF
FFFEFF
F5F3F4
DADCDF
E3E5E8
E9E0E3
EBE2E5
F2DCDE
F2DCDE
F7E1E5
F6E0E4
F6E0E4
F1DBDF
EDD5D9
ECD4D8
E4D4D6
EFDFE1
F9F6F5
FDFAF9
FCF9F6
FEFBF8
E4DBDA
ECE3E2
FEFFFF
FDFFFE
FFFFFF
FFFFFF
F3EDEF
BFB9BB
FDFFFE
FFFFFF
E4CDCC
A89190
B49696
CAACAC
C4B3B0
C4B3B0
B6ADAA
D9D0CD
FFFFFF
FEFFFF
FCFAFB
F7F5F6
FFFFFF
FFFEFF
FFFFFF
FFFFFF
FFFFFF
FFFFFF
FFFFFF
FFFFFF
FFFFFF
FFFFFF
FFFFFF
FFFFFF
FFFFFF
FFFFFF
FFFFFF
FFFFFF
FFFFFF
FFFFFF
FFFFFF
FFFFFF
FEFFFF
FDFFFE
FFFBFF
DBCBCF
9D384A
811C2E
8B1B2B
891929
562429
E0AEB3
EDEAE7
DEDBD8
E2DAD9
E3DBDA
F6F4F5
FFFFFF
FFFFFF
FFFFFF
FFFFFF
FFFFFF
FFFFFF
FFFFFF
FFFFFF
FFFFFF
FFFFFF
FFFFFF
FFFEFF
FEFCFD
ECE4E3
E0D8D7
E1DCD8
CDC8C4
F8F7F6
FFFFFE
FEFEFE
FFFFFF
FFFFFF
FFFFFF
FFFFFF
FFFFFF
FFFFFF
FFFFFF
FFFFFF
FFFFFF
FFFFFF
FFFFFF
FFFFFF
FFFFFF
FFFFFF
FFFFFF
FFFFFF
FEFEFE
FFFFFF
ECEAEB
D7CFCC
E3DBD8
E3DAD7
E3DAD7
E3DAD9
E3DAD9
E3DAD7
E2D9D6
E6E5E4
FFFEFD
FFFFFF
FFFFFF
FFFFFF
FFFFFF
FFFFFF
FFFFFF
FFFFFF
FFFFFF
FFFFFF
FFFFFF
FFFEFF
FFFFFF
DCD2D5
B0A6A9
FBFBFB
FEFEFE
FFFFFF
FFFFFF
FFFFFF
FFFFFF
FFFFFF
FFFFFF
E9E1E0
DFD7D6
E4DBD8
E3DAD7
E3DBDA
DFD7D6
DEDBDA
FEFBFA
ECE9E8
E1DEDD
D8D3D3
DAD5D5
FBF9FA
FFFFFF
ECEBEA
B3B2B1
FFFDFE
FFFDFE
F2F4F7
E7E9EC
E1E5EB
E2E6EC
E2E6EC
E1E5EB
E1E5ED
E0E4EC
DCE3ED
DBE2EC
D8E1EC
D6DFEA
D5DCE8
D4DBE7
D5D9E4
D5D9E4
D5DAE2
D5DAE2
D5DAE2
D5DAE2
D5DAE2
D5DAE2
D5D9E4
D5D9E4
D4DBE5
D9E0EA
939CAB
67707F
828995
BAC1CD
D9DEE6
D7DCE4
D5DAE2
D5DAE2
D5DAE2
D5DAE2
D5DAE2
D5DAE2
D5DAE2
D5DAE2
D4D9E1
D7DCE4
E1E5EB
E2E6EC
E1E6EC
DFE4EA
D5DAE2
D4D9E1
D5DAE2
D5DAE2
D5D9DF
D4D8DE
E9EBEC
FEFFFF
FFFFFF
FFFFFF
FFFFFF
FFFFFF
FFFFFF
FFFFFF
FFFFFF
FFFFFF
FFFFFF
FFFFFF
FFFFFF
FFFFFF
FFFFFF
FFFFFF
FFFFFF
FFFFFF
FFFFFF
FFFFFF
FFFFFF
FFFFFF
FFFFFF
FFFFFF
FFFFFF
FFFFFF
FFFFFF
FFFFFF
FFFFFF
FFFFFF
FFFFFF
FFFFFF
FFFFFF
FFFFFF
FFFFFF
FFFFFF
FFFFFF
FFFFFF
FFFDFE
EAE6E7
DDDDE1
E5E5E9
E9DEE0
EFE4E6
F0DADC
F5DFE1
F7E1E5
F6E0E4
F2DCE0
ECD6DA
E8D2D6
E8D2D6
E2D7D7
F8EDED
FCFBFA
F8F7F6
F8F9F7
F9FAF8
F4EBEA
DFD6D5
FFFFFF
FEFEFE
FFFFFF
FFFFFF
E0DADC
D2CCCE
FFFFFF
FFFFFF
F6E0E2
A89294
B49696
CBADAD
C4B3B0
C4B3B0
B7ACAA
D5CAC8
FFFFFF
FDFFFE
FAF8F9
F8F6F7
FFFFFF
FFFEFF
FFFFFF
FFFFFF
FFFFFF
FFFFFF
FFFFFF
FFFFFF
FFFFFF
FFFFFF
FFFFFF
FFFFFF
FFFFFF
FFFFFF
FFFFFF
FFFFFF
FFFFFF
FFFFFF
FFFFFF
FFFFFF
FEFFFF
FDFFFE
FFFBFD
CAB8BA
7E1C2D
953344
942D3A
9E3744
833E47
A7626B
EEE7E1
E2DBD5
E2DAD7
E1D9D6
E7E3E4
FFFCFD
FFFFFF
FEFEFE
FFFFFF
FFFFFF
FFFFFF
FFFFFF
FFFFFF
FFFFFF
FFFFFF
FFFFFF
FFFEFD
EDECEB
E1D9D8
E1D9D8
DED9D7
CCC7C5
FEFDFC
FFFEFD
FEFEFE
FFFFFF
FFFFFF
FFFFFF
FFFFFF
FFFFFF
FFFFFF
FFFFFF
FFFFFF
FFFFFF
FFFFFF
FFFFFF
FFFFFF
FFFFFF
FFFFFF
FFFFFF
FFFFFF
FEFEFE
FFFFFE
D8D7D6
DFD6D3
E4DBD8
E3DAD7
E3DAD7
E3DAD7
E3DAD7
E3DAD7
E2D9D6
E6E5E4
FFFEFD
FFFFFF
FFFFFF
FFFFFF
FFFFFF
FFFFFF
FFFFFF
FFFFFF
FFFFFF
FFFFFF
FFFFFF
FFFEFF
FFFFFF
F2E8EB
ABA1A4
E0DEDF
FFFFFF
FFFFFF
FFFFFF
FFFFFF
FFFFFF
FFFFFF
FFFFFF
F7F2F2
D8D3D3
E3DAD7
E1D8D5
E1D9D6
E2DAD7
DCD9D8
F0EDEC
F5F2F1
E5E2E1
D8D0D1
DFD7D8
DFDDDE
FFFEFF
FFFFFF
CAC9C8
CAC9C8
FFFFFF
FFFFFF
FBFBFD
EDEEF4
E5E6EC
E1E5EB
E2E6EC
E1E5EB
E2E6EC
E1E6EE
E1E6EE
DEE5EF
DCE3ED
DAE1ED
D8DFEB
D8DCE7
D7DBE6
D6DBE3
D5DAE2
D5DAE2
D5DAE2
D5DAE2
D5DAE2
D5D9E4
D5D9E4
D5D9E4
D6DAE5
CCD0D6
B1B5BB
D6D7DD
DCDDE3
D5DAE0
D5DAE0
D5DAE2
D5DAE2
D5DAE0
D5DAE0
D4D9E1
D4D9E1
D5DAE0
D5DAE0
D9DDE3
E2E6EC
E2E6EC
E2E6EC
DEE3E9
D5DAE0
D3D8E0
D5DAE2
D5DAE0
D4D9DF
D5DADC
E6EBED
FEFEFF
FFFFFF
FFFFFF
FFFFFF
FFFFFF
FFFFFF
FFFFFF
FFFFFF
FFFFFF
FFFFFF
FFFFFF
FFFFFF
FFFFFF
FFFFFF
FFFFFF
FFFFFF
FFFFFF
FFFFFF
FFFFFF
FFFFFF
FFFFFF
FFFFFF
FFFFFF
FFFFFF
FFFFFF
FFFFFF
FFFFFF
FFFFFF
FFFFFF
FFFFFF
FFFFFF
FFFFFF
FFFFFF
FFFFFF
FFFFFF
FFFFFF
FFFFFF
FFFFFF
FDF3F6
E6DCDF
E3E3E7
E5E5E9
E9DEE0
ECE1E3
F1DBDF
F7E1E5
F6E0E4
F4DEE2
EBD7DA
E8D4D7
E8D2D4
E8D2D4
E2D9D8
FBF2F1
F9F9F9
F8F8F8
F8F8F8
F9F9F9
FFFAFB
DAD2D3
F9F7F8
FFFEFF
FFFFFF
FFFFFF
CFCBCC
E9E5E6
FFFFFF
FFFFFF
FFF4F4
B19F9F
B19393
C9ABAB
C4B2B2
C5B3B3
B9ABAC
D3C5C6
FFFFFF
FDFFFE
F8F8F8
F8F8F8
FFFFFF
FFFEFF
FFFFFF
FFFFFF
FFFFFF
FFFFFF
FFFFFF
FFFFFF
FFFFFF
FFFFFF
FFFFFF
FFFFFF
FFFFFF
FFFFFF
FFFFFF
FFFFFF
FFFFFF
FFFFFF
FFFFFF
FFFFFF
FCFFFF
FBFFFE
FFF5FB
937076
862030
CB6575
D46678
D6687A
B05F6A
82313C
E8DBD5
E7DAD4
E2DAD7
E2DAD7
DFDAD8
F1ECEA
FFFFFF
FFFFFF
FFFFFF
FEFEFF
FEFEFE
FEFEFE
FFFFFF
FFFFFF
FFFFFF
FFFFFF
F8F3F1
E1DCDA
E3DAD9
E4DBDA
D9D4D2
D4CFCD
FFFFFF
FFFFFF
FFFFFF
FFFFFF
FFFFFF
FFFFFF
FFFFFF
FFFFFF
FFFFFF
FFFFFF
FFFFFF
FFFFFF
FFFFFF
FFFFFF
FFFFFF
FFFFFF
FFFFFF
FFFFFF
FEFFFF
FEFFFF
F8F3F1
D2CDCB
E4DBD8
E3DAD7
E3DAD7
E3DAD7
E3DAD7
E3DAD7
E3DAD7
E2D9D6
EBE8E7
FFFFFE
FFFFFF
FFFFFF
FFFFFF
FFFFFF
FFFFFF
FFFFFF
FFFFFF
FFFFFF
FFFFFF
FFFFFF
FFFFFF
FFFFFF
FFF6F9
B7AEB1
C3BDBF
FFFBFD
FFFFFF
FFFFFF
FFFFFF
FFFFFF
FFFFFF
FEFEFE
FFFEFD
D8D7D6
E0D7D4
E2D9D6
E3DAD7
E2D9D6
DED9D7
F7F2F0
FFFCFB
E3E0DF
DFDAD8
DDD8D6
D7D2D2
F0EBEB
FFFFFE
FEFDFC
B2B1B0
ECEBEA
FFFFFF
FFFEFF
FFFFFF
F9F9FB
ECEDF3
E3E4EA
E0E4EA
E2E6EC
E2E6EC
E2E6EC
E2E6EC
E2E6EC
E0E5ED
DFE4EC
DDE1EC
DBDFEA
D7DEE8
D5DCE6
D6DAE5
D5D9E4
D5DAE2
D5DAE2
D6DAE2
D6DAE2
D6D9E4
D6D9E4
D7DCE2
DADFE5
D6DBE1
D5DAE0
D5DAE2
D5DAE2
D5DAE2
D5DAE2
D6DAE2
D6DAE2
D6DAE0
D6DAE0
D6DAE0
DBDFE5
E2E6EC
E3E7ED
E4E8EE
E0E4EA
D5DAE0
D4D9DF
D5D9DF
D5D9DF
D4D9DB
D5DADC
E9EBEC
FCFEFF
FFFFFF
FFFFFF
FFFFFF
FFFFFF
FFFFFF
FFFFFF
FFFFFF
FFFFFF
FFFFFF
FFFFFF
FFFFFF
FFFFFF
FFFFFF
FFFFFF
FFFFFF
FFFFFF
FFFFFF
FFFFFF
FFFFFF
FFFFFF
FFFFFF
FFFFFF
FFFFFF
FFFFFF
FFFFFF
FFFFFF
FFFFFF
FFFFFF
FFFFFF
FFFFFF
FFFFFF
FFFFFF
FFFFFF
FFFFFF
FFFFFF
FFFFFF
FFFFFF
FFFFFF
F4E8EC
E9DDE1
E3E3E7
E6E6EA
EADEE2
EBDFE3
F2DCE0
F7E1E5
F6E0E4
EED8DC
E8D2D6
E8D2D6
E9D3D7
E8D2D6
E6DDDE
FEF5F6
F8F8F8
F9F9F9
FBFBFB
FCFCFC
FFFFFE
EDEAE9
E6E2E3
FFFFFF
FFFFFF
FFFFFF
CBC7C8
F9F5F6
FFFFFF
FFFFFF
FFFCFD
C1B3B4
AD9192
C8ACAD
C4B2B2
C4B2B2
BBADAE
D1C3C4
FFFFFF
FDFFFE
F8F8F8
F8F8F8
FFFFFF
FFFEFF
FFFFFF
FFFFFF
FFFFFF
FFFFFF
FFFFFF
FFFFFF
FFFFFF
FFFFFF
FFFFFF
FFFFFF
FFFFFF
FFFFFF
FFFFFF
FFFFFF
FFFFFF
FFFFFF
FFFFFF
FFFFFF
FBFFFF
FCFFFF
FFD4DD
6E3A43
982C3E
CE6274
CF6375
D06476
BD6170
7E2231
D0BFBA
EEDDD8
E2DAD7
E2DAD7
E2DAD7
E4DCD9
EFECEB
F4F1F0
F5F5F7
FDFDFF
FFFFFF
FEFEFE
FFFFFF
FFFFFF
FFFFFF
FFFFFF
F2EAE9
E1D9D8
E3DAD9
E5DCDB
D2CDCB
E1DCDA
FFFFFF
FFFFFF
FFFFFF
FFFFFF
FFFFFF
FFFFFF
FFFFFF
FFFFFF
FFFFFF
FFFFFF
FFFFFF
FFFFFF
FFFFFF
FFFFFF
FFFFFF
FFFFFF
FFFFFF
FFFFFF
FFFFFF
FFFFFF
E2DDDB
D7D2D0
E4DBD8
E3DAD7
E3DAD7
E3DAD7
E3DAD7
E3DAD7
E3DAD7
E2D9D6
ECEBEA
FFFFFE
FFFFFF
FFFFFF
FFFFFF
FFFFFF
FFFFFF
FFFFFF
FFFFFF
FFFFFF
FFFFFF
FFFFFF
FFFFFF
FEFEFE
FFFDFF
C8BFC2
BDB5B6
EDE5E6
FFFFFF
FFFFFF
FFFFFF
FFFFFF
FFFFFF
FFFFFF
FFFFFF
E8E7E6
D8CFCC
E4DBD8
E3DAD7
E3DAD7
E0DBD9
F9F4F2
FFFFFF
E2DFDE
EEE6E5
D5CDCC
E6DEDF
DDD5D6
FAF9F8
FFFFFF
E6E5E4
ADACAB
FFFDFF
FFFEFF
FFFFFF
FFFFFF
FFFFFF
F6F6FA
E9EAF0
E3E4EA
E1E5EB
E2E6EC
E2E6EC
E2E6EC
E2E6EC
E2E6EC
E1E5ED
E0E4EC
DCE3ED
DAE1EB
D7E0EB
D5DEE9
D4DDE6
D2DBE4
D5DAE2
D5DAE2
D6DAE2
D6DAE2
D5DAE2
D5DAE2
D5DAE2
D5DAE2
D5DAE2
D5DAE2
D5DAE2
D5DAE2
D6DAE2
D6DAE2
D5D9DF
D6DAE0
DDE1E7
E3E7ED
E3E7ED
E4E8EE
DFE3E9
D7DBE1
D5D9E1
D5D9E1
D5D9DE
D4D8DD
DADCDD
EFF1F2
FCFEFF
FEFFFF
FFFFFF
FFFFFF
FFFFFF
FFFFFF
FFFFFF
FFFFFF
FFFFFF
FFFFFF
FFFFFF
FFFFFF
FFFFFF
FFFFFF
FFFFFF
FFFFFF
FFFFFF
FFFFFF
FFFFFF
FFFFFF
FFFFFF
FFFFFF
FFFFFF
FFFFFF
FFFFFF
FFFFFF
FFFFFF
FFFFFF
FFFFFF
FFFFFF
FFFFFF
FFFFFF
FFFFFF
FFFFFF
FFFFFF
FFFFFF
FFFFFF
FFFFFF
FFFEFF
FDFBFC
F1E3E6
EEE0E3
E3E1E6
E7E5EA
E9DFE2
E7DDE0
F3DDE1
F6E0E4
F3DDE1
E9D3D7
E9D1D5
EAD2D6
E9D3D7
E7D1D5
EDE7E9
FEF8FA
F8F8F8
FAFAFA
FCFCFC
FFFFFF
FEFEFE
FEFEFE
E9E5E6
F9F5F6
FFFFFF
F8F8F8
CCCACB
FFFEFF
FEFFFF
FDFFFE
FFFEFF
D9D0D1
A88C8D
C7ABAC
C5B3B3
C4B2B2
BFB1B2
C9BBBC
FFFFFF
FEFEFE
F8F8F8
F7F7F7
FFFFFF
FFFFFF
FFFFFF
FFFFFF
FFFFFF
FFFFFF
FFFFFF
FFFFFF
FFFFFF
FFFFFF
FFFFFF
FFFFFF
FFFFFF
FFFFFF
FFFFFF
FFFFFF
FFFFFF
FFFFFF
FFFFFF
FFFFFF
FEFFFF
FFFFFF
D7909C
6D2632
A13547
D16577
D16375
D26476
C06272
771929
AC9592
F6DFDC
E2DAD7
E2DAD7
E2DAD7
E2DAD7
E0DBD7
E0DBD7
E0DDDC
F2EFEE
FFFFFF
FEFEFE
FEFEFE
FFFFFF
FFFEFF
FFFEFF
F1E9E8
E1D9D8
E3DAD9
E4DBDA
CCC7C7
EDE8E8
FFFFFF
FFFFFF
FFFFFF
FFFFFF
FFFFFF
FFFFFF
FFFFFF
FFFFFF
FFFFFF
FFFFFF
FFFFFF
FFFFFF
FFFFFF
FFFFFF
FFFFFF
FFFFFF
FFFFFF
FEFEFE
FFFEFF
FBF9FA
D2CAC7
E0D8D5
E3DAD7
E3DAD7
E3DAD7
E3DAD7
E3DAD7
E3DAD7
E2D9D6
E1D8D5
EEEDEC
FFFFFF
FFFFFF
FFFFFF
FFFFFF
FFFFFF
FFFFFF
FFFFFF
FFFFFF
FFFFFF
FFFFFF
FFFFFF
FFFFFF
FEFEFE
FFFFFF
D9D4D4
C3BBBA
D2CAC9
FFFFFF
FFFFFF
FFFFFF
FFFFFF
FFFFFF
FFFFFF
FFFFFF
F9F9F9
D3CBCA
E2DAD9
E3DAD7
E3DAD7
DFDAD8
FAF5F3
FFFFFF
EAE7E6
EFE7E6
D8D0CF
E6DEDD
E4DCDB
E1E0DF
FFFEFD
FFFFFF
BEBCBD
C1BFC2
FFFDFF
FFFFFF
FEFEFF
FEFEFF
FFFFFF
FEFEFF
F5F5F9
E6E7ED
E2E3E9
E2E6EC
E2E6EC
E2E6EC
E2E6EC
E2E6EC
E2E6EC
E1E6EE
E0E5ED
DCE5EE
DAE3EC
D7E1EA
D4DEE7
D5DDE4
D4DCE3
D6DAE2
D6DAE2
D5DAE2
D5DAE2
D5DAE2
D5DAE2
D5DAE2
D5DAE2
D6DAE2
D6DAE2
D5D9E1
D5D9E1
D9DDE3
E0E4EA
E2E6EC
E3E7ED
E2E6EC
DCE0E6
D6DAE2
D6DAE2
D6DAE0
D5D9DF
D6D8DB
DDDFE2
F6F6F6
FFFFFF
FFFFFF
FFFFFF
FFFFFF
FFFFFF
FFFFFF
FFFFFF
FFFFFF
FFFFFF
FFFFFF
FFFFFF
FFFFFF
FFFFFF
FFFFFF
FFFFFF
FFFFFF
FFFFFF
FFFFFF
FFFFFF
FFFFFF
FFFFFF
FFFFFF
FFFFFF
FFFFFF
FFFFFF
FFFFFF
FFFFFF
FFFFFF
FFFFFF
FFFFFF
FFFFFF
FFFFFF
FFFFFF
FFFFFF
FFFFFF
FFFFFF
FFFFFF
FFFFFF
FFFFFF
FFFFFF
F9F7F8
F3E1E5
F4E2E6
E1DFE2
E7E5E8
E9DFE2
E6DCDF
F5DFE3
F6E0E4
F0DADE
E9D3D7
EAD2D6
EBD3D7
E8D4D7
E9D5D8
F7F3F4
FDF9FA
FAFAFA
FCFCFC
FEFEFE
FFFFFF
FEFEFE
FDFDFD
FCFCFC
F7F7F7
FFFEFF
F1EFF0
D5D3D4
FFFFFF
FEFFFF
FEFFFF
FFFFFF
F5F0F0
AA9191
C2A9A9
C6B2B3
C5B1B2
C0B2B3
C0B2B3
FDFDFD
FEFEFE
FBF9FA
F6F4F5
FFFFFF
FFFFFF
FFFFFF
FFFFFF
FFFFFF
FFFFFF
FFFFFF
FFFFFF
FFFFFF
FFFFFF
FFFFFF
FFFFFF
FFFFFF
FFFFFF
FFFFFF
FFFFFF
FFFFFF
FFFFFF
FEFFFF
FEFFFF
FFFEFF
F7F1F3
A9515F
79212F
A73D4E
D16778
CE6274
D06476
C66271
7F1B2A
7F5E5D
F8D7D6
E2DBD5
E2DBD5
E3DAD9
E3DAD9
E2DAD7
E2DAD7
E0DBD9
E1DCDA
F0F0F0
FFFFFF
FFFFFF
FFFFFF
FFFEFF
FFFFFF
F3EBEA
E2DAD9
E3DAD9
E4DBDA
C7C2C2
F8F3F3
FFFFFF
FFFFFF
FFFFFF
FFFFFF
FFFFFF
FFFFFF
FFFFFF
FFFFFF
FFFFFF
FFFFFF
FFFFFF
FFFFFF
FFFFFF
FFFFFF
FFFFFF
FFFFFF
FFFFFF
FFFFFF
FFFFFF
E5E1E2
D6CDCA
E5DCD9
E3DAD7
E3DAD7
E3DAD7
E3DAD7
E3DAD7
E3DAD7
E2D9D6
E2D9D6
F1F0EF
FFFFFF
FFFFFF
FFFFFF
FFFFFF
FFFFFF
FFFFFF
FFFFFF
FFFFFF
FFFFFF
FFFFFF
FFFFFF
FFFFFF
FFFFFF
FFFFFF
EFECEB
C0B8B7
CEC6C5
F2F1F0
FFFFFF
FFFFFF
FFFFFF
FFFFFF
FFFFFF
FFFFFF
FFFFFF
E0D8D7
DBD3D2
E4DBD8
E3DAD7
DFDAD8
FAF5F3
FFFFFF
F6F3F2
E6E1DF
E5E0DE
DDD5D2
E6DEDB
DDDCD9
EEEDEA
FFFFFF
F8F6F7
A2A0A3
D7D5D8
F5F5F7
FDFDFF
FFFFFF
FFFFFF
FFFFFF
FFFFFF
FBFDFF
EEF0F3
E1E5EA
E1E5EA
E2E6EC
E2E6EC
E2E6EC
E2E6EC
E2E6EC
E2E6EC
E1E6EE
E1E6EE
DDE4EE
DBE2EC
D8E1EC
D6DFEA
D8DDE5
D6DBE3
D5DAE2
D5DAE2
D5DAE2
D5DAE2
D5DAE2
D5DAE2
D6DAE2
D5D9E1
D7DBE3
DCE0E8
E1E5EB
E2E6EC
E3E7ED
E0E4EA
D9DDE3
D5D9DF
D6DAE2
D6DAE2
D5D9DE
D5D9DE
DFE1E0
F8FAF9
FFFFFF
FFFFFF
FFFFFF
FFFFFF
FFFFFF
FFFFFF
FFFFFF
FFFFFF
FFFFFF
FFFFFF
FFFFFF
FFFFFF
FFFFFF
FFFFFF
FFFFFF
FFFFFF
FFFFFF
FFFFFF
FFFFFF
FFFFFF
FFFFFF
FFFFFF
FFFFFF
FFFFFF
FFFFFF
FFFFFF
FFFFFF
FFFFFF
FFFFFF
FFFFFF
FFFFFF
FFFFFF
FFFFFF
FFFFFF
FFFFFF
FFFFFF
FFFFFF
FFFFFF
FEFFFF
FEFFFF
FFFFFF
F8F6F7
F0DFE5
F3E2E8
E6DDE0
EAE1E4
E8DFE0
E4DBDC
F0DCDF
F0DCDF
ECD6DA
E7D1D5
E9D1D5
EAD2D6
E6D4D8
F2E0E4
FAF8FB
FBF9FC
FDFDFD
FEFEFE
FFFFFF
FFFFFF
FEFEFE
FEFEFE
FEFEFE
FFFFFF
FFFFFF
E8E6E7
E1DFE0
FFFFFF
FEFFFF
FEFFFF
FFFFFE
FFFFFF
C3ADAF
B39D9F
C6B5B2
C4B3B0
C1B3B4
BBADAE
F3F3F3
FFFFFF
FCFCFC
F3F3F3
FFFFFF
FFFFFF
FFFFFF
FFFFFF
FFFFFF
FFFFFF
FFFFFF
FFFFFF
FFFFFF
FFFFFF
FFFFFF
FFFFFF
FFFFFF
FFFFFF
FFFFFF
FFFFFF
FFFFFF
FFFFFF
FEFFFF
FDFFFE
FFFCFE
CBB9BB
9F3949
811B2B
B24859
D16778
CE6475
CE6475
C96373
872131
683639
F0BEC1
E5DDDA
E2DAD7
E3DAD7
E3DAD7
E3DAD7
E3DAD7
E3DAD7
E2D9D6
E2DFDE
FBF8F7
FFFFFF
FFFFFF
FFFFFF
FFFFFF
F6EEED
E2DAD9
E3DAD9
E2D9D8
C8C3C3
FFFAFA
FFFFFF
FFFFFF
FFFFFF
FFFFFF
FFFFFF
FFFFFF
FFFFFF
FFFFFF
FFFFFF
FFFFFF
FFFFFF
FFFFFF
FFFFFF
FFFFFF
FFFFFF
FFFFFF
FEFEFE
FEFEFE
FFFCFC
D6D1D1
DFD6D3
E3DAD7
E3DAD7
E3DAD7
E3DAD7
E3DAD7
E3DAD7
E3DAD7
E3DAD7
E3DAD7
F4F3F2
FFFFFF
FFFFFF
FFFFFF
FFFFFF
FFFFFF
FFFFFF
FFFFFF
FFFFFF
FFFFFF
FFFFFF
FFFFFF
FFFFFF
FFFFFF
FFFFFE
FEFDFC
BFB6B3
D9D0CD
D9D6D5
FFFFFF
FFFFFF
FFFFFF
FFFFFF
FFFFFF
FFFFFF
FFFFFF
F5F0F0
CFCACA
E4DBDA
E3DAD9
DEDBD8
F8F5F2
FFFFFE
FDFCFB
DEDBDA
F4F1F0
D9D1CE
E4DCD9
E2DDD9
DCD7D3
FAF8F9
FFFFFF
DEDEE2
A3A3A7
E7E9EC
E8EAED
F5F7F8
FEFFFF
FFFFFF
FFFFFF
FFFFFF
FFFFFF
F6F7FD
E9EAF0
E1E5EB
E1E5EB
E2E6EC
E2E6EC
E2E6EB
E2E6EB
E2E6EC
E2E6EC
E2E6EE
E2E6EE
DEE5EF
DCE3ED
DAE1EB
D8DFE9
D5DCE6
D4DBE5
D5DAE2
D5DAE2
D5DAE0
D4D9DF
D5D9DF
D9DDE3
E0E4EA
E2E6EC
E1E6EC
E2E7ED
DEE2E8
D7DBE1
D4D9E1
D4D9E1
D6DAE2
D5D9E1
D5D7DA
E4E6E9
FAFAFA
FFFFFF
FFFFFF
FFFFFF
FFFFFF
FFFFFF
FFFFFF
FFFFFF
FFFFFF
FFFFFF
FFFFFF
FFFFFF
FFFFFF
FFFFFF
FFFFFF
FFFFFF
FFFFFF
FFFFFF
FFFFFF
FFFFFF
FFFFFF
FFFFFF
FFFFFF
FFFFFF
FFFFFF
FFFFFF
FFFFFF
FFFFFF
FFFFFF
FFFFFF
FFFFFF
FFFFFF
FFFFFF
FFFFFF
FFFFFF
FFFFFF
FFFFFF
FFFFFF
FFFFFF
FFFFFF
FEFFFF
FEFFFF
FFFFFF
FFFFFF
FBEFF3
EEE2E6
EDDEE3
E8D9DE
EFDDE1
F2E0E4
F5DFE3
F6E0E4
F2DCE0
E9D3D7
E8D0D4
E9D1D5
E7D6DC
FDECF2
FAF8FB
FDFBFE
FFFFFF
FFFFFF
FFFFFF
FFFFFF
FFFFFF
FFFFFF
FFFFFF
FFFFFF
FFFFFF
E6E4E5
EAE8E9
FFFFFF
FFFFFF
FFFFFF
FFFFFE
FFFFFF
EDDDDD
A79797
C7B4B2
C5B2B0
C2B2B2
BAAAAA
EAE6E7
FFFFFF
FEFEFE
F3F3F3
FDFDFD
FFFFFF
FFFFFF
FFFFFF
FFFFFF
FFFFFF
FFFFFF
FFFFFF
FFFFFF
FFFFFF
FFFFFF
FFFFFF
FFFFFF
FFFFFF
FFFFFF
FFFFFF
FFFFFF
FFFFFF
FCFFFF
FCFFFF
FFF2F7
9F7F84
9F3546
841A2B
BC5263
D06677
CE6475
CE6475
CC6676
902A3A
61232A
CF9198
E9E1DE
E2DAD7
E3DAD7
E3DAD7
E3DAD7
E3DAD7
E3DAD7
E3DAD7
E1D9D8
E9E1E0
FBFBFB
FFFFFF
FFFFFF
FFFFFF
F9F4F4
E1DCDC
E3DAD9
DFD6D5
CCC9C8
FFFFFF
FEFEFE
FFFFFF
FFFFFF
FFFFFF
FFFFFF
FFFFFF
FFFFFF
FFFFFF
FFFFFF
FFFFFF
FFFFFF
FFFFFF
FFFFFF
FFFFFF
FFFFFF
FFFFFF
FEFEFE
FFFFFF
F8F0EF
D8D0CF
E3DAD7
E3DAD7
E3DAD7
E3DAD7
E3DAD7
E3DAD7
E3DAD7
E3DAD7
E3DAD7
E4DBD8
F7F6F5
FFFFFF
FFFFFF
FFFFFF
FFFFFF
FFFFFF
FFFFFF
FFFFFF
FFFFFF
FFFFFF
FFFFFF
FFFFFF
FFFFFF
FFFFFF
FFFFFE
FFFFFF
C8BFBC
DAD1CE
CCC9C8
FCF9F8
FFFFFF
FFFFFF
FFFFFF
FFFFFF
FFFFFF
FDFDFD
FFFEFD
D3D0CF
DFD6D5
E3DAD9
DEDBDA
F7F4F3
FFFFFE
FFFFFF
DDDCDB
F6F5F4
D8D3D1
E0DBD9
E2DBD5
E1DAD4
E0DFDE
FFFFFE
FFFFFF
B6B6BA
BDBFC2
E9EBEE
E3E5E8
EBEDF0
F8FAFB
FEFFFF
FFFFFF
FFFFFF
FFFFFF
FEFEFF
F1F5FA
E4E8ED
E1E5EB
E2E6EC
E2E6EC
E2E6EC
E2E6EC
E2E6EC
E2E6EC
E2E6EC
E1E6EC
E1E6EC
DEE6ED
DDE5EC
DBE2EC
D8DFE9
D6DDE7
D5DCE6
D6DBE3
D7DCE4
DEE2E8
E3E7ED
E2E6EB
E2E6EB
E1E6EB
DBE0E5
D5DAE2
D4D9E1
D5DAE2
D5DAE2
D7D8DF
D7D8DF
EAEAEA
FDFDFD
FFFFFF
FFFFFF
FFFFFF
FFFFFF
FFFFFF
FFFFFF
FFFFFF
FFFFFF
FFFFFF
FFFFFF
FFFFFF
FFFFFF
FFFFFF
FFFFFF
FFFFFF
FFFFFF
FFFFFF
FFFFFF
FFFFFF
FFFFFF
FFFFFF
FFFFFF
FFFFFF
FFFFFF
FFFFFF
FFFFFF
FFFFFF
FFFFFF
FFFFFF
FFFFFF
FFFFFF
FFFFFF
FFFFFF
FFFFFF
FFFFFF
FFFFFF
FFFFFF
FFFFFF
FFFFFF
FFFFFF
FFFFFF
FFFFFF
FFFFFF
FFFFFF
FFFFFF
F5F1F2
EEDCE0
F0DEE2
F6E0E6
F6E0E6
F8E0E4
F8E0E4
EED8DC
E7D1D5
E7D1D5
E7D1D5
EEE2E6
FFF5F9
FBFBFB
FEFEFE
FFFFFF
FFFFFF
FFFFFF
FFFFFF
FFFFFF
FFFFFF
FFFFFF
FFFFFF
FFFFFF
E4E4E4
EDEDED
FFFFFF
FFFFFF
FFFFFF
FEFFFF
FEFFFF
FFFDFC
B8AFAE
BCA9A7
C6B3B1
C4B2B2
BEACAC
D8D3D3
FFFFFF
FFFFFF
F4F4F4
F9F9F9
FFFFFF
FFFFFF
FFFFFF
FFFFFF
FFFFFF
FFFFFF
FFFFFF
FFFFFF
FFFFFF
FFFFFF
FFFFFF
FFFFFF
FFFFFF
FFFFFF
FFFFFF
FFFFFF
FFFFFF
FCFFFF
FDFFFF
FBC7CE
956168
992B3C
8C1E2F
C35C6C
CD6676
CE6274
CF6375
CF6979
952F3F
6D1D28
A95964
E7DFD9
E3DBD5
E3DAD7
E3DAD7
E3DAD7
E3DAD7
E3DAD7
E3DAD7
E3DAD7
E2D9D6
E8E7E6
FEFDFC
FFFFFF
FFFFFF
FDF8F8
E2DDDD
E4DBDA
D8CFCE
D6D3D2
FFFFFF
FEFEFE
FFFFFF
FFFFFF
FFFFFF
FFFFFF
FFFFFF
FFFFFF
FFFFFF
FFFFFF
FFFFFF
FFFFFF
FFFFFF
FFFFFF
FFFFFF
FFFFFF
FFFFFF
FFFDFE
FFFEFF
E6DEDD
DFD7D6
E3DAD7
E3DAD7
E3DAD7
E3DAD7
E3DAD7
E3DAD7
E3DAD7
E3DAD7
E3DAD9
E6DDDC
FAF9F8
FFFFFF
FFFFFF
FFFFFF
FFFFFF
FFFFFF
FFFFFF
FFFFFF
FFFFFF
FFFFFF
FFFFFF
FFFFFF
FFFFFF
FFFFFF
FFFFFF
FFFFFF
DDD5D4
CBC3C2
D5D0CE
E3DEDC
FFFFFF
FFFFFF
FFFFFF
FFFFFF
FFFFFF
FEFEFE
FFFFFF
EBEAE9
D6CDCC
E4DBDA
DEDBD8
F5F2EF
FFFFFE
FFFFFF
EAE7E6
EFECEB
E3DEDC
DAD5D3
E4DCD6
E5DDD7
D8D5D4
F0EDEC
FFFFFF
E9EBEE
9A9C9F
DCDEE1
E5E7EA
E2E4E7
E4E6E9
F0F2F5
FEFEFF
FFFFFF
FEFEFF
FEFEFF
FFFFFF
FCFCFE
EBEFF4
E1E5EA
E1E5EB
E2E6EC
E2E6EC
E2E6EC
E2E6EB
E2E6EB
E2E6EC
E2E6EC
E2E6EC
E2E6EC
E1E6EE
DFE4EC
D9E0EA
D7DEE8
DADEE9
E0E4EF
E5E9EF
E5E9EF
E3E7EC
DEE2E7
D8DCE2
D6DAE0
D5DAE2
D5DAE2
D6DAE0
D4D8DE
DADCDF
EFF1F4
FFFFFF
FFFFFF
FFFFFF
FFFFFF
FFFFFF
FFFFFF
FFFFFF
FFFFFF
FFFFFF
FFFFFF
FFFFFF
FFFFFF
FFFFFF
FFFFFF
FFFFFF
FFFFFF
FFFFFF
FFFFFF
FFFFFF
FFFFFF
FFFFFF
FFFFFF
FFFFFF
FFFFFF
FFFFFF
FFFFFF
FFFFFF
FFFFFF
FFFFFF
FFFFFF
FFFFFF
FFFFFF
FFFFFF
FFFFFF
FFFFFF
FFFFFF
FFFFFF
FFFFFF
FFFFFF
FFFFFF
FFFFFF
FFFFFF
FFFFFF
FFFFFF
FEFFFF
FEFFFF
FFFFFF
FAFAFA
EFDFE3
F2E2E6
F5DFE5
F6E0E6
F7DFE5
F8E0E6
EBD7DA
E6D2D5
E6D2D5
EAD6D9
F8F2F4
FFFAFC
FCFCFC
FEFEFE
FFFFFF
FFFFFF
FFFFFF
FFFFFF
FFFFFF
FFFFFF
FFFFFF
FFFFFF
FFFFFF
E9E9E9
F0F0F0
FFFFFF
FFFFFF
FFFFFF
FEFFFF
FEFFFF
FFFFFF
E9E6E5
AE9C9C
C3B1B1
C4B2B2
C2B0B0
C6BEBD
FFFCFB
FFFFFF
F9F8F7
F3F3F3
FEFEFE
FFFFFF
FFFFFF
FFFFFF
FFFFFF
FFFFFF
FFFFFF
FFFFFF
FFFFFF
FFFFFF
FFFFFF
FFFFFF
FFFFFF
FFFFFF
FFFFFF
FFFFFF
FFFFFF
FEFFFF
FFFFFF
D58C97
A35A65
8F2132
932536
C96272
CC6575
CE6274
CF6375
D16A7A
9A3343
761A29
983C4B
E4D7D3
E7DAD6
E2DAD7
E2DAD7
E3DAD7
E3DAD7
E3DAD7
E3DAD7
E3DAD7
E3DAD7
E2DAD9
F3EBEA
FFFFFF
FFFFFF
FFFCFB
E5E2E1
E3DBDA
D3CBCA
DEDDDC
FFFFFF
FFFFFF
FFFFFF
FFFFFF
FFFFFF
FFFFFF
FFFFFF
FFFFFF
FFFFFF
FFFFFF
FFFFFF
FFFFFF
FFFFFF
FFFFFF
FFFFFF
FFFFFF
FFFFFF
FFFEFF
FBF9FA
DFD6D5
E5DCDB
E3DAD7
E3DAD7
E3DAD7
E3DAD7
E3DAD7
E3DAD7
E3DAD7
E3DAD7
E2D9D8
E7DEDD
FBF9FA
FFFFFF
FFFFFF
FFFFFF
FFFFFF
FFFFFF
FFFFFF
FFFFFF
FFFFFF
FFFFFF
FFFFFF
FFFFFF
FFFFFF
FFFFFF
FFFFFF
FFFFFF
F3EEEC
BBB6B4
E4DCDB
CEC6C5
FDFDFD
FFFFFF
FFFFFF
FFFFFF
FFFFFF
FFFFFF
FFFEFF
FFFEFF
DED6D5
E0D8D7
DEDBD8
F1EEEB
FFFFFF
FFFFFF
F8F5F4
E2DFDE
F3EEEC
D1CCCA
E6DED8
E4DCD6
E1DCDA
DFDAD8
FBFBFD
FCFCFE
C2C2C6
ADADB1
E9EAF0
E4E5EB
E3E4EA
E2E3E9
EBEBEF
F9F9FD
FFFFFF
FFFFFF
FFFFFF
FFFFFF
FEFFFF
F6F8F9
E9EAF1
E3E4EB
E2E6EC
E2E6EC
E2E6EB
E2E6EB
E2E6EC
E2E6EC
E2E6EC
E2E6EC
E0E4EA
E0E4EA
EAEEF4
F2F6FC
EDF1F7
E3E7ED
DFE4EA
E1E6EC
DBE0E6
D4D9DF
D5DAE0
D5DAE0
D6DAE0
D7DBE1
D7D9DC
E2E4E7
F8F8FA
FFFFFF
FFFFFF
FFFFFF
FFFFFF
FFFFFF
FFFFFF
FFFFFF
FFFFFF
FFFFFF
FFFFFF
FFFFFF
FFFFFF
FFFFFF
FFFFFF
FFFFFF
FFFFFF
FFFFFF
FFFFFF
FFFFFF
FFFFFF
FFFFFF
FFFFFF
FFFFFF
FFFFFF
FFFFFF
FFFFFF
FFFFFF
FFFFFF
FFFFFF
FFFFFF
FFFFFF
FFFFFF
FFFFFF
FFFFFF
FFFFFF
FFFFFF
FFFFFF
FFFFFF
FFFFFF
FFFFFF
FFFFFF
FFFFFF
FFFFFF
FFFFFF
FFFFFF
FFFFFF
FFFFFF
FFFFFF
FAF8F9
F3DFE4
F5E1E6
F6E0E6
F6E0E6
F4E0E5
F6E2E7
ECD8DB
E6D2D5
E2D2D6
F1E1E5
FFFDFE
FFFDFE
FEFEFE
FEFEFE
FFFFFF
FFFFFF
FFFFFF
FFFFFF
FFFFFF
FFFFFF
FFFFFF
FFFFFF
FFFFFF
EEEEEE
F0F2F1
FFFFFF
FFFFFF
FFFFFF
FFFFFF
FFFFFF
FEFEFE
FFFFFF
DBCBCD
B7A7A9
C4B2B2
C5B3B3
BAB1B0
F8EFEE
FFFFFF
FEFDFC
EFEDEE
FDFBFC
FFFFFF
FFFFFF
FFFFFF
FFFFFF
FFFFFF
FFFFFF
FFFFFF
FFFFFF
FFFFFF
FFFFFF
FFFFFF
FFFFFF
FFFFFF
FFFFFF
FFFFFF
FFFFFF
FFFFFF
F6F4F5
B96370
AE5865
861C2A
982E3C
CC6575
CB6474
CE6274
CF6375
D16A7A
AA4353
7A1C2C
882A3A
D8C9C6
EBDCD9
E2DAD7
E2DAD7
E3DAD7
E3DAD7
E3DAD7
E3DAD7
E3DAD7
E3DAD7
E2D9D6
E4DBD8
F2F2F2
FFFFFF
FFFFFE
F1EEED
E3DBDA
CEC6C5
E9E8E7
FFFFFF
FFFFFF
FFFFFF
FFFFFF
FFFFFF
FFFFFF
FFFFFF
FFFFFF
FFFFFF
FFFFFF
FFFFFF
FFFFFF
FFFFFF
FFFFFF
FFFFFF
FFFFFF
FFFFFF
FFFFFF
ECEAEB
E3DAD7
E4DBD8
E3DAD7
E3DAD7
E3DAD7
E3DAD7
E3DAD7
E3DAD7
E3DAD9
E3DAD9
E3DAD9
E7DEDD
FCFAFB
FFFEFF
FFFFFF
FFFFFF
FFFFFF
FFFFFF
FFFFFF
FFFFFF
FFFFFF
FFFFFF
FFFFFF
FFFFFF
FFFFFF
FFFFFF
FFFFFF
FFFFFF
FFFCFC
BDB8B8
E3DAD7
D2C9C6
E8E8E8
FFFFFF
FFFFFF
FFFFFF
FFFFFF
FFFFFF
FFFFFF
FFFFFF
F5EDEE
DED6D7
DDDAD9
ECE9E8
FFFFFF
FFFFFE
FFFFFE
E0DDDC
FDF8F6
D0CBC9
E5DED8
E3DCD6
E0DBD9
E1DCDA
E4E2E5
FFFDFF
F2F2F6
9C9CA0
D2D3D9
E6E7ED
E4E5EB
E4E5EB
E4E4E8
E5E5E9
F1F1F5
FDFDFF
FFFFFF
FFFFFF
FFFFFF
FFFFFF
FCFDFF
EEEFF5
E1E5EB
E2E6EC
E2E6EC
E2E6EC
E2E6EC
E2E6EC
E2E6EC
E2E6EC
E7ECEE
F5FAFC
FEFFFF
FEFFFF
FDFFFF
FAFCFD
E7ECF2
DBE0E6
D7DEE8
D5DCE6
D6DBE3
D6DBE3
DADBE1
D9DAE0
EAEAEA
FDFDFD
FFFFFF
FFFFFF
FFFFFF
FFFFFF
FFFFFF
FFFFFF
FFFFFF
FFFFFF
FFFFFF
FFFFFF
FFFFFF
FFFFFF
FFFFFF
FFFFFF
FFFFFF
FFFFFF
